hub_id,hub_name,crop_id,crop_name,date,demand_kg,avg_price_per_kg,is_synthetic,generator_version
1,Delhi North,1,Tomato,2024-10-01,1232.8,26.35,True,1.0
1,Delhi North,1,Tomato,2024-10-02,1131.2,27.42,True,1.0
1,Delhi North,1,Tomato,2024-10-03,1032.3,27.62,True,1.0
1,Delhi North,1,Tomato,2024-10-04,1711.8,26.36,True,1.0
1,Delhi North,1,Tomato,2024-10-05,1155.0,26.19,True,1.0
1,Delhi North,1,Tomato,2024-10-06,878.6,27.77,True,1.0
1,Delhi North,1,Tomato,2024-10-07,1004.5,25.73,True,1.0
1,Delhi North,1,Tomato,2024-10-08,1417.5,25.82,True,1.0
1,Delhi North,1,Tomato,2024-10-09,1303.0,27.15,True,1.0
1,Delhi North,1,Tomato,2024-10-10,1095.8,26.44,True,1.0
1,Delhi North,1,Tomato,2024-10-11,1127.0,26.08,True,1.0
1,Delhi North,1,Tomato,2024-10-12,1380.9,26.26,True,1.0
1,Delhi North,1,Tomato,2024-10-13,973.0,27.58,True,1.0
1,Delhi North,1,Tomato,2024-10-14,1081.9,26.85,True,1.0
1,Delhi North,1,Tomato,2024-10-15,982.8,26.48,True,1.0
1,Delhi North,1,Tomato,2024-10-16,1134.7,26.21,True,1.0
1,Delhi North,1,Tomato,2024-10-17,1260.6,28.05,True,1.0
1,Delhi North,1,Tomato,2024-10-18,1224.2,29.38,True,1.0
1,Delhi North,1,Tomato,2024-10-19,1068.7,29.32,True,1.0
1,Delhi North,1,Tomato,2024-10-20,984.9,28.74,True,1.0
1,Delhi North,1,Tomato,2024-10-21,809.8,28.62,True,1.0
1,Delhi North,1,Tomato,2024-10-22,1240.6,29.13,True,1.0
1,Delhi North,1,Tomato,2024-10-23,1138.0,27.5,True,1.0
1,Delhi North,1,Tomato,2024-10-24,981.5,28.03,True,1.0
1,Delhi North,1,Tomato,2024-10-25,1308.9,26.49,True,1.0
1,Delhi North,1,Tomato,2024-10-26,1290.4,25.89,True,1.0
1,Delhi North,1,Tomato,2024-10-27,873.6,26.62,True,1.0
1,Delhi North,1,Tomato,2024-10-28,1036.2,25.36,True,1.0
1,Delhi North,1,Tomato,2024-10-29,1201.8,25.42,True,1.0
1,Delhi North,1,Tomato,2024-10-30,981.2,24.93,True,1.0
1,Delhi North,1,Tomato,2024-10-31,1204.1,24.99,True,1.0
1,Delhi North,1,Tomato,2024-11-01,1740.4,23.27,True,1.0
1,Delhi North,1,Tomato,2024-11-02,1340.8,22.77,True,1.0
1,Delhi North,1,Tomato,2024-11-03,715.8,23.11,True,1.0
1,Delhi North,1,Tomato,2024-11-04,1683.4,24.45,True,1.0
1,Delhi North,1,Tomato,2024-11-05,1108.2,24.62,True,1.0
1,Delhi North,1,Tomato,2024-11-06,1106.7,24.84,True,1.0
1,Delhi North,1,Tomato,2024-11-07,1098.2,25.48,True,1.0
1,Delhi North,1,Tomato,2024-11-08,1295.4,24.77,True,1.0
1,Delhi North,1,Tomato,2024-11-09,950.8,25.09,True,1.0
1,Delhi North,1,Tomato,2024-11-10,975.1,24.52,True,1.0
1,Delhi North,1,Tomato,2024-11-11,1203.4,23.48,True,1.0
1,Delhi North,1,Tomato,2024-11-12,1198.3,23.65,True,1.0
1,Delhi North,1,Tomato,2024-11-13,1264.6,24.41,True,1.0
1,Delhi North,1,Tomato,2024-11-14,1145.2,24.77,True,1.0
1,Delhi North,1,Tomato,2024-11-15,1136.8,24.75,True,1.0
1,Delhi North,1,Tomato,2024-11-16,1559.9,26.48,True,1.0
1,Delhi North,1,Tomato,2024-11-17,805.2,26.21,True,1.0
1,Delhi North,1,Tomato,2024-11-18,969.5,26.42,True,1.0
1,Delhi North,1,Tomato,2024-11-19,894.3,27.52,True,1.0
1,Delhi North,1,Tomato,2024-11-20,1154.6,25.57,True,1.0
1,Delhi North,1,Tomato,2024-11-21,1221.2,24.45,True,1.0
1,Delhi North,1,Tomato,2024-11-22,1392.3,25.63,True,1.0
1,Delhi North,1,Tomato,2024-11-23,1237.6,24.62,True,1.0
1,Delhi North,1,Tomato,2024-11-24,804.7,24.48,True,1.0
1,Delhi North,1,Tomato,2024-11-25,1066.0,25.1,True,1.0
1,Delhi North,1,Tomato,2024-11-26,904.4,25.38,True,1.0
1,Delhi North,1,Tomato,2024-11-27,1157.4,26.2,True,1.0
1,Delhi North,1,Tomato,2024-11-28,1161.1,26.57,True,1.0
1,Delhi North,1,Tomato,2024-11-29,1072.8,26.48,True,1.0
1,Delhi North,1,Tomato,2024-11-30,1278.5,25.04,True,1.0
1,Delhi North,1,Tomato,2024-12-01,823.3,25.16,True,1.0
1,Delhi North,1,Tomato,2024-12-02,1027.9,24.88,True,1.0
1,Delhi North,1,Tomato,2024-12-03,1086.6,23.53,True,1.0
1,Delhi North,1,Tomato,2024-12-04,1128.9,24.45,True,1.0
1,Delhi North,1,Tomato,2024-12-05,1043.9,24.67,True,1.0
1,Delhi North,1,Tomato,2024-12-06,1171.8,24.26,True,1.0
1,Delhi North,1,Tomato,2024-12-07,1323.0,23.76,True,1.0
1,Delhi North,1,Tomato,2024-12-08,780.2,22.77,True,1.0
1,Delhi North,1,Tomato,2024-12-09,1164.1,22.97,True,1.0
1,Delhi North,1,Tomato,2024-12-10,1218.5,23.27,True,1.0
1,Delhi North,1,Tomato,2024-12-11,1165.2,22.61,True,1.0
1,Delhi North,1,Tomato,2024-12-12,1074.7,23.44,True,1.0
1,Delhi North,1,Tomato,2024-12-13,1215.9,22.51,True,1.0
1,Delhi North,1,Tomato,2024-12-14,1022.5,21.23,True,1.0
1,Delhi North,1,Tomato,2024-12-15,1023.1,22.28,True,1.0
1,Delhi North,1,Tomato,2024-12-16,1059.5,22.1,True,1.0
1,Delhi North,1,Tomato,2024-12-17,1171.5,22.13,True,1.0
1,Delhi North,1,Tomato,2024-12-18,1193.0,21.69,True,1.0
1,Delhi North,1,Tomato,2024-12-19,1049.4,20.9,True,1.0
1,Delhi North,1,Tomato,2024-12-20,1238.9,22.08,True,1.0
1,Delhi North,1,Tomato,2024-12-21,1302.7,21.68,True,1.0
1,Delhi North,1,Tomato,2024-12-22,1187.2,22.88,True,1.0
1,Delhi North,1,Tomato,2024-12-23,846.8,23.16,True,1.0
1,Delhi North,1,Tomato,2024-12-24,1288.9,22.6,True,1.0
1,Delhi North,1,Tomato,2024-12-25,1248.2,21.72,True,1.0
1,Delhi North,1,Tomato,2024-12-26,1367.1,21.32,True,1.0
1,Delhi North,1,Tomato,2024-12-27,1380.7,20.74,True,1.0
1,Delhi North,1,Tomato,2024-12-28,1525.1,22.33,True,1.0
1,Delhi North,1,Tomato,2024-12-29,892.7,22.24,True,1.0
1,Delhi North,1,Tomato,2024-12-30,1225.1,22.8,True,1.0
1,Delhi North,1,Tomato,2024-12-31,1163.1,21.63,True,1.0
1,Delhi North,1,Tomato,2025-01-01,1481.2,21.75,True,1.0
1,Delhi North,1,Tomato,2025-01-02,1562.2,22.42,True,1.0
1,Delhi North,1,Tomato,2025-01-03,1512.1,21.91,True,1.0
1,Delhi North,1,Tomato,2025-01-04,1283.5,22.4,True,1.0
1,Delhi North,1,Tomato,2025-01-05,997.6,21.4,True,1.0
1,Delhi North,1,Tomato,2025-01-06,1168.1,20.55,True,1.0
1,Delhi North,1,Tomato,2025-01-07,1449.3,20.98,True,1.0
1,Delhi North,1,Tomato,2025-01-08,1244.0,20.81,True,1.0
1,Delhi North,1,Tomato,2025-01-09,1021.8,21.29,True,1.0
1,Delhi North,1,Tomato,2025-01-10,1535.5,20.05,True,1.0
1,Delhi North,1,Tomato,2025-01-11,1054.3,20.75,True,1.0
1,Delhi North,1,Tomato,2025-01-12,885.5,22.42,True,1.0
1,Delhi North,1,Tomato,2025-01-13,1039.3,21.94,True,1.0
1,Delhi North,1,Tomato,2025-01-14,1303.2,21.63,True,1.0
1,Delhi North,1,Tomato,2025-01-15,1599.1,21.49,True,1.0
1,Delhi North,1,Tomato,2025-01-16,1361.0,20.17,True,1.0
1,Delhi North,1,Tomato,2025-01-17,1239.9,20.58,True,1.0
1,Delhi North,1,Tomato,2025-01-18,1540.1,19.69,True,1.0
1,Delhi North,1,Tomato,2025-01-19,1151.3,19.73,True,1.0
1,Delhi North,1,Tomato,2025-01-20,1750.1,20.7,True,1.0
1,Delhi North,1,Tomato,2025-01-21,1403.6,20.23,True,1.0
1,Delhi North,1,Tomato,2025-01-22,1308.6,20.6,True,1.0
1,Delhi North,1,Tomato,2025-01-23,1232.9,21.17,True,1.0
1,Delhi North,1,Tomato,2025-01-24,1350.3,21.11,True,1.0
1,Delhi North,1,Tomato,2025-01-25,1600.4,20.09,True,1.0
1,Delhi North,1,Tomato,2025-01-26,1027.2,19.98,True,1.0
1,Delhi North,1,Tomato,2025-01-27,1199.6,21.24,True,1.0
1,Delhi North,1,Tomato,2025-01-28,1318.8,19.77,True,1.0
1,Delhi North,1,Tomato,2025-01-29,1505.7,19.76,True,1.0
1,Delhi North,1,Tomato,2025-01-30,1166.8,19.58,True,1.0
1,Delhi North,1,Tomato,2025-01-31,1308.8,19.83,True,1.0
1,Delhi North,1,Tomato,2025-02-01,1887.7,20.36,True,1.0
1,Delhi North,1,Tomato,2025-02-02,1281.0,21.24,True,1.0
1,Delhi North,1,Tomato,2025-02-03,1156.0,20.73,True,1.0
1,Delhi North,1,Tomato,2025-02-04,1563.2,21.02,True,1.0
1,Delhi North,1,Tomato,2025-02-05,1461.1,21.02,True,1.0
1,Delhi North,1,Tomato,2025-02-06,1156.1,21.0,True,1.0
1,Delhi North,1,Tomato,2025-02-07,1875.8,20.36,True,1.0
1,Delhi North,1,Tomato,2025-02-08,1547.0,19.68,True,1.0
1,Delhi North,1,Tomato,2025-02-09,1212.8,19.15,True,1.0
1,Delhi North,1,Tomato,2025-02-10,1312.6,18.97,True,1.0
1,Delhi North,1,Tomato,2025-02-11,1427.4,19.43,True,1.0
1,Delhi North,1,Tomato,2025-02-12,1305.3,20.0,True,1.0
1,Delhi North,1,Tomato,2025-02-13,1677.5,20.15,True,1.0
1,Delhi North,1,Tomato,2025-02-14,1351.1,19.76,True,1.0
1,Delhi North,1,Tomato,2025-02-15,1675.6,20.84,True,1.0
1,Delhi North,1,Tomato,2025-02-16,1063.9,21.45,True,1.0
1,Delhi North,1,Tomato,2025-02-17,1295.7,20.74,True,1.0
1,Delhi North,1,Tomato,2025-02-18,1405.9,19.99,True,1.0
1,Delhi North,1,Tomato,2025-02-19,1570.0,20.01,True,1.0
1,Delhi North,1,Tomato,2025-02-20,1349.4,20.69,True,1.0
1,Delhi North,1,Tomato,2025-02-21,1564.6,20.61,True,1.0
1,Delhi North,1,Tomato,2025-02-22,2070.2,20.69,True,1.0
1,Delhi North,1,Tomato,2025-02-23,997.2,20.3,True,1.0
1,Delhi North,1,Tomato,2025-02-24,1555.5,20.41,True,1.0
1,Delhi North,1,Tomato,2025-02-25,1535.4,21.14,True,1.0
1,Delhi North,1,Tomato,2025-02-26,1464.9,20.58,True,1.0
1,Delhi North,1,Tomato,2025-02-27,1472.1,20.43,True,1.0
1,Delhi North,1,Tomato,2025-02-28,1539.3,20.38,True,1.0
1,Delhi North,1,Tomato,2025-03-01,1881.3,20.37,True,1.0
1,Delhi North,1,Tomato,2025-03-02,1291.7,19.4,True,1.0
1,Delhi North,1,Tomato,2025-03-03,1760.8,18.51,True,1.0
1,Delhi North,1,Tomato,2025-03-04,1610.8,18.35,True,1.0
1,Delhi North,1,Tomato,2025-03-05,1585.8,18.87,True,1.0
1,Delhi North,1,Tomato,2025-03-06,1833.5,19.46,True,1.0
1,Delhi North,1,Tomato,2025-03-07,1973.4,19.29,True,1.0
1,Delhi North,1,Tomato,2025-03-08,1756.3,20.24,True,1.0
1,Delhi North,1,Tomato,2025-03-09,1128.5,20.05,True,1.0
1,Delhi North,1,Tomato,2025-03-10,1681.5,20.01,True,1.0
1,Delhi North,1,Tomato,2025-03-11,1702.4,19.87,True,1.0
1,Delhi North,1,Tomato,2025-03-12,1648.4,19.96,True,1.0
1,Delhi North,1,Tomato,2025-03-13,1440.4,20.37,True,1.0
1,Delhi North,1,Tomato,2025-03-14,1856.2,20.63,True,1.0
1,Delhi North,1,Tomato,2025-03-15,1669.1,19.92,True,1.0
1,Delhi North,1,Tomato,2025-03-16,1222.8,20.83,True,1.0
1,Delhi North,1,Tomato,2025-03-17,1691.9,19.96,True,1.0
1,Delhi North,1,Tomato,2025-03-18,1500.0,20.03,True,1.0
1,Delhi North,1,Tomato,2025-03-19,1667.8,19.89,True,1.0
1,Delhi North,1,Tomato,2025-03-20,1860.3,19.37,True,1.0
1,Delhi North,1,Tomato,2025-03-21,2162.8,19.55,True,1.0
1,Delhi North,1,Tomato,2025-03-22,1813.5,19.32,True,1.0
1,Delhi North,1,Tomato,2025-03-23,1385.3,19.62,True,1.0
1,Delhi North,1,Tomato,2025-03-24,2891.8,20.03,True,1.0
1,Delhi North,1,Tomato,2025-03-25,1493.2,20.96,True,1.0
1,Delhi North,1,Tomato,2025-03-26,1861.8,20.94,True,1.0
1,Delhi North,1,Tomato,2025-03-27,1751.9,20.4,True,1.0
1,Delhi North,1,Tomato,2025-03-28,1961.4,20.16,True,1.0
1,Delhi North,1,Tomato,2025-03-29,2006.0,20.32,True,1.0
1,Delhi North,1,Tomato,2025-03-30,1168.8,20.41,True,1.0
1,Delhi North,1,Tomato,2025-03-31,1723.7,21.3,True,1.0
1,Delhi North,1,Tomato,2025-04-01,1443.4,21.92,True,1.0
1,Delhi North,1,Tomato,2025-04-02,1713.6,21.28,True,1.0
1,Delhi North,1,Tomato,2025-04-03,1812.1,20.75,True,1.0
1,Delhi North,1,Tomato,2025-04-04,2356.1,19.26,True,1.0
1,Delhi North,1,Tomato,2025-04-05,2181.2,19.37,True,1.0
1,Delhi North,1,Tomato,2025-04-06,1454.8,19.23,True,1.0
1,Delhi North,1,Tomato,2025-04-07,1517.4,19.48,True,1.0
1,Delhi North,1,Tomato,2025-04-08,1625.1,20.1,True,1.0
1,Delhi North,1,Tomato,2025-04-09,1689.9,20.43,True,1.0
1,Delhi North,1,Tomato,2025-04-10,3487.4,20.56,True,1.0
1,Delhi North,1,Tomato,2025-04-11,1645.0,20.8,True,1.0
1,Delhi North,1,Tomato,2025-04-12,2073.6,20.8,True,1.0
1,Delhi North,1,Tomato,2025-04-13,1764.3,21.0,True,1.0
1,Delhi North,1,Tomato,2025-04-14,1680.1,19.18,True,1.0
1,Delhi North,1,Tomato,2025-04-15,1607.8,19.61,True,1.0
1,Delhi North,1,Tomato,2025-04-16,1536.5,20.02,True,1.0
1,Delhi North,1,Tomato,2025-04-17,1720.5,20.2,True,1.0
1,Delhi North,1,Tomato,2025-04-18,1824.1,20.41,True,1.0
1,Delhi North,1,Tomato,2025-04-19,2569.5,21.12,True,1.0
1,Delhi North,1,Tomato,2025-04-20,1381.8,20.86,True,1.0
1,Delhi North,1,Tomato,2025-04-21,1520.4,22.43,True,1.0
1,Delhi North,1,Tomato,2025-04-22,2130.3,22.61,True,1.0
1,Delhi North,1,Tomato,2025-04-23,1886.0,22.31,True,1.0
1,Delhi North,1,Tomato,2025-04-24,1554.8,21.99,True,1.0
1,Delhi North,1,Tomato,2025-04-25,1793.2,21.87,True,1.0
1,Delhi North,1,Tomato,2025-04-26,2202.2,21.29,True,1.0
1,Delhi North,1,Tomato,2025-04-27,1400.8,21.41,True,1.0
1,Delhi North,1,Tomato,2025-04-28,1375.7,21.74,True,1.0
1,Delhi North,1,Tomato,2025-04-29,2021.8,22.19,True,1.0
1,Delhi North,1,Tomato,2025-04-30,1896.5,22.52,True,1.0
1,Delhi North,1,Tomato,2025-05-01,1635.7,22.23,True,1.0
1,Delhi North,1,Tomato,2025-05-02,2190.4,21.34,True,1.0
1,Delhi North,1,Tomato,2025-05-03,1823.1,21.21,True,1.0
1,Delhi North,1,Tomato,2025-05-04,1348.9,22.55,True,1.0
1,Delhi North,1,Tomato,2025-05-05,1689.4,23.09,True,1.0
1,Delhi North,1,Tomato,2025-05-06,1781.1,23.15,True,1.0
1,Delhi North,1,Tomato,2025-05-07,1702.7,22.47,True,1.0
1,Delhi North,1,Tomato,2025-05-08,2210.2,22.51,True,1.0
1,Delhi North,1,Tomato,2025-05-09,2552.8,21.77,True,1.0
1,Delhi North,1,Tomato,2025-05-10,2220.9,21.71,True,1.0
1,Delhi North,1,Tomato,2025-05-11,1694.6,21.88,True,1.0
1,Delhi North,1,Tomato,2025-05-12,1810.8,21.95,True,1.0
1,Delhi North,1,Tomato,2025-05-13,1929.0,22.86,True,1.0
1,Delhi North,1,Tomato,2025-05-14,2428.0,22.0,True,1.0
1,Delhi North,1,Tomato,2025-05-15,1930.5,21.78,True,1.0
1,Delhi North,1,Tomato,2025-05-16,2452.9,21.33,True,1.0
1,Delhi North,1,Tomato,2025-05-17,2257.9,21.12,True,1.0
1,Delhi North,1,Tomato,2025-05-18,1434.7,21.83,True,1.0
1,Delhi North,1,Tomato,2025-05-19,2153.1,21.29,True,1.0
1,Delhi North,1,Tomato,2025-05-20,1970.4,22.39,True,1.0
1,Delhi North,1,Tomato,2025-05-21,1984.4,22.56,True,1.0
1,Delhi North,1,Tomato,2025-05-22,1750.6,22.91,True,1.0
1,Delhi North,1,Tomato,2025-05-23,2085.1,23.35,True,1.0
1,Delhi North,1,Tomato,2025-05-24,2134.0,23.18,True,1.0
1,Delhi North,1,Tomato,2025-05-25,1390.0,24.06,True,1.0
1,Delhi North,1,Tomato,2025-05-26,2025.3,23.87,True,1.0
1,Delhi North,1,Tomato,2025-05-27,1613.2,24.31,True,1.0
1,Delhi North,1,Tomato,2025-05-28,1711.5,24.08,True,1.0
1,Delhi North,1,Tomato,2025-05-29,2144.8,24.29,True,1.0
1,Delhi North,1,Tomato,2025-05-30,2019.9,24.45,True,1.0
1,Delhi North,1,Tomato,2025-05-31,2211.3,24.56,True,1.0
1,Delhi North,1,Tomato,2025-06-01,1856.9,23.81,True,1.0
1,Delhi North,1,Tomato,2025-06-02,1976.3,24.28,True,1.0
1,Delhi North,1,Tomato,2025-06-03,2076.2,24.12,True,1.0
1,Delhi North,1,Tomato,2025-06-04,2107.9,24.68,True,1.0
1,Delhi North,1,Tomato,2025-06-05,1646.5,23.19,True,1.0
1,Delhi North,1,Tomato,2025-06-06,1632.1,22.65,True,1.0
1,Delhi North,1,Tomato,2025-06-07,1879.5,23.5,True,1.0
1,Delhi North,1,Tomato,2025-06-08,1368.3,25.2,True,1.0
1,Delhi North,1,Tomato,2025-06-09,1661.9,25.71,True,1.0
1,Delhi North,1,Tomato,2025-06-10,1737.0,24.99,True,1.0
1,Delhi North,1,Tomato,2025-06-11,1893.9,23.82,True,1.0
1,Delhi North,1,Tomato,2025-06-12,1473.5,24.72,True,1.0
1,Delhi North,1,Tomato,2025-06-13,1971.1,24.79,True,1.0
1,Delhi North,1,Tomato,2025-06-14,1755.4,25.35,True,1.0
1,Delhi North,1,Tomato,2025-06-16,1926.1,25.43,True,1.0
1,Delhi North,1,Tomato,2025-06-17,1700.5,27.67,True,1.0
1,Delhi North,1,Tomato,2025-06-18,1748.1,27.0,True,1.0
1,Delhi North,1,Tomato,2025-06-19,1934.9,26.45,True,1.0
1,Delhi North,1,Tomato,2025-06-20,2281.3,26.11,True,1.0
1,Delhi North,1,Tomato,2025-06-21,2089.3,25.56,True,1.0
1,Delhi North,1,Tomato,2025-06-22,1388.5,26.36,True,1.0
1,Delhi North,1,Tomato,2025-06-23,1598.2,25.94,True,1.0
1,Delhi North,1,Tomato,2025-06-24,2193.0,26.4,True,1.0
1,Delhi North,1,Tomato,2025-06-25,1842.1,26.49,True,1.0
1,Delhi North,1,Tomato,2025-06-26,2077.1,27.28,True,1.0
1,Delhi North,1,Tomato,2025-06-27,2022.0,27.25,True,1.0
1,Delhi North,1,Tomato,2025-06-28,2254.6,26.0,True,1.0
1,Delhi North,1,Tomato,2025-06-29,1409.7,25.1,True,1.0
1,Delhi North,1,Tomato,2025-06-30,1673.9,26.49,True,1.0
1,Delhi North,1,Tomato,2025-07-01,1702.1,25.99,True,1.0
1,Delhi North,1,Tomato,2025-07-02,1687.3,25.15,True,1.0
1,Delhi North,1,Tomato,2025-07-03,2539.3,25.05,True,1.0
1,Delhi North,1,Tomato,2025-07-04,2187.7,26.42,True,1.0
1,Delhi North,1,Tomato,2025-07-05,2345.2,25.41,True,1.0
1,Delhi North,1,Tomato,2025-07-06,1171.6,25.14,True,1.0
1,Delhi North,1,Tomato,2025-07-07,1530.5,25.11,True,1.0
1,Delhi North,1,Tomato,2025-07-08,1899.0,24.69,True,1.0
1,Delhi North,1,Tomato,2025-07-09,1439.5,24.47,True,1.0
1,Delhi North,1,Tomato,2025-07-10,1878.1,24.09,True,1.0
1,Delhi North,1,Tomato,2025-07-11,1957.4,24.58,True,1.0
1,Delhi North,1,Tomato,2025-07-12,1765.1,25.01,True,1.0
1,Delhi North,1,Tomato,2025-07-13,1338.2,25.1,True,1.0
1,Delhi North,1,Tomato,2025-07-14,1409.6,24.49,True,1.0
1,Delhi North,1,Tomato,2025-07-15,1902.7,26.17,True,1.0
1,Delhi North,1,Tomato,2025-07-17,1995.0,26.19,True,1.0
1,Delhi North,1,Tomato,2025-07-18,1477.6,25.7,True,1.0
1,Delhi North,1,Tomato,2025-07-19,2236.6,26.67,True,1.0
1,Delhi North,1,Tomato,2025-07-20,1510.8,27.61,True,1.0
1,Delhi North,1,Tomato,2025-07-21,1330.1,26.86,True,1.0
1,Delhi North,1,Tomato,2025-07-22,1719.9,25.59,True,1.0
1,Delhi North,1,Tomato,2025-07-23,1833.9,26.66,True,1.0
1,Delhi North,1,Tomato,2025-07-24,1603.6,28.39,True,1.0
1,Delhi North,1,Tomato,2025-07-25,1529.7,28.47,True,1.0
1,Delhi North,1,Tomato,2025-07-26,1551.1,28.33,True,1.0
1,Delhi North,1,Tomato,2025-07-27,1320.1,28.78,True,1.0
1,Delhi North,1,Tomato,2025-07-28,1304.5,29.07,True,1.0
1,Delhi North,1,Tomato,2025-07-29,1620.4,27.98,True,1.0
1,Delhi North,1,Tomato,2025-07-30,1921.3,27.38,True,1.0
1,Delhi North,1,Tomato,2025-07-31,2016.3,27.98,True,1.0
1,Delhi North,1,Tomato,2025-08-01,1525.5,27.81,True,1.0
1,Delhi North,1,Tomato,2025-08-02,1832.3,28.88,True,1.0
1,Delhi North,1,Tomato,2025-08-03,1145.3,28.0,True,1.0
1,Delhi North,1,Tomato,2025-08-04,1524.1,28.57,True,1.0
1,Delhi North,1,Tomato,2025-08-05,1495.6,28.65,True,1.0
1,Delhi North,1,Tomato,2025-08-06,1734.3,28.33,True,1.0
1,Delhi North,1,Tomato,2025-08-07,1410.4,29.18,True,1.0
1,Delhi North,1,Tomato,2025-08-08,1667.0,29.38,True,1.0
1,Delhi North,1,Tomato,2025-08-09,1942.1,28.14,True,1.0
1,Delhi North,1,Tomato,2025-08-10,1257.4,28.63,True,1.0
1,Delhi North,1,Tomato,2025-08-11,1425.8,29.59,True,1.0
1,Delhi North,1,Tomato,2025-08-12,1507.9,29.02,True,1.0
1,Delhi North,1,Tomato,2025-08-13,1554.6,28.53,True,1.0
1,Delhi North,1,Tomato,2025-08-14,1584.8,27.86,True,1.0
1,Delhi North,1,Tomato,2025-08-15,1554.0,27.93,True,1.0
1,Delhi North,1,Tomato,2025-08-16,1464.7,28.54,True,1.0
1,Delhi North,1,Tomato,2025-08-17,1277.2,27.77,True,1.0
1,Delhi North,1,Tomato,2025-08-18,1584.5,26.83,True,1.0
1,Delhi North,1,Tomato,2025-08-19,1392.6,26.93,True,1.0
1,Delhi North,1,Tomato,2025-08-20,1503.4,26.24,True,1.0
1,Delhi North,1,Tomato,2025-08-21,1620.5,27.22,True,1.0
1,Delhi North,1,Tomato,2025-08-22,1607.6,27.17,True,1.0
1,Delhi North,1,Tomato,2025-08-23,2064.0,26.13,True,1.0
1,Delhi North,1,Tomato,2025-08-24,1018.2,26.47,True,1.0
1,Delhi North,1,Tomato,2025-08-25,1302.5,26.83,True,1.0
1,Delhi North,1,Tomato,2025-08-26,1390.4,27.59,True,1.0
1,Delhi North,1,Tomato,2025-08-27,1355.0,27.66,True,1.0
1,Delhi North,1,Tomato,2025-08-28,1428.6,29.34,True,1.0
1,Delhi North,1,Tomato,2025-08-29,1442.6,28.57,True,1.0
1,Delhi North,1,Tomato,2025-08-30,1509.8,28.41,True,1.0
1,Delhi North,1,Tomato,2025-08-31,1227.5,28.26,True,1.0
1,Delhi North,1,Tomato,2025-09-01,1566.3,28.01,True,1.0
1,Delhi North,1,Tomato,2025-09-02,1265.1,28.18,True,1.0
1,Delhi North,1,Tomato,2025-09-04,1410.7,29.59,True,1.0
1,Delhi North,1,Tomato,2025-09-05,1685.7,27.87,True,1.0
1,Delhi North,1,Tomato,2025-09-06,1260.8,27.55,True,1.0
1,Delhi North,1,Tomato,2025-09-07,1072.6,27.37,True,1.0
1,Delhi North,1,Tomato,2025-09-08,1318.8,28.34,True,1.0
1,Delhi North,1,Tomato,2025-09-09,1226.1,27.98,True,1.0
1,Delhi North,1,Tomato,2025-09-10,1373.8,26.54,True,1.0
1,Delhi North,1,Tomato,2025-09-11,1525.8,27.05,True,1.0
1,Delhi North,1,Tomato,2025-09-12,1441.4,27.32,True,1.0
1,Delhi North,1,Tomato,2025-09-13,1260.6,27.67,True,1.0
1,Delhi North,1,Tomato,2025-09-14,1047.3,26.96,True,1.0
1,Delhi North,1,Tomato,2025-09-15,1303.3,28.63,True,1.0
1,Delhi North,1,Tomato,2025-09-16,1359.5,28.17,True,1.0
1,Delhi North,1,Tomato,2025-09-17,1168.2,27.95,True,1.0
1,Delhi North,1,Tomato,2025-09-18,1514.1,27.23,True,1.0
1,Delhi North,1,Tomato,2025-09-19,1523.9,26.7,True,1.0
1,Delhi North,1,Tomato,2025-09-20,1560.1,26.11,True,1.0
1,Delhi North,1,Tomato,2025-09-21,979.9,26.32,True,1.0
1,Delhi North,1,Tomato,2025-09-22,1453.4,26.03,True,1.0
1,Delhi North,1,Tomato,2025-09-23,955.2,28.14,True,1.0
1,Delhi North,1,Tomato,2025-09-24,1202.4,26.54,True,1.0
1,Delhi North,1,Tomato,2025-09-25,1326.5,26.03,True,1.0
1,Delhi North,1,Tomato,2025-09-26,1457.8,26.21,True,1.0
1,Delhi North,1,Tomato,2025-09-27,1952.3,27.14,True,1.0
1,Delhi North,1,Tomato,2025-09-28,904.2,26.95,True,1.0
1,Delhi North,1,Tomato,2025-09-29,1138.9,27.66,True,1.0
1,Delhi North,1,Tomato,2025-09-30,1431.6,26.84,True,1.0
1,Delhi North,1,Tomato,2025-10-01,1190.5,27.07,True,1.0
1,Delhi North,1,Tomato,2025-10-02,1256.4,28.57,True,1.0
1,Delhi North,1,Tomato,2025-10-03,1169.9,27.44,True,1.0
1,Delhi North,1,Tomato,2025-10-04,1227.1,27.74,True,1.0
1,Delhi North,1,Tomato,2025-10-05,1047.9,27.77,True,1.0
1,Delhi North,1,Tomato,2025-10-06,1118.9,25.89,True,1.0
1,Delhi North,1,Tomato,2025-10-07,1089.4,25.84,True,1.0
1,Delhi North,1,Tomato,2025-10-08,1083.4,27.09,True,1.0
1,Delhi North,1,Tomato,2025-10-09,1111.7,27.2,True,1.0
1,Delhi North,1,Tomato,2025-10-10,1369.4,26.23,True,1.0
1,Delhi North,1,Tomato,2025-10-11,1466.3,26.99,True,1.0
1,Delhi North,1,Tomato,2025-10-12,1001.2,26.61,True,1.0
1,Delhi North,1,Tomato,2025-10-13,1043.7,26.97,True,1.0
1,Delhi North,1,Tomato,2025-10-14,832.5,27.23,True,1.0
1,Delhi North,1,Tomato,2025-10-15,1115.0,26.25,True,1.0
1,Delhi North,1,Tomato,2025-10-16,949.0,27.0,True,1.0
1,Delhi North,1,Tomato,2025-10-17,1372.8,26.14,True,1.0
1,Delhi North,1,Tomato,2025-10-18,1438.5,25.32,True,1.0
1,Delhi North,1,Tomato,2025-10-19,911.1,25.05,True,1.0
1,Delhi North,1,Tomato,2025-10-20,1010.8,25.23,True,1.0
1,Delhi North,1,Tomato,2025-10-21,834.8,25.67,True,1.0
1,Delhi North,1,Tomato,2025-10-22,1346.6,25.32,True,1.0
1,Delhi North,1,Tomato,2025-10-23,1226.7,26.18,True,1.0
1,Delhi North,1,Tomato,2025-10-24,1252.8,26.4,True,1.0
1,Delhi North,1,Tomato,2025-10-25,1195.0,25.82,True,1.0
1,Delhi North,1,Tomato,2025-10-26,1075.3,26.59,True,1.0
1,Delhi North,1,Tomato,2025-10-27,1092.9,27.33,True,1.0
1,Delhi North,1,Tomato,2025-10-28,1017.6,26.86,True,1.0
1,Delhi North,1,Tomato,2025-10-29,868.6,26.43,True,1.0
1,Delhi North,1,Tomato,2025-10-30,1157.6,24.97,True,1.0
1,Delhi North,1,Tomato,2025-10-31,1232.6,24.94,True,1.0
1,Delhi North,1,Tomato,2025-11-01,1260.5,24.97,True,1.0
1,Delhi North,1,Tomato,2025-11-02,876.1,25.37,True,1.0
1,Delhi North,1,Tomato,2025-11-03,1309.2,25.33,True,1.0
1,Delhi North,1,Tomato,2025-11-04,1094.7,25.58,True,1.0
1,Delhi North,1,Tomato,2025-11-05,993.1,26.7,True,1.0
1,Delhi North,1,Tomato,2025-11-06,1284.6,25.92,True,1.0
1,Delhi North,1,Tomato,2025-11-07,1192.8,25.4,True,1.0
1,Delhi North,1,Tomato,2025-11-08,1303.5,24.44,True,1.0
1,Delhi North,1,Tomato,2025-11-09,1086.6,24.67,True,1.0
1,Delhi North,1,Tomato,2025-11-10,1083.4,25.52,True,1.0
1,Delhi North,1,Tomato,2025-11-11,1770.6,24.15,True,1.0
1,Delhi North,1,Tomato,2025-11-12,1125.2,23.95,True,1.0
1,Delhi North,1,Tomato,2025-11-13,1378.1,24.27,True,1.0
1,Delhi North,1,Tomato,2025-11-14,1357.3,25.05,True,1.0
1,Delhi North,1,Tomato,2025-11-15,1596.1,25.26,True,1.0
1,Delhi North,1,Tomato,2025-11-16,899.5,25.34,True,1.0
1,Delhi North,1,Tomato,2025-11-17,808.3,24.97,True,1.0
1,Delhi North,1,Tomato,2025-11-18,1013.9,25.2,True,1.0
1,Delhi North,1,Tomato,2025-11-19,1093.0,25.73,True,1.0
1,Delhi North,1,Tomato,2025-11-20,1123.0,24.14,True,1.0
1,Delhi North,1,Tomato,2025-11-21,1094.8,24.72,True,1.0
1,Delhi North,1,Tomato,2025-11-22,1078.7,24.53,True,1.0
1,Delhi North,1,Tomato,2025-11-23,935.3,24.07,True,1.0
1,Delhi North,1,Tomato,2025-11-24,1233.5,22.48,True,1.0
1,Delhi North,1,Tomato,2025-11-25,1177.3,22.06,True,1.0
1,Delhi North,1,Tomato,2025-11-26,931.9,23.76,True,1.0
1,Delhi North,1,Tomato,2025-11-27,964.5,23.35,True,1.0
1,Delhi North,1,Tomato,2025-11-28,1219.9,22.79,True,1.0
1,Delhi North,1,Tomato,2025-11-29,1379.6,22.79,True,1.0
1,Delhi North,1,Tomato,2025-11-30,877.0,22.58,True,1.0
1,Delhi North,1,Tomato,2025-12-01,1005.7,22.98,True,1.0
1,Delhi North,1,Tomato,2025-12-02,902.5,24.19,True,1.0
1,Delhi North,1,Tomato,2025-12-03,1212.9,23.59,True,1.0
1,Delhi North,1,Tomato,2025-12-04,1144.8,23.65,True,1.0
1,Delhi North,1,Tomato,2025-12-05,1182.8,22.81,True,1.0
1,Delhi North,1,Tomato,2025-12-06,1306.0,23.97,True,1.0
1,Delhi North,1,Tomato,2025-12-07,770.8,23.88,True,1.0
1,Delhi North,1,Tomato,2025-12-08,888.4,22.94,True,1.0
1,Delhi North,1,Tomato,2025-12-09,1016.6,23.59,True,1.0
1,Delhi North,1,Tomato,2025-12-10,1195.0,24.23,True,1.0
1,Delhi North,1,Tomato,2025-12-11,1155.6,23.95,True,1.0
1,Delhi North,1,Tomato,2025-12-12,1195.0,22.54,True,1.0
1,Delhi North,1,Tomato,2025-12-13,1405.6,23.81,True,1.0
1,Delhi North,1,Tomato,2025-12-14,741.8,23.69,True,1.0
1,Delhi North,1,Tomato,2025-12-15,1407.4,24.17,True,1.0
1,Delhi North,1,Tomato,2025-12-16,1192.8,23.32,True,1.0
1,Delhi North,1,Tomato,2025-12-17,1112.4,22.82,True,1.0
1,Delhi North,1,Tomato,2025-12-18,1020.0,22.79,True,1.0
1,Delhi North,1,Tomato,2025-12-19,1350.4,23.4,True,1.0
1,Delhi North,1,Tomato,2025-12-20,1179.9,23.17,True,1.0
1,Delhi North,1,Tomato,2025-12-21,842.0,22.09,True,1.0
1,Delhi North,1,Tomato,2025-12-22,1174.5,22.29,True,1.0
1,Delhi North,1,Tomato,2025-12-23,1042.3,23.3,True,1.0
1,Delhi North,1,Tomato,2025-12-24,1059.7,22.97,True,1.0
1,Delhi North,1,Tomato,2025-12-25,1256.6,22.76,True,1.0
1,Delhi North,1,Tomato,2025-12-26,1075.7,21.72,True,1.0
1,Delhi North,1,Tomato,2025-12-27,1456.5,20.91,True,1.0
1,Delhi North,1,Tomato,2025-12-28,947.4,20.8,True,1.0
1,Delhi North,1,Tomato,2025-12-29,965.6,20.88,True,1.0
1,Delhi North,1,Tomato,2025-12-30,1199.3,21.19,True,1.0
1,Delhi North,1,Tomato,2025-12-31,1300.7,21.42,True,1.0
1,Delhi North,1,Tomato,2026-01-01,1275.1,22.46,True,1.0
1,Delhi North,1,Tomato,2026-01-02,1203.0,22.21,True,1.0
1,Delhi North,1,Tomato,2026-01-03,2516.3,22.65,True,1.0
1,Delhi North,1,Tomato,2026-01-04,950.7,22.24,True,1.0
1,Delhi North,1,Tomato,2026-01-05,1244.0,22.89,True,1.0
1,Delhi North,1,Tomato,2026-01-06,1246.5,21.23,True,1.0
1,Delhi North,1,Tomato,2026-01-07,1389.2,20.87,True,1.0
1,Delhi North,1,Tomato,2026-01-08,1264.6,21.55,True,1.0
1,Delhi North,1,Tomato,2026-01-09,1378.6,21.32,True,1.0
1,Delhi North,1,Tomato,2026-01-10,1491.5,21.81,True,1.0
1,Delhi North,1,Tomato,2026-01-11,1097.4,21.81,True,1.0
1,Delhi North,1,Tomato,2026-01-12,1030.2,22.14,True,1.0
1,Delhi North,1,Tomato,2026-01-13,1117.1,22.15,True,1.0
1,Delhi North,1,Tomato,2026-01-14,1652.5,22.18,True,1.0
1,Delhi North,1,Tomato,2026-01-15,1202.7,22.71,True,1.0
1,Delhi North,1,Tomato,2026-01-16,1200.2,22.74,True,1.0
1,Delhi North,1,Tomato,2026-01-17,1629.8,22.75,True,1.0
1,Delhi North,1,Tomato,2026-01-18,812.0,22.12,True,1.0
1,Delhi North,1,Tomato,2026-01-19,1148.1,21.31,True,1.0
1,Delhi North,1,Tomato,2026-01-20,1363.2,20.7,True,1.0
1,Delhi North,1,Tomato,2026-01-21,911.3,21.1,True,1.0
1,Delhi North,1,Tomato,2026-01-22,1523.7,19.51,True,1.0
1,Delhi North,1,Tomato,2026-01-23,1537.1,19.07,True,1.0
1,Delhi North,1,Tomato,2026-01-24,1381.8,18.94,True,1.0
1,Delhi North,1,Tomato,2026-01-25,974.7,19.23,True,1.0
1,Delhi North,1,Tomato,2026-01-26,1315.1,18.14,True,1.0
1,Delhi North,1,Tomato,2026-01-27,1151.7,19.46,True,1.0
1,Delhi North,1,Tomato,2026-01-28,1237.6,20.04,True,1.0
1,Delhi North,1,Tomato,2026-01-29,1631.1,21.28,True,1.0
1,Delhi North,1,Tomato,2026-01-30,1445.0,21.6,True,1.0
1,Delhi North,1,Tomato,2026-01-31,1485.3,21.8,True,1.0
1,Delhi North,1,Tomato,2026-02-01,789.4,22.71,True,1.0
1,Delhi North,1,Tomato,2026-02-02,1409.8,21.55,True,1.0
1,Delhi North,1,Tomato,2026-02-03,1275.2,20.22,True,1.0
1,Delhi North,1,Tomato,2026-02-04,1305.9,20.04,True,1.0
1,Delhi North,1,Tomato,2026-02-05,1396.3,19.58,True,1.0
1,Delhi North,1,Tomato,2026-02-06,1353.8,19.57,True,1.0
1,Delhi North,1,Tomato,2026-02-07,1776.6,19.11,True,1.0
1,Delhi North,1,Tomato,2026-02-08,1407.6,19.69,True,1.0
1,Delhi North,1,Tomato,2026-02-09,1414.5,20.06,True,1.0
1,Delhi North,1,Tomato,2026-02-10,1599.6,20.01,True,1.0
1,Delhi North,1,Tomato,2026-02-11,1597.7,20.16,True,1.0
1,Delhi North,1,Tomato,2026-02-12,1656.2,20.0,True,1.0
1,Delhi North,1,Tomato,2026-02-13,1646.0,20.4,True,1.0
1,Delhi North,1,Tomato,2026-02-14,1855.8,20.28,True,1.0
1,Delhi North,1,Tomato,2026-02-15,1244.3,20.0,True,1.0
1,Delhi North,1,Tomato,2026-02-16,1401.3,20.49,True,1.0
1,Delhi North,1,Tomato,2026-02-17,1277.9,21.04,True,1.0
1,Delhi North,1,Tomato,2026-02-18,1771.2,21.47,True,1.0
1,Delhi North,1,Tomato,2026-02-19,1503.8,20.38,True,1.0
1,Delhi North,1,Tomato,2026-02-20,1452.6,19.9,True,1.0
1,Delhi North,1,Tomato,2026-02-21,1594.8,18.93,True,1.0
1,Delhi North,1,Tomato,2026-02-22,1291.9,19.06,True,1.0
1,Delhi North,1,Tomato,2026-02-23,1443.3,19.51,True,1.0
1,Delhi North,1,Tomato,2026-02-24,1573.8,19.52,True,1.0
1,Delhi North,1,Tomato,2026-02-25,1415.4,20.71,True,1.0
1,Delhi North,1,Tomato,2026-02-26,1585.9,20.2,True,1.0
1,Delhi North,1,Tomato,2026-02-27,1807.3,19.46,True,1.0
1,Delhi North,1,Tomato,2026-02-28,1918.4,19.88,True,1.0
1,Delhi North,1,Tomato,2026-03-01,1238.0,19.94,True,1.0
1,Delhi North,1,Tomato,2026-03-02,1756.5,20.22,True,1.0
1,Delhi North,1,Tomato,2026-03-03,1806.4,20.27,True,1.0
1,Delhi North,1,Tomato,2026-03-04,1652.1,20.28,True,1.0
1,Delhi North,1,Tomato,2026-03-06,1531.3,18.82,True,1.0
1,Delhi North,1,Tomato,2026-03-07,1591.5,18.81,True,1.0
1,Delhi North,1,Tomato,2026-03-08,1293.5,18.93,True,1.0
1,Delhi North,1,Tomato,2026-03-09,1620.6,18.96,True,1.0
1,Delhi North,1,Tomato,2026-03-10,1757.2,19.47,True,1.0
1,Delhi North,1,Tomato,2026-03-11,1365.5,19.94,True,1.0
1,Delhi North,1,Tomato,2026-03-12,1522.1,19.3,True,1.0
1,Delhi North,1,Tomato,2026-03-13,1804.2,19.88,True,1.0
1,Delhi North,1,Tomato,2026-03-14,1539.5,20.24,True,1.0
1,Delhi North,1,Tomato,2026-03-15,1247.4,20.43,True,1.0
1,Delhi North,1,Tomato,2026-03-16,1275.9,19.5,True,1.0
1,Delhi North,1,Tomato,2026-03-17,2305.5,19.91,True,1.0
1,Delhi North,1,Tomato,2026-03-18,1725.8,20.0,True,1.0
1,Delhi North,1,Tomato,2026-03-19,1766.5,20.58,True,1.0
1,Delhi North,1,Tomato,2026-03-20,1670.9,21.51,True,1.0
1,Delhi North,1,Tomato,2026-03-21,1789.1,22.07,True,1.0
1,Delhi North,1,Tomato,2026-03-22,1408.8,21.55,True,1.0
1,Delhi North,1,Tomato,2026-03-23,1866.2,21.13,True,1.0
1,Delhi North,1,Tomato,2026-03-24,1939.4,21.24,True,1.0
1,Delhi North,1,Tomato,2026-03-25,2088.4,20.28,True,1.0
1,Delhi North,1,Tomato,2026-03-26,1789.7,19.46,True,1.0
1,Delhi North,1,Tomato,2026-03-27,2001.4,19.46,True,1.0
1,Delhi North,1,Tomato,2026-03-28,1717.5,20.42,True,1.0
1,Delhi North,1,Tomato,2026-03-29,1923.5,20.23,True,1.0
1,Delhi North,1,Tomato,2026-03-30,2112.8,21.18,True,1.0
1,Delhi North,1,Tomato,2026-03-31,1890.2,19.36,True,1.0
1,Delhi North,1,Tomato,2026-04-01,1440.9,18.83,True,1.0
1,Delhi North,1,Tomato,2026-04-02,1819.0,19.26,True,1.0
1,Delhi North,1,Tomato,2026-04-03,1510.3,20.16,True,1.0
1,Delhi North,1,Tomato,2026-04-04,2671.3,20.27,True,1.0
1,Delhi North,1,Tomato,2026-04-05,1737.1,20.34,True,1.0
1,Delhi North,1,Tomato,2026-04-06,2007.6,20.38,True,1.0
1,Delhi North,1,Tomato,2026-04-07,1682.6,19.5,True,1.0
1,Delhi North,1,Tomato,2026-04-08,1869.7,20.56,True,1.0
1,Delhi North,1,Tomato,2026-04-09,1639.4,20.25,True,1.0
1,Delhi North,1,Tomato,2026-04-10,2078.1,21.1,True,1.0
1,Delhi North,1,Tomato,2026-04-11,1788.9,21.02,True,1.0
1,Delhi North,1,Tomato,2026-04-13,1617.9,21.7,True,1.0
1,Delhi North,1,Tomato,2026-04-14,2178.4,21.47,True,1.0
1,Delhi North,1,Tomato,2026-04-15,1840.7,21.52,True,1.0
1,Delhi North,1,Tomato,2026-04-16,2228.5,20.55,True,1.0
1,Delhi North,1,Tomato,2026-04-17,2318.3,20.77,True,1.0
1,Delhi North,1,Tomato,2026-04-18,2200.5,22.0,True,1.0
1,Delhi North,1,Tomato,2026-04-19,1554.7,22.65,True,1.0
1,Delhi North,1,Tomato,2026-04-20,1695.3,21.67,True,1.0
1,Delhi North,1,Tomato,2026-04-21,1867.6,21.94,True,1.0
1,Delhi North,1,Tomato,2026-04-22,2026.5,21.99,True,1.0
1,Delhi North,1,Tomato,2026-04-23,1556.2,22.4,True,1.0
1,Delhi North,1,Tomato,2026-04-24,2245.2,22.25,True,1.0
1,Delhi North,1,Tomato,2026-04-25,2157.9,21.95,True,1.0
1,Delhi North,1,Tomato,2026-04-26,1804.2,22.76,True,1.0
1,Delhi North,1,Tomato,2026-04-27,2038.7,22.63,True,1.0
1,Delhi North,1,Tomato,2026-04-28,1600.9,23.24,True,1.0
1,Delhi North,1,Tomato,2026-04-29,1686.5,23.51,True,1.0
1,Delhi North,1,Tomato,2026-04-30,1940.7,22.86,True,1.0
1,Delhi North,1,Tomato,2026-05-01,1943.3,22.53,True,1.0
1,Delhi North,1,Tomato,2026-05-02,2154.8,23.7,True,1.0
1,Delhi North,1,Tomato,2026-05-03,1609.7,23.39,True,1.0
1,Delhi North,1,Tomato,2026-05-04,1718.1,22.58,True,1.0
1,Delhi North,1,Tomato,2026-05-05,1828.3,21.76,True,1.0
1,Delhi North,1,Tomato,2026-05-06,1678.4,22.59,True,1.0
1,Delhi North,1,Tomato,2026-05-07,1442.3,22.68,True,1.0
1,Delhi North,1,Tomato,2026-05-08,2177.7,22.15,True,1.0
1,Delhi North,1,Tomato,2026-05-09,1969.3,22.74,True,1.0
1,Delhi North,1,Tomato,2026-05-10,1477.0,22.84,True,1.0
1,Delhi North,1,Tomato,2026-05-11,1791.5,21.78,True,1.0
1,Delhi North,1,Tomato,2026-05-12,2046.1,22.48,True,1.0
1,Delhi North,1,Tomato,2026-05-13,1629.4,23.5,True,1.0
1,Delhi North,1,Tomato,2026-05-14,2065.5,25.12,True,1.0
1,Delhi North,1,Tomato,2026-05-15,2176.1,24.52,True,1.0
1,Delhi North,1,Tomato,2026-05-16,2162.6,24.27,True,1.0
1,Delhi North,1,Tomato,2026-05-17,1314.3,25.08,True,1.0
1,Delhi North,1,Tomato,2026-05-18,1714.7,24.65,True,1.0
1,Delhi North,1,Tomato,2026-05-19,1597.5,24.45,True,1.0
1,Delhi North,1,Tomato,2026-05-20,1958.6,23.72,True,1.0
1,Delhi North,1,Tomato,2026-05-21,2365.3,22.73,True,1.0
1,Delhi North,1,Tomato,2026-05-22,2218.4,23.59,True,1.0
1,Delhi North,1,Tomato,2026-05-23,1866.6,22.77,True,1.0
1,Delhi North,1,Tomato,2026-05-24,1490.3,23.82,True,1.0
1,Delhi North,1,Tomato,2026-05-25,2355.1,23.29,True,1.0
1,Delhi North,1,Tomato,2026-05-26,1520.3,23.64,True,1.0
1,Delhi North,1,Tomato,2026-05-27,1950.6,23.48,True,1.0
1,Delhi North,1,Tomato,2026-05-28,2005.7,24.45,True,1.0
1,Delhi North,1,Tomato,2026-05-29,1948.7,24.55,True,1.0
1,Delhi North,1,Tomato,2026-05-30,2306.8,25.84,True,1.0
1,Delhi North,1,Tomato,2026-05-31,1584.4,24.58,True,1.0
1,Delhi North,1,Tomato,2026-06-01,1664.5,24.79,True,1.0
1,Delhi North,1,Tomato,2026-06-02,2479.7,24.7,True,1.0
1,Delhi North,1,Tomato,2026-06-03,2155.2,24.83,True,1.0
1,Delhi North,1,Tomato,2026-06-04,1613.7,25.89,True,1.0
1,Delhi North,1,Tomato,2026-06-05,1952.1,25.93,True,1.0
1,Delhi North,1,Tomato,2026-06-06,2028.4,24.72,True,1.0
1,Delhi North,1,Tomato,2026-06-07,1314.9,25.11,True,1.0
1,Delhi North,1,Tomato,2026-06-08,2711.6,24.72,True,1.0
1,Delhi North,1,Tomato,2026-06-09,1891.4,24.44,True,1.0
1,Delhi North,1,Tomato,2026-06-10,1860.7,25.34,True,1.0
1,Delhi North,1,Tomato,2026-06-11,2078.8,24.81,True,1.0
1,Delhi North,1,Tomato,2026-06-12,1893.8,24.63,True,1.0
1,Delhi North,1,Tomato,2026-06-13,2171.7,24.81,True,1.0
1,Delhi North,1,Tomato,2026-06-14,2255.2,25.62,True,1.0
1,Delhi North,1,Tomato,2026-06-15,1678.4,25.95,True,1.0
1,Delhi North,1,Tomato,2026-06-16,2138.1,25.61,True,1.0
1,Delhi North,1,Tomato,2026-06-17,1477.0,25.36,True,1.0
1,Delhi North,1,Tomato,2026-06-18,2164.0,24.58,True,1.0
1,Delhi North,1,Tomato,2026-06-19,2159.0,24.34,True,1.0
1,Delhi North,1,Tomato,2026-06-20,2508.8,24.26,True,1.0
1,Delhi North,1,Tomato,2026-06-21,1771.0,24.58,True,1.0
1,Delhi North,1,Tomato,2026-06-22,1838.2,26.39,True,1.0
1,Delhi North,1,Tomato,2026-06-23,1793.2,25.72,True,1.0
1,Delhi North,1,Tomato,2026-06-24,1684.7,25.56,True,1.0
1,Delhi North,1,Tomato,2026-06-25,1781.6,24.22,True,1.0
1,Delhi North,1,Tomato,2026-06-26,1896.1,25.18,True,1.0
1,Delhi North,1,Tomato,2026-06-27,2150.8,24.33,True,1.0
1,Delhi North,1,Tomato,2026-06-28,1273.2,24.23,True,1.0
1,Delhi North,1,Tomato,2026-06-29,1860.7,25.56,True,1.0
1,Delhi North,1,Tomato,2026-06-30,1727.1,24.27,True,1.0
1,Delhi North,1,Tomato,2026-07-01,1752.0,24.94,True,1.0
1,Delhi North,1,Tomato,2026-07-02,1462.7,25.96,True,1.0
1,Delhi North,1,Tomato,2026-07-03,1878.0,27.27,True,1.0
1,Delhi North,1,Tomato,2026-07-04,1861.3,26.34,True,1.0
1,Delhi North,1,Tomato,2026-07-05,1048.3,25.95,True,1.0
1,Delhi North,1,Tomato,2026-07-06,2006.3,27.53,True,1.0
1,Delhi North,1,Tomato,2026-07-07,1589.6,27.26,True,1.0
1,Delhi North,1,Tomato,2026-07-08,1924.0,26.54,True,1.0
1,Delhi North,1,Tomato,2026-07-09,1501.4,26.08,True,1.0
1,Delhi North,1,Tomato,2026-07-10,2303.2,25.59,True,1.0
1,Delhi North,1,Tomato,2026-07-11,1950.5,25.65,True,1.0
1,Delhi North,1,Tomato,2026-07-12,1100.5,26.86,True,1.0
1,Delhi North,1,Tomato,2026-07-13,1527.4,27.59,True,1.0
1,Delhi North,1,Tomato,2026-07-14,2176.7,26.53,True,1.0
1,Delhi North,1,Tomato,2026-07-15,1898.4,26.86,True,1.0
1,Delhi North,1,Tomato,2026-07-16,1897.7,26.64,True,1.0
1,Delhi North,1,Tomato,2026-07-17,1709.2,27.42,True,1.0
1,Delhi North,1,Tomato,2026-07-18,1708.6,27.24,True,1.0
1,Delhi North,1,Tomato,2026-07-19,1273.1,27.55,True,1.0
1,Delhi North,1,Tomato,2026-07-20,1568.0,27.36,True,1.0
1,Delhi North,1,Tomato,2026-07-21,1567.4,25.71,True,1.0
1,Delhi North,1,Tomato,2026-07-22,1829.2,26.25,True,1.0
1,Delhi North,1,Tomato,2026-07-23,1988.1,25.66,True,1.0
1,Delhi North,1,Tomato,2026-07-24,2181.4,26.77,True,1.0
1,Delhi North,1,Tomato,2026-07-25,1676.0,26.48,True,1.0
1,Delhi North,1,Tomato,2026-07-26,1061.6,26.35,True,1.0
1,Delhi North,1,Tomato,2026-07-27,1619.2,26.72,True,1.0
1,Delhi North,1,Tomato,2026-07-28,1544.6,27.44,True,1.0
1,Delhi North,1,Tomato,2026-07-29,1891.9,27.39,True,1.0
1,Delhi North,1,Tomato,2026-07-30,2287.5,28.81,True,1.0
1,Delhi North,1,Tomato,2026-07-31,1633.8,29.86,True,1.0
1,Delhi North,1,Tomato,2026-08-01,1780.9,30.69,True,1.0
1,Delhi North,1,Tomato,2026-08-02,1618.3,29.6,True,1.0
1,Delhi North,1,Tomato,2026-08-03,1605.1,27.86,True,1.0
1,Delhi North,1,Tomato,2026-08-04,1882.2,28.86,True,1.0
1,Delhi North,1,Tomato,2026-08-05,1359.4,28.23,True,1.0
1,Delhi North,1,Tomato,2026-08-06,1555.9,28.17,True,1.0
1,Delhi North,1,Tomato,2026-08-07,1878.7,28.62,True,1.0
1,Delhi North,1,Tomato,2026-08-09,1005.5,28.71,True,1.0
1,Delhi North,1,Tomato,2026-08-10,1370.7,29.23,True,1.0
1,Delhi North,1,Tomato,2026-08-11,1698.9,29.16,True,1.0
1,Delhi North,1,Tomato,2026-08-12,1433.5,29.57,True,1.0
1,Delhi North,1,Tomato,2026-08-13,1556.7,29.58,True,1.0
1,Delhi North,1,Tomato,2026-08-14,1883.0,29.23,True,1.0
1,Delhi North,1,Tomato,2026-08-15,1872.7,28.64,True,1.0
1,Delhi North,1,Tomato,2026-08-16,1168.3,27.89,True,1.0
1,Delhi North,1,Tomato,2026-08-17,1753.6,28.2,True,1.0
1,Delhi North,1,Tomato,2026-08-18,1697.7,28.48,True,1.0
1,Delhi North,1,Tomato,2026-08-19,1306.9,29.27,True,1.0
1,Delhi North,1,Tomato,2026-08-20,1082.5,29.11,True,1.0
1,Delhi North,1,Tomato,2026-08-21,1539.0,28.13,True,1.0
1,Delhi North,1,Tomato,2026-08-22,1932.7,26.91,True,1.0
1,Delhi North,1,Tomato,2026-08-23,1362.5,27.19,True,1.0
1,Delhi North,1,Tomato,2026-08-24,1567.3,27.47,True,1.0
1,Delhi North,1,Tomato,2026-08-25,1179.3,27.61,True,1.0
1,Delhi North,1,Tomato,2026-08-26,1792.8,26.6,True,1.0
1,Delhi North,1,Tomato,2026-08-27,1553.8,27.91,True,1.0
1,Delhi North,1,Tomato,2026-08-28,1643.6,28.87,True,1.0
1,Delhi North,1,Tomato,2026-08-29,1924.6,28.0,True,1.0
1,Delhi North,1,Tomato,2026-08-30,1455.0,28.72,True,1.0
1,Delhi North,1,Tomato,2026-08-31,1181.3,29.35,True,1.0
1,Delhi North,1,Tomato,2026-09-01,1437.5,26.4,True,1.0
1,Delhi North,1,Tomato,2026-09-02,1530.5,26.4,True,1.0
1,Delhi North,1,Tomato,2026-09-03,1691.1,26.4,True,1.0
1,Delhi North,1,Tomato,2026-09-04,1796.9,26.4,True,1.0
1,Delhi North,1,Tomato,2026-09-05,1480.5,26.4,True,1.0
1,Delhi North,1,Tomato,2026-09-06,1397.3,26.4,True,1.0
1,Delhi North,1,Tomato,2026-09-07,1151.4,26.4,True,1.0
1,Delhi North,1,Tomato,2026-09-08,1626.1,26.4,True,1.0
1,Delhi North,1,Tomato,2026-09-09,1481.8,26.4,True,1.0
1,Delhi North,1,Tomato,2026-09-10,1541.5,26.4,True,1.0
1,Delhi North,1,Tomato,2026-09-11,1591.9,26.4,True,1.0
1,Delhi North,1,Tomato,2026-09-12,1577.1,26.4,True,1.0
1,Delhi North,1,Tomato,2026-09-13,943.3,26.4,True,1.0
1,Delhi North,1,Tomato,2026-09-14,1403.1,26.4,True,1.0
1,Delhi North,1,Tomato,2026-09-15,1474.1,26.4,True,1.0
1,Delhi North,1,Tomato,2026-09-16,1582.9,26.4,True,1.0
1,Delhi North,1,Tomato,2026-09-17,1426.3,26.4,True,1.0
1,Delhi North,1,Tomato,2026-09-18,1460.3,26.4,True,1.0
1,Delhi North,1,Tomato,2026-09-19,1406.1,26.4,True,1.0
1,Delhi North,1,Tomato,2026-09-20,1119.5,26.4,True,1.0
1,Delhi North,1,Tomato,2026-09-21,1321.2,26.4,True,1.0
1,Delhi North,1,Tomato,2026-09-22,1147.7,26.4,True,1.0
1,Delhi North,1,Tomato,2026-09-23,1312.9,26.4,True,1.0
1,Delhi North,1,Tomato,2026-09-24,1546.8,26.4,True,1.0
1,Delhi North,1,Tomato,2026-09-25,1083.4,26.4,True,1.0
1,Delhi North,1,Tomato,2026-09-26,1800.7,26.4,True,1.0
1,Delhi North,1,Tomato,2026-09-27,1153.3,26.4,True,1.0
1,Delhi North,1,Tomato,2026-09-28,1399.3,26.4,True,1.0
1,Delhi North,1,Tomato,2026-09-29,1394.3,26.4,True,1.0
1,Delhi North,1,Tomato,2026-09-30,1530.9,26.4,True,1.0
1,Delhi North,2,Onion,2024-10-01,2659.1,23.86,True,1.0
1,Delhi North,2,Onion,2024-10-02,2589.1,26.51,True,1.0
1,Delhi North,2,Onion,2024-10-03,2467.8,25.49,True,1.0
1,Delhi North,2,Onion,2024-10-04,2359.7,25.06,True,1.0
1,Delhi North,2,Onion,2024-10-05,2694.3,23.13,True,1.0
1,Delhi North,2,Onion,2024-10-06,1983.0,24.2,True,1.0
1,Delhi North,2,Onion,2024-10-07,2203.4,23.82,True,1.0
1,Delhi North,2,Onion,2024-10-08,1639.8,23.9,True,1.0
1,Delhi North,2,Onion,2024-10-09,2510.0,23.64,True,1.0
1,Delhi North,2,Onion,2024-10-11,2338.1,23.68,True,1.0
1,Delhi North,2,Onion,2024-10-12,2419.9,23.82,True,1.0
1,Delhi North,2,Onion,2024-10-13,1623.0,23.92,True,1.0
1,Delhi North,2,Onion,2024-10-14,2190.4,23.92,True,1.0
1,Delhi North,2,Onion,2024-10-15,1919.2,23.91,True,1.0
1,Delhi North,2,Onion,2024-10-16,2838.7,24.94,True,1.0
1,Delhi North,2,Onion,2024-10-17,1838.0,25.37,True,1.0
1,Delhi North,2,Onion,2024-10-18,2217.5,25.69,True,1.0
1,Delhi North,2,Onion,2024-10-19,2393.7,24.74,True,1.0
1,Delhi North,2,Onion,2024-10-20,1877.3,25.51,True,1.0
1,Delhi North,2,Onion,2024-10-21,2412.0,25.97,True,1.0
1,Delhi North,2,Onion,2024-10-22,2182.2,25.06,True,1.0
1,Delhi North,2,Onion,2024-10-23,2075.4,25.94,True,1.0
1,Delhi North,2,Onion,2024-10-24,2139.9,24.95,True,1.0
1,Delhi North,2,Onion,2024-10-25,2551.6,23.49,True,1.0
1,Delhi North,2,Onion,2024-10-26,2573.9,24.49,True,1.0
1,Delhi North,2,Onion,2024-10-27,2016.1,24.35,True,1.0
1,Delhi North,2,Onion,2024-10-28,2008.3,25.03,True,1.0
1,Delhi North,2,Onion,2024-10-29,2348.4,24.28,True,1.0
1,Delhi North,2,Onion,2024-10-30,2272.2,23.43,True,1.0
1,Delhi North,2,Onion,2024-10-31,2079.3,24.53,True,1.0
1,Delhi North,2,Onion,2024-11-01,1928.6,23.5,True,1.0
1,Delhi North,2,Onion,2024-11-02,2287.7,22.7,True,1.0
1,Delhi North,2,Onion,2024-11-03,1523.4,21.92,True,1.0
1,Delhi North,2,Onion,2024-11-04,2385.0,20.87,True,1.0
1,Delhi North,2,Onion,2024-11-05,2183.8,21.2,True,1.0
1,Delhi North,2,Onion,2024-11-06,2223.9,20.75,True,1.0
1,Delhi North,2,Onion,2024-11-07,2349.5,21.72,True,1.0
1,Delhi North,2,Onion,2024-11-08,2472.2,21.06,True,1.0
1,Delhi North,2,Onion,2024-11-09,2342.1,21.29,True,1.0
1,Delhi North,2,Onion,2024-11-10,1682.2,23.66,True,1.0
1,Delhi North,2,Onion,2024-11-11,2514.3,24.06,True,1.0
1,Delhi North,2,Onion,2024-11-12,2220.0,24.14,True,1.0
1,Delhi North,2,Onion,2024-11-13,1733.6,23.06,True,1.0
1,Delhi North,2,Onion,2024-11-14,2372.0,23.23,True,1.0
1,Delhi North,2,Onion,2024-11-15,2595.7,23.54,True,1.0
1,Delhi North,2,Onion,2024-11-16,2707.6,22.66,True,1.0
1,Delhi North,2,Onion,2024-11-17,1593.7,23.17,True,1.0
1,Delhi North,2,Onion,2024-11-18,2308.9,24.26,True,1.0
1,Delhi North,2,Onion,2024-11-19,2126.4,23.98,True,1.0
1,Delhi North,2,Onion,2024-11-20,3320.9,23.87,True,1.0
1,Delhi North,2,Onion,2024-11-21,1778.2,22.58,True,1.0
1,Delhi North,2,Onion,2024-11-22,2608.3,22.11,True,1.0
1,Delhi North,2,Onion,2024-11-23,2135.7,23.36,True,1.0
1,Delhi North,2,Onion,2024-11-24,1647.1,23.11,True,1.0
1,Delhi North,2,Onion,2024-11-25,1661.8,22.76,True,1.0
1,Delhi North,2,Onion,2024-11-26,2194.4,22.66,True,1.0
1,Delhi North,2,Onion,2024-11-27,2163.5,23.0,True,1.0
1,Delhi North,2,Onion,2024-11-28,1727.3,22.52,True,1.0
1,Delhi North,2,Onion,2024-11-29,2705.0,23.01,True,1.0
1,Delhi North,2,Onion,2024-11-30,2272.9,22.38,True,1.0
1,Delhi North,2,Onion,2024-12-01,1552.2,23.33,True,1.0
1,Delhi North,2,Onion,2024-12-02,2000.6,22.78,True,1.0
1,Delhi North,2,Onion,2024-12-03,1575.6,23.97,True,1.0
1,Delhi North,2,Onion,2024-12-04,1885.4,23.91,True,1.0
1,Delhi North,2,Onion,2024-12-05,2051.3,23.29,True,1.0
1,Delhi North,2,Onion,2024-12-06,2549.3,24.04,True,1.0
1,Delhi North,2,Onion,2024-12-07,2616.7,23.02,True,1.0
1,Delhi North,2,Onion,2024-12-08,1881.5,22.86,True,1.0
1,Delhi North,2,Onion,2024-12-09,1634.5,23.09,True,1.0
1,Delhi North,2,Onion,2024-12-10,2342.4,23.17,True,1.0
1,Delhi North,2,Onion,2024-12-11,2180.0,22.0,True,1.0
1,Delhi North,2,Onion,2024-12-12,2494.9,21.88,True,1.0
1,Delhi North,2,Onion,2024-12-13,2198.9,22.47,True,1.0
1,Delhi North,2,Onion,2024-12-14,2939.9,21.93,True,1.0
1,Delhi North,2,Onion,2024-12-15,1605.6,23.21,True,1.0
1,Delhi North,2,Onion,2024-12-16,2133.7,23.61,True,1.0
1,Delhi North,2,Onion,2024-12-17,2209.3,23.21,True,1.0
1,Delhi North,2,Onion,2024-12-18,1896.9,23.12,True,1.0
1,Delhi North,2,Onion,2024-12-19,1876.6,24.45,True,1.0
1,Delhi North,2,Onion,2024-12-20,1883.9,24.76,True,1.0
1,Delhi North,2,Onion,2024-12-21,2494.0,24.57,True,1.0
1,Delhi North,2,Onion,2024-12-22,1848.8,23.21,True,1.0
1,Delhi North,2,Onion,2024-12-23,1767.3,24.32,True,1.0
1,Delhi North,2,Onion,2024-12-24,1774.5,24.71,True,1.0
1,Delhi North,2,Onion,2024-12-25,2046.0,24.13,True,1.0
1,Delhi North,2,Onion,2024-12-26,1521.4,23.45,True,1.0
1,Delhi North,2,Onion,2024-12-27,2026.0,23.21,True,1.0
1,Delhi North,2,Onion,2024-12-28,2094.3,22.38,True,1.0
1,Delhi North,2,Onion,2024-12-29,1907.5,22.27,True,1.0
1,Delhi North,2,Onion,2024-12-30,1981.4,22.97,True,1.0
1,Delhi North,2,Onion,2025-01-01,1723.2,21.96,True,1.0
1,Delhi North,2,Onion,2025-01-02,1551.5,22.31,True,1.0
1,Delhi North,2,Onion,2025-01-03,2282.3,22.54,True,1.0
1,Delhi North,2,Onion,2025-01-04,2738.3,21.87,True,1.0
1,Delhi North,2,Onion,2025-01-05,1730.7,21.41,True,1.0
1,Delhi North,2,Onion,2025-01-06,1959.5,22.49,True,1.0
1,Delhi North,2,Onion,2025-01-07,1476.2,21.78,True,1.0
1,Delhi North,2,Onion,2025-01-08,1891.9,22.69,True,1.0
1,Delhi North,2,Onion,2025-01-09,2206.9,22.36,True,1.0
1,Delhi North,2,Onion,2025-01-10,2317.9,23.13,True,1.0
1,Delhi North,2,Onion,2025-01-11,2293.6,22.68,True,1.0
1,Delhi North,2,Onion,2025-01-12,1565.7,21.89,True,1.0
1,Delhi North,2,Onion,2025-01-13,1609.1,22.61,True,1.0
1,Delhi North,2,Onion,2025-01-14,2248.4,22.55,True,1.0
1,Delhi North,2,Onion,2025-01-15,2137.1,23.45,True,1.0
1,Delhi North,2,Onion,2025-01-16,2171.3,23.72,True,1.0
1,Delhi North,2,Onion,2025-01-17,2192.7,23.14,True,1.0
1,Delhi North,2,Onion,2025-01-18,2449.0,22.58,True,1.0
1,Delhi North,2,Onion,2025-01-19,1655.9,22.5,True,1.0
1,Delhi North,2,Onion,2025-01-20,1548.1,22.53,True,1.0
1,Delhi North,2,Onion,2025-01-21,2201.7,21.86,True,1.0
1,Delhi North,2,Onion,2025-01-22,1959.2,22.47,True,1.0
1,Delhi North,2,Onion,2025-01-23,1735.3,22.1,True,1.0
1,Delhi North,2,Onion,2025-01-24,2172.0,21.82,True,1.0
1,Delhi North,2,Onion,2025-01-25,2044.7,21.54,True,1.0
1,Delhi North,2,Onion,2025-01-26,1861.8,21.81,True,1.0
1,Delhi North,2,Onion,2025-01-27,1856.3,21.41,True,1.0
1,Delhi North,2,Onion,2025-01-28,1790.1,21.64,True,1.0
1,Delhi North,2,Onion,2025-01-29,1856.1,23.48,True,1.0
1,Delhi North,2,Onion,2025-01-30,1925.3,22.93,True,1.0
1,Delhi North,2,Onion,2025-01-31,2208.1,22.3,True,1.0
1,Delhi North,2,Onion,2025-02-01,2652.3,21.09,True,1.0
1,Delhi North,2,Onion,2025-02-02,1579.2,21.3,True,1.0
1,Delhi North,2,Onion,2025-02-03,1806.4,20.74,True,1.0
1,Delhi North,2,Onion,2025-02-04,1848.7,20.77,True,1.0
1,Delhi North,2,Onion,2025-02-05,1702.9,21.1,True,1.0
1,Delhi North,2,Onion,2025-02-06,2080.6,20.2,True,1.0
1,Delhi North,2,Onion,2025-02-07,2024.6,20.67,True,1.0
1,Delhi North,2,Onion,2025-02-08,2110.3,21.08,True,1.0
1,Delhi North,2,Onion,2025-02-09,1788.9,20.41,True,1.0
1,Delhi North,2,Onion,2025-02-10,1781.2,20.47,True,1.0
1,Delhi North,2,Onion,2025-02-11,1934.8,19.67,True,1.0
1,Delhi North,2,Onion,2025-02-12,1704.5,21.07,True,1.0
1,Delhi North,2,Onion,2025-02-13,1685.9,21.33,True,1.0
1,Delhi North,2,Onion,2025-02-14,2103.7,21.19,True,1.0
1,Delhi North,2,Onion,2025-02-15,2076.1,21.09,True,1.0
1,Delhi North,2,Onion,2025-02-16,1652.1,21.8,True,1.0
1,Delhi North,2,Onion,2025-02-17,1627.2,21.53,True,1.0
1,Delhi North,2,Onion,2025-02-18,1818.9,21.6,True,1.0
1,Delhi North,2,Onion,2025-02-19,1666.8,22.38,True,1.0
1,Delhi North,2,Onion,2025-02-20,2149.9,21.74,True,1.0
1,Delhi North,2,Onion,2025-02-21,2251.9,20.84,True,1.0
1,Delhi North,2,Onion,2025-02-22,2236.2,20.38,True,1.0
1,Delhi North,2,Onion,2025-02-23,1478.8,21.39,True,1.0
1,Delhi North,2,Onion,2025-02-24,1403.8,21.29,True,1.0
1,Delhi North,2,Onion,2025-02-25,2079.4,20.85,True,1.0
1,Delhi North,2,Onion,2025-02-26,1857.2,21.42,True,1.0
1,Delhi North,2,Onion,2025-02-27,2328.9,21.83,True,1.0
1,Delhi North,2,Onion,2025-02-28,2224.9,21.2,True,1.0
1,Delhi North,2,Onion,2025-03-01,2061.9,20.47,True,1.0
1,Delhi North,2,Onion,2025-03-02,1478.5,19.63,True,1.0
1,Delhi North,2,Onion,2025-03-03,2342.4,18.93,True,1.0
1,Delhi North,2,Onion,2025-03-04,2055.8,19.27,True,1.0
1,Delhi North,2,Onion,2025-03-05,1886.5,19.15,True,1.0
1,Delhi North,2,Onion,2025-03-06,2294.5,20.62,True,1.0
1,Delhi North,2,Onion,2025-03-07,2029.4,20.62,True,1.0
1,Delhi North,2,Onion,2025-03-08,2783.8,19.47,True,1.0
1,Delhi North,2,Onion,2025-03-09,1971.7,20.57,True,1.0
1,Delhi North,2,Onion,2025-03-10,1722.9,20.62,True,1.0
1,Delhi North,2,Onion,2025-03-11,2056.5,20.97,True,1.0
1,Delhi North,2,Onion,2025-03-12,1782.1,21.19,True,1.0
1,Delhi North,2,Onion,2025-03-13,2067.6,21.11,True,1.0
1,Delhi North,2,Onion,2025-03-14,2447.0,21.18,True,1.0
1,Delhi North,2,Onion,2025-03-15,2456.7,21.04,True,1.0
1,Delhi North,2,Onion,2025-03-16,1654.6,20.16,True,1.0
1,Delhi North,2,Onion,2025-03-17,2272.5,20.39,True,1.0
1,Delhi North,2,Onion,2025-03-18,2163.7,20.93,True,1.0
1,Delhi North,2,Onion,2025-03-19,2004.7,20.58,True,1.0
1,Delhi North,2,Onion,2025-03-20,2049.1,20.77,True,1.0
1,Delhi North,2,Onion,2025-03-21,2382.8,20.82,True,1.0
1,Delhi North,2,Onion,2025-03-22,2264.8,21.7,True,1.0
1,Delhi North,2,Onion,2025-03-23,1621.3,21.05,True,1.0
1,Delhi North,2,Onion,2025-03-24,1713.5,20.57,True,1.0
1,Delhi North,2,Onion,2025-03-25,2143.2,20.34,True,1.0
1,Delhi North,2,Onion,2025-03-26,2070.6,20.19,True,1.0
1,Delhi North,2,Onion,2025-03-27,2168.1,18.86,True,1.0
1,Delhi North,2,Onion,2025-03-28,2585.1,18.84,True,1.0
1,Delhi North,2,Onion,2025-03-29,2299.1,19.33,True,1.0
1,Delhi North,2,Onion,2025-03-30,1824.8,19.51,True,1.0
1,Delhi North,2,Onion,2025-03-31,2480.9,19.19,True,1.0
1,Delhi North,2,Onion,2025-04-01,2125.7,19.04,True,1.0
1,Delhi North,2,Onion,2025-04-02,1781.8,19.09,True,1.0
1,Delhi North,2,Onion,2025-04-03,2113.8,18.89,True,1.0
1,Delhi North,2,Onion,2025-04-04,1987.8,18.89,True,1.0
1,Delhi North,2,Onion,2025-04-05,2305.3,18.88,True,1.0
1,Delhi North,2,Onion,2025-04-06,1956.9,19.66,True,1.0
1,Delhi North,2,Onion,2025-04-07,2303.8,20.28,True,1.0
1,Delhi North,2,Onion,2025-04-08,2461.2,20.68,True,1.0
1,Delhi North,2,Onion,2025-04-09,2120.6,20.66,True,1.0
1,Delhi North,2,Onion,2025-04-10,2479.5,19.98,True,1.0
1,Delhi North,2,Onion,2025-04-11,2387.3,20.47,True,1.0
1,Delhi North,2,Onion,2025-04-12,2714.3,20.07,True,1.0
1,Delhi North,2,Onion,2025-04-13,1947.2,19.99,True,1.0
1,Delhi North,2,Onion,2025-04-14,2085.2,20.69,True,1.0
1,Delhi North,2,Onion,2025-04-15,2279.6,20.45,True,1.0
1,Delhi North,2,Onion,2025-04-16,2371.2,20.37,True,1.0
1,Delhi North,2,Onion,2025-04-17,2207.1,19.37,True,1.0
1,Delhi North,2,Onion,2025-04-18,2777.8,19.75,True,1.0
1,Delhi North,2,Onion,2025-04-19,2807.7,19.19,True,1.0
1,Delhi North,2,Onion,2025-04-20,1541.6,19.91,True,1.0
1,Delhi North,2,Onion,2025-04-21,1867.9,19.74,True,1.0
1,Delhi North,2,Onion,2025-04-22,2742.7,18.51,True,1.0
1,Delhi North,2,Onion,2025-04-23,2047.8,18.66,True,1.0
1,Delhi North,2,Onion,2025-04-24,2423.9,18.84,True,1.0
1,Delhi North,2,Onion,2025-04-26,2510.5,19.83,True,1.0
1,Delhi North,2,Onion,2025-04-27,2074.3,19.6,True,1.0
1,Delhi North,2,Onion,2025-04-28,2474.8,20.21,True,1.0
1,Delhi North,2,Onion,2025-04-29,2888.8,18.32,True,1.0
1,Delhi North,2,Onion,2025-04-30,2854.5,18.34,True,1.0
1,Delhi North,2,Onion,2025-05-01,2378.3,18.15,True,1.0
1,Delhi North,2,Onion,2025-05-02,2155.5,17.95,True,1.0
1,Delhi North,2,Onion,2025-05-03,2925.8,18.97,True,1.0
1,Delhi North,2,Onion,2025-05-04,1821.7,19.65,True,1.0
1,Delhi North,2,Onion,2025-05-05,1962.9,19.24,True,1.0
1,Delhi North,2,Onion,2025-05-06,2432.0,20.04,True,1.0
1,Delhi North,2,Onion,2025-05-07,2481.0,20.01,True,1.0
1,Delhi North,2,Onion,2025-05-08,2244.4,19.68,True,1.0
1,Delhi North,2,Onion,2025-05-09,2496.5,19.32,True,1.0
1,Delhi North,2,Onion,2025-05-10,3557.3,19.02,True,1.0
1,Delhi North,2,Onion,2025-05-11,1972.0,19.5,True,1.0
1,Delhi North,2,Onion,2025-05-12,1839.8,19.95,True,1.0
1,Delhi North,2,Onion,2025-05-13,1784.4,20.03,True,1.0
1,Delhi North,2,Onion,2025-05-14,2429.1,18.83,True,1.0
1,Delhi North,2,Onion,2025-05-15,2523.4,19.28,True,1.0
1,Delhi North,2,Onion,2025-05-16,3421.4,19.75,True,1.0
1,Delhi North,2,Onion,2025-05-17,3775.2,19.4,True,1.0
1,Delhi North,2,Onion,2025-05-18,2388.0,19.56,True,1.0
1,Delhi North,2,Onion,2025-05-19,2463.5,18.63,True,1.0
1,Delhi North,2,Onion,2025-05-20,2507.3,18.34,True,1.0
1,Delhi North,2,Onion,2025-05-21,2884.8,18.62,True,1.0
1,Delhi North,2,Onion,2025-05-22,2649.4,18.83,True,1.0
1,Delhi North,2,Onion,2025-05-23,2575.4,19.35,True,1.0
1,Delhi North,2,Onion,2025-05-24,3908.8,18.87,True,1.0
1,Delhi North,2,Onion,2025-05-25,2353.9,19.01,True,1.0
1,Delhi North,2,Onion,2025-05-26,2560.1,19.03,True,1.0
1,Delhi North,2,Onion,2025-05-27,2514.1,19.61,True,1.0
1,Delhi North,2,Onion,2025-05-28,2069.4,20.55,True,1.0
1,Delhi North,2,Onion,2025-05-29,2341.1,21.42,True,1.0
1,Delhi North,2,Onion,2025-05-30,2493.4,20.09,True,1.0
1,Delhi North,2,Onion,2025-05-31,2798.2,20.06,True,1.0
1,Delhi North,2,Onion,2025-06-01,2121.5,19.45,True,1.0
1,Delhi North,2,Onion,2025-06-02,2190.0,19.61,True,1.0
1,Delhi North,2,Onion,2025-06-03,2863.4,20.01,True,1.0
1,Delhi North,2,Onion,2025-06-04,2676.8,20.11,True,1.0
1,Delhi North,2,Onion,2025-06-05,2562.0,20.11,True,1.0
1,Delhi North,2,Onion,2025-06-06,2534.3,21.02,True,1.0
1,Delhi North,2,Onion,2025-06-07,2901.4,21.22,True,1.0
1,Delhi North,2,Onion,2025-06-08,2143.2,20.77,True,1.0
1,Delhi North,2,Onion,2025-06-09,2405.1,20.65,True,1.0
1,Delhi North,2,Onion,2025-06-10,2433.9,21.07,True,1.0
1,Delhi North,2,Onion,2025-06-11,2394.0,21.22,True,1.0
1,Delhi North,2,Onion,2025-06-12,2550.7,20.72,True,1.0
1,Delhi North,2,Onion,2025-06-13,2989.1,19.61,True,1.0
1,Delhi North,2,Onion,2025-06-14,3249.0,19.2,True,1.0
1,Delhi North,2,Onion,2025-06-15,1999.0,19.65,True,1.0
1,Delhi North,2,Onion,2025-06-16,2909.5,18.92,True,1.0
1,Delhi North,2,Onion,2025-06-17,2213.8,19.31,True,1.0
1,Delhi North,2,Onion,2025-06-18,3018.6,19.42,True,1.0
1,Delhi North,2,Onion,2025-06-19,2087.3,20.34,True,1.0
1,Delhi North,2,Onion,2025-06-20,2463.2,19.68,True,1.0
1,Delhi North,2,Onion,2025-06-21,3612.8,18.9,True,1.0
1,Delhi North,2,Onion,2025-06-22,1748.9,19.19,True,1.0
1,Delhi North,2,Onion,2025-06-23,2604.6,20.0,True,1.0
1,Delhi North,2,Onion,2025-06-24,2388.9,20.85,True,1.0
1,Delhi North,2,Onion,2025-06-25,2157.3,20.3,True,1.0
1,Delhi North,2,Onion,2025-06-26,3001.2,20.74,True,1.0
1,Delhi North,2,Onion,2025-06-27,3133.6,20.13,True,1.0
1,Delhi North,2,Onion,2025-06-28,2564.6,19.93,True,1.0
1,Delhi North,2,Onion,2025-06-29,2265.8,20.56,True,1.0
1,Delhi North,2,Onion,2025-06-30,2415.6,21.11,True,1.0
1,Delhi North,2,Onion,2025-07-01,1768.4,20.49,True,1.0
1,Delhi North,2,Onion,2025-07-02,2721.6,20.94,True,1.0
1,Delhi North,2,Onion,2025-07-03,3034.4,19.89,True,1.0
1,Delhi North,2,Onion,2025-07-04,3607.4,20.13,True,1.0
1,Delhi North,2,Onion,2025-07-05,3836.7,19.78,True,1.0
1,Delhi North,2,Onion,2025-07-06,1899.2,19.74,True,1.0
1,Delhi North,2,Onion,2025-07-07,2648.0,19.45,True,1.0
1,Delhi North,2,Onion,2025-07-08,2514.3,20.3,True,1.0
1,Delhi North,2,Onion,2025-07-09,2154.3,20.93,True,1.0
1,Delhi North,2,Onion,2025-07-10,2920.8,20.64,True,1.0
1,Delhi North,2,Onion,2025-07-11,3004.0,21.08,True,1.0
1,Delhi North,2,Onion,2025-07-12,3294.1,21.34,True,1.0
1,Delhi North,2,Onion,2025-07-13,1944.0,21.3,True,1.0
1,Delhi North,2,Onion,2025-07-14,2747.9,22.72,True,1.0
1,Delhi North,2,Onion,2025-07-15,2816.9,21.83,True,1.0
1,Delhi North,2,Onion,2025-07-16,3090.4,21.76,True,1.0
1,Delhi North,2,Onion,2025-07-17,2351.7,21.48,True,1.0
1,Delhi North,2,Onion,2025-07-18,2627.2,21.31,True,1.0
1,Delhi North,2,Onion,2025-07-19,3374.2,21.52,True,1.0
1,Delhi North,2,Onion,2025-07-20,1999.9,21.4,True,1.0
1,Delhi North,2,Onion,2025-07-21,2711.2,20.99,True,1.0
1,Delhi North,2,Onion,2025-07-22,2308.0,21.31,True,1.0
1,Delhi North,2,Onion,2025-07-23,2121.5,22.21,True,1.0
1,Delhi North,2,Onion,2025-07-24,2978.5,22.72,True,1.0
1,Delhi North,2,Onion,2025-07-25,2490.0,22.61,True,1.0
1,Delhi North,2,Onion,2025-07-26,4071.6,21.95,True,1.0
1,Delhi North,2,Onion,2025-07-27,2387.1,22.09,True,1.0
1,Delhi North,2,Onion,2025-07-28,2670.9,22.77,True,1.0
1,Delhi North,2,Onion,2025-07-29,2540.4,23.35,True,1.0
1,Delhi North,2,Onion,2025-07-30,2393.2,23.21,True,1.0
1,Delhi North,2,Onion,2025-07-31,2306.7,22.66,True,1.0
1,Delhi North,2,Onion,2025-08-01,3333.0,22.39,True,1.0
1,Delhi North,2,Onion,2025-08-02,2841.0,22.85,True,1.0
1,Delhi North,2,Onion,2025-08-03,2187.4,23.13,True,1.0
1,Delhi North,2,Onion,2025-08-04,2474.8,21.77,True,1.0
1,Delhi North,2,Onion,2025-08-05,2602.5,22.36,True,1.0
1,Delhi North,2,Onion,2025-08-06,2340.9,22.84,True,1.0
1,Delhi North,2,Onion,2025-08-07,2873.1,22.15,True,1.0
1,Delhi North,2,Onion,2025-08-08,3350.8,21.77,True,1.0
1,Delhi North,2,Onion,2025-08-09,3285.6,21.52,True,1.0
1,Delhi North,2,Onion,2025-08-10,2018.7,21.41,True,1.0
1,Delhi North,2,Onion,2025-08-11,2430.4,20.9,True,1.0
1,Delhi North,2,Onion,2025-08-12,2941.7,21.6,True,1.0
1,Delhi North,2,Onion,2025-08-13,2857.3,21.43,True,1.0
1,Delhi North,2,Onion,2025-08-14,3094.8,21.77,True,1.0
1,Delhi North,2,Onion,2025-08-15,3041.5,21.75,True,1.0
1,Delhi North,2,Onion,2025-08-16,3576.7,22.22,True,1.0
1,Delhi North,2,Onion,2025-08-17,2025.1,21.76,True,1.0
1,Delhi North,2,Onion,2025-08-18,2887.7,22.24,True,1.0
1,Delhi North,2,Onion,2025-08-19,2184.7,22.69,True,1.0
1,Delhi North,2,Onion,2025-08-20,2825.3,23.31,True,1.0
1,Delhi North,2,Onion,2025-08-21,2710.1,24.55,True,1.0
1,Delhi North,2,Onion,2025-08-22,3468.5,22.68,True,1.0
1,Delhi North,2,Onion,2025-08-23,4114.6,23.0,True,1.0
1,Delhi North,2,Onion,2025-08-24,2013.8,22.56,True,1.0
1,Delhi North,2,Onion,2025-08-25,2120.5,21.51,True,1.0
1,Delhi North,2,Onion,2025-08-26,2762.2,22.53,True,1.0
1,Delhi North,2,Onion,2025-08-27,3014.5,23.6,True,1.0
1,Delhi North,2,Onion,2025-08-28,3135.8,23.23,True,1.0
1,Delhi North,2,Onion,2025-08-29,2383.4,23.38,True,1.0
1,Delhi North,2,Onion,2025-08-30,2446.4,23.31,True,1.0
1,Delhi North,2,Onion,2025-08-31,2386.8,23.6,True,1.0
1,Delhi North,2,Onion,2025-09-02,2667.6,24.14,True,1.0
1,Delhi North,2,Onion,2025-09-03,2419.5,24.16,True,1.0
1,Delhi North,2,Onion,2025-09-04,3003.9,24.82,True,1.0
1,Delhi North,2,Onion,2025-09-05,2330.0,24.29,True,1.0
1,Delhi North,2,Onion,2025-09-06,2346.0,24.7,True,1.0
1,Delhi North,2,Onion,2025-09-07,2040.8,23.78,True,1.0
1,Delhi North,2,Onion,2025-09-08,2503.8,24.83,True,1.0
1,Delhi North,2,Onion,2025-09-09,2610.0,24.98,True,1.0
1,Delhi North,2,Onion,2025-09-10,2320.0,24.28,True,1.0
1,Delhi North,2,Onion,2025-09-11,2525.3,22.68,True,1.0
1,Delhi North,2,Onion,2025-09-12,2102.9,22.98,True,1.0
1,Delhi North,2,Onion,2025-09-13,3250.9,22.42,True,1.0
1,Delhi North,2,Onion,2025-09-14,1847.7,23.0,True,1.0
1,Delhi North,2,Onion,2025-09-15,2943.6,24.21,True,1.0
1,Delhi North,2,Onion,2025-09-16,2678.6,24.19,True,1.0
1,Delhi North,2,Onion,2025-09-17,2423.2,23.96,True,1.0
1,Delhi North,2,Onion,2025-09-18,2540.4,24.16,True,1.0
1,Delhi North,2,Onion,2025-09-19,2378.9,24.26,True,1.0
1,Delhi North,2,Onion,2025-09-20,2818.6,22.57,True,1.0
1,Delhi North,2,Onion,2025-09-21,2231.7,23.12,True,1.0
1,Delhi North,2,Onion,2025-09-22,2434.7,23.78,True,1.0
1,Delhi North,2,Onion,2025-09-23,2361.3,23.66,True,1.0
1,Delhi North,2,Onion,2025-09-24,2883.7,24.42,True,1.0
1,Delhi North,2,Onion,2025-09-25,2590.0,24.2,True,1.0
1,Delhi North,2,Onion,2025-09-26,2030.4,24.68,True,1.0
1,Delhi North,2,Onion,2025-09-27,2740.5,26.13,True,1.0
1,Delhi North,2,Onion,2025-09-28,2016.0,25.42,True,1.0
1,Delhi North,2,Onion,2025-09-29,1881.4,23.65,True,1.0
1,Delhi North,2,Onion,2025-09-30,2001.3,23.56,True,1.0
1,Delhi North,2,Onion,2025-10-01,2327.1,22.58,True,1.0
1,Delhi North,2,Onion,2025-10-02,2092.7,23.43,True,1.0
1,Delhi North,2,Onion,2025-10-03,3034.2,24.54,True,1.0
1,Delhi North,2,Onion,2025-10-04,2903.4,24.91,True,1.0
1,Delhi North,2,Onion,2025-10-05,2059.2,24.91,True,1.0
1,Delhi North,2,Onion,2025-10-06,2034.0,24.24,True,1.0
1,Delhi North,2,Onion,2025-10-07,2253.8,25.34,True,1.0
1,Delhi North,2,Onion,2025-10-08,2047.1,25.54,True,1.0
1,Delhi North,2,Onion,2025-10-09,3078.0,25.34,True,1.0
1,Delhi North,2,Onion,2025-10-10,2478.3,25.15,True,1.0
1,Delhi North,2,Onion,2025-10-11,2868.9,24.95,True,1.0
1,Delhi North,2,Onion,2025-10-13,1672.9,24.38,True,1.0
1,Delhi North,2,Onion,2025-10-14,2028.9,25.43,True,1.0
1,Delhi North,2,Onion,2025-10-15,2545.2,25.19,True,1.0
1,Delhi North,2,Onion,2025-10-16,2496.0,25.34,True,1.0
1,Delhi North,2,Onion,2025-10-17,2352.4,24.71,True,1.0
1,Delhi North,2,Onion,2025-10-18,2600.6,24.85,True,1.0
1,Delhi North,2,Onion,2025-10-19,1756.8,23.12,True,1.0
1,Delhi North,2,Onion,2025-10-20,2341.5,22.73,True,1.0
1,Delhi North,2,Onion,2025-10-21,1944.7,23.17,True,1.0
1,Delhi North,2,Onion,2025-10-22,2611.6,22.64,True,1.0
1,Delhi North,2,Onion,2025-10-23,2320.0,24.79,True,1.0
1,Delhi North,2,Onion,2025-10-24,2535.8,23.5,True,1.0
1,Delhi North,2,Onion,2025-10-25,2490.9,23.98,True,1.0
1,Delhi North,2,Onion,2025-10-26,1725.3,25.24,True,1.0
1,Delhi North,2,Onion,2025-10-27,2236.3,25.31,True,1.0
1,Delhi North,2,Onion,2025-10-28,1882.0,24.78,True,1.0
1,Delhi North,2,Onion,2025-10-29,2535.3,24.25,True,1.0
1,Delhi North,2,Onion,2025-10-30,2199.9,24.74,True,1.0
1,Delhi North,2,Onion,2025-10-31,2519.0,24.05,True,1.0
1,Delhi North,2,Onion,2025-11-01,2405.2,24.04,True,1.0
1,Delhi North,2,Onion,2025-11-02,1975.7,24.6,True,1.0
1,Delhi North,2,Onion,2025-11-03,2147.0,24.29,True,1.0
1,Delhi North,2,Onion,2025-11-04,2247.9,24.35,True,1.0
1,Delhi North,2,Onion,2025-11-05,2633.9,24.12,True,1.0
1,Delhi North,2,Onion,2025-11-06,2134.6,23.5,True,1.0
1,Delhi North,2,Onion,2025-11-07,2015.8,24.55,True,1.0
1,Delhi North,2,Onion,2025-11-08,2008.2,25.45,True,1.0
1,Delhi North,2,Onion,2025-11-09,1873.3,24.86,True,1.0
1,Delhi North,2,Onion,2025-11-10,1777.7,24.48,True,1.0
1,Delhi North,2,Onion,2025-11-11,2115.4,24.28,True,1.0
1,Delhi North,2,Onion,2025-11-12,2025.7,24.64,True,1.0
1,Delhi North,2,Onion,2025-11-13,1827.7,23.88,True,1.0
1,Delhi North,2,Onion,2025-11-14,2004.0,23.91,True,1.0
1,Delhi North,2,Onion,2025-11-15,2742.7,24.17,True,1.0
1,Delhi North,2,Onion,2025-11-16,1937.6,24.62,True,1.0
1,Delhi North,2,Onion,2025-11-17,2257.3,22.61,True,1.0
1,Delhi North,2,Onion,2025-11-18,2089.5,23.32,True,1.0
1,Delhi North,2,Onion,2025-11-19,1965.1,23.79,True,1.0
1,Delhi North,2,Onion,2025-11-20,2076.7,24.58,True,1.0
1,Delhi North,2,Onion,2025-11-21,1937.3,24.07,True,1.0
1,Delhi North,2,Onion,2025-11-22,2105.3,23.71,True,1.0
1,Delhi North,2,Onion,2025-11-24,3752.3,23.39,True,1.0
1,Delhi North,2,Onion,2025-11-25,2807.7,24.7,True,1.0
1,Delhi North,2,Onion,2025-11-26,2254.9,26.34,True,1.0
1,Delhi North,2,Onion,2025-11-27,1831.6,25.96,True,1.0
1,Delhi North,2,Onion,2025-11-28,2424.9,25.93,True,1.0
1,Delhi North,2,Onion,2025-11-29,2727.2,24.26,True,1.0
1,Delhi North,2,Onion,2025-11-30,2113.7,23.68,True,1.0
1,Delhi North,2,Onion,2025-12-01,1788.3,24.47,True,1.0
1,Delhi North,2,Onion,2025-12-02,1740.5,24.54,True,1.0
1,Delhi North,2,Onion,2025-12-03,2149.5,24.2,True,1.0
1,Delhi North,2,Onion,2025-12-04,1940.6,24.24,True,1.0
1,Delhi North,2,Onion,2025-12-05,2493.5,24.46,True,1.0
1,Delhi North,2,Onion,2025-12-06,2522.0,24.04,True,1.0
1,Delhi North,2,Onion,2025-12-07,1742.8,23.93,True,1.0
1,Delhi North,2,Onion,2025-12-08,2374.2,23.84,True,1.0
1,Delhi North,2,Onion,2025-12-09,2162.9,23.09,True,1.0
1,Delhi North,2,Onion,2025-12-10,2037.4,23.47,True,1.0
1,Delhi North,2,Onion,2025-12-11,2207.5,24.76,True,1.0
1,Delhi North,2,Onion,2025-12-12,2413.8,25.64,True,1.0
1,Delhi North,2,Onion,2025-12-13,2284.2,23.97,True,1.0
1,Delhi North,2,Onion,2025-12-14,1697.3,24.23,True,1.0
1,Delhi North,2,Onion,2025-12-15,2223.5,24.48,True,1.0
1,Delhi North,2,Onion,2025-12-16,2015.8,23.89,True,1.0
1,Delhi North,2,Onion,2025-12-17,1817.2,23.11,True,1.0
1,Delhi North,2,Onion,2025-12-18,2076.3,22.34,True,1.0
1,Delhi North,2,Onion,2025-12-19,2542.1,22.37,True,1.0
1,Delhi North,2,Onion,2025-12-20,2414.2,22.88,True,1.0
1,Delhi North,2,Onion,2025-12-21,1750.4,22.91,True,1.0
1,Delhi North,2,Onion,2025-12-22,1880.9,22.62,True,1.0
1,Delhi North,2,Onion,2025-12-23,2156.3,22.01,True,1.0
1,Delhi North,2,Onion,2025-12-24,2326.8,22.59,True,1.0
1,Delhi North,2,Onion,2025-12-25,2274.4,23.47,True,1.0
1,Delhi North,2,Onion,2025-12-26,1844.9,22.77,True,1.0
1,Delhi North,2,Onion,2025-12-27,2662.8,23.17,True,1.0
1,Delhi North,2,Onion,2025-12-28,1574.3,21.93,True,1.0
1,Delhi North,2,Onion,2025-12-29,1826.1,21.85,True,1.0
1,Delhi North,2,Onion,2025-12-30,2016.1,22.66,True,1.0
1,Delhi North,2,Onion,2025-12-31,1547.1,22.04,True,1.0
1,Delhi North,2,Onion,2026-01-01,1965.8,21.91,True,1.0
1,Delhi North,2,Onion,2026-01-02,2312.9,23.12,True,1.0
1,Delhi North,2,Onion,2026-01-03,2310.5,22.56,True,1.0
1,Delhi North,2,Onion,2026-01-04,1262.9,22.09,True,1.0
1,Delhi North,2,Onion,2026-01-05,2085.6,22.67,True,1.0
1,Delhi North,2,Onion,2026-01-06,1605.1,23.99,True,1.0
1,Delhi North,2,Onion,2026-01-07,1909.3,23.44,True,1.0
1,Delhi North,2,Onion,2026-01-08,1646.1,23.72,True,1.0
1,Delhi North,2,Onion,2026-01-09,2281.6,24.3,True,1.0
1,Delhi North,2,Onion,2026-01-10,2258.4,24.0,True,1.0
1,Delhi North,2,Onion,2026-01-11,1429.1,23.38,True,1.0
1,Delhi North,2,Onion,2026-01-12,2199.6,22.54,True,1.0
1,Delhi North,2,Onion,2026-01-13,1863.5,21.62,True,1.0
1,Delhi North,2,Onion,2026-01-14,1830.0,22.57,True,1.0
1,Delhi North,2,Onion,2026-01-15,1937.1,22.64,True,1.0
1,Delhi North,2,Onion,2026-01-16,2335.6,23.43,True,1.0
1,Delhi North,2,Onion,2026-01-17,2078.2,23.75,True,1.0
1,Delhi North,2,Onion,2026-01-18,1639.7,22.89,True,1.0
1,Delhi North,2,Onion,2026-01-19,1995.8,21.94,True,1.0
1,Delhi North,2,Onion,2026-01-20,1893.4,22.28,True,1.0
1,Delhi North,2,Onion,2026-01-21,1864.0,21.84,True,1.0
1,Delhi North,2,Onion,2026-01-22,2205.1,22.16,True,1.0
1,Delhi North,2,Onion,2026-01-23,2257.5,21.68,True,1.0
1,Delhi North,2,Onion,2026-01-24,1904.4,21.26,True,1.0
1,Delhi North,2,Onion,2026-01-25,1543.9,21.39,True,1.0
1,Delhi North,2,Onion,2026-01-26,1676.7,22.15,True,1.0
1,Delhi North,2,Onion,2026-01-27,2114.0,22.27,True,1.0
1,Delhi North,2,Onion,2026-01-28,1581.8,22.91,True,1.0
1,Delhi North,2,Onion,2026-01-29,2050.6,21.8,True,1.0
1,Delhi North,2,Onion,2026-01-30,2279.6,21.16,True,1.0
1,Delhi North,2,Onion,2026-01-31,2365.6,21.28,True,1.0
1,Delhi North,2,Onion,2026-02-01,1845.9,22.78,True,1.0
1,Delhi North,2,Onion,2026-02-02,1731.0,22.88,True,1.0
1,Delhi North,2,Onion,2026-02-03,2136.4,21.83,True,1.0
1,Delhi North,2,Onion,2026-02-04,2050.8,21.71,True,1.0
1,Delhi North,2,Onion,2026-02-05,1892.2,21.81,True,1.0
1,Delhi North,2,Onion,2026-02-06,2111.4,21.37,True,1.0
1,Delhi North,2,Onion,2026-02-07,2321.2,21.79,True,1.0
1,Delhi North,2,Onion,2026-02-08,1567.8,21.59,True,1.0
1,Delhi North,2,Onion,2026-02-09,1601.8,21.35,True,1.0
1,Delhi North,2,Onion,2026-02-10,1658.7,22.14,True,1.0
1,Delhi North,2,Onion,2026-02-12,2071.8,20.42,True,1.0
1,Delhi North,2,Onion,2026-02-13,2252.0,20.19,True,1.0
1,Delhi North,2,Onion,2026-02-14,2459.0,20.0,True,1.0
1,Delhi North,2,Onion,2026-02-15,1457.0,19.93,True,1.0
1,Delhi North,2,Onion,2026-02-16,2291.3,20.57,True,1.0
1,Delhi North,2,Onion,2026-02-17,2379.3,21.39,True,1.0
1,Delhi North,2,Onion,2026-02-18,1678.5,21.86,True,1.0
1,Delhi North,2,Onion,2026-02-19,1821.7,20.99,True,1.0
1,Delhi North,2,Onion,2026-02-20,2239.3,20.93,True,1.0
1,Delhi North,2,Onion,2026-02-21,2707.1,21.21,True,1.0
1,Delhi North,2,Onion,2026-02-22,1470.6,21.27,True,1.0
1,Delhi North,2,Onion,2026-02-23,2411.9,21.96,True,1.0
1,Delhi North,2,Onion,2026-02-24,2039.8,21.21,True,1.0
1,Delhi North,2,Onion,2026-02-25,2198.1,21.19,True,1.0
1,Delhi North,2,Onion,2026-02-26,1768.6,20.83,True,1.0
1,Delhi North,2,Onion,2026-02-27,2097.0,20.96,True,1.0
1,Delhi North,2,Onion,2026-02-28,2266.8,20.26,True,1.0
1,Delhi North,2,Onion,2026-03-01,1404.1,19.85,True,1.0
1,Delhi North,2,Onion,2026-03-02,1994.0,19.68,True,1.0
1,Delhi North,2,Onion,2026-03-03,2005.9,19.64,True,1.0
1,Delhi North,2,Onion,2026-03-04,2388.1,20.82,True,1.0
1,Delhi North,2,Onion,2026-03-05,2572.3,21.45,True,1.0
1,Delhi North,2,Onion,2026-03-06,2185.0,21.04,True,1.0
1,Delhi North,2,Onion,2026-03-07,2578.0,20.98,True,1.0
1,Delhi North,2,Onion,2026-03-08,2274.1,19.9,True,1.0
1,Delhi North,2,Onion,2026-03-09,2241.8,19.96,True,1.0
1,Delhi North,2,Onion,2026-03-10,2274.0,20.19,True,1.0
1,Delhi North,2,Onion,2026-03-11,2346.9,20.92,True,1.0
1,Delhi North,2,Onion,2026-03-12,2415.8,20.94,True,1.0
1,Delhi North,2,Onion,2026-03-13,2403.8,21.02,True,1.0
1,Delhi North,2,Onion,2026-03-14,2577.3,20.98,True,1.0
1,Delhi North,2,Onion,2026-03-15,1833.6,20.92,True,1.0
1,Delhi North,2,Onion,2026-03-16,1929.3,19.91,True,1.0
1,Delhi North,2,Onion,2026-03-17,2018.6,19.77,True,1.0
1,Delhi North,2,Onion,2026-03-18,2269.4,20.73,True,1.0
1,Delhi North,2,Onion,2026-03-19,2778.2,21.05,True,1.0
1,Delhi North,2,Onion,2026-03-20,2128.0,21.07,True,1.0
1,Delhi North,2,Onion,2026-03-21,2703.1,20.82,True,1.0
1,Delhi North,2,Onion,2026-03-22,1359.5,20.99,True,1.0
1,Delhi North,2,Onion,2026-03-23,1948.5,20.16,True,1.0
1,Delhi North,2,Onion,2026-03-24,2663.8,19.24,True,1.0
1,Delhi North,2,Onion,2026-03-25,2469.7,19.27,True,1.0
1,Delhi North,2,Onion,2026-03-26,2055.8,19.79,True,1.0
1,Delhi North,2,Onion,2026-03-27,1947.2,19.91,True,1.0
1,Delhi North,2,Onion,2026-03-28,2511.8,20.52,True,1.0
1,Delhi North,2,Onion,2026-03-29,1828.3,20.55,True,1.0
1,Delhi North,2,Onion,2026-03-30,2207.4,20.39,True,1.0
1,Delhi North,2,Onion,2026-03-31,2270.5,21.03,True,1.0
1,Delhi North,2,Onion,2026-04-01,2443.0,21.37,True,1.0
1,Delhi North,2,Onion,2026-04-02,2517.7,20.85,True,1.0
1,Delhi North,2,Onion,2026-04-03,2638.8,19.92,True,1.0
1,Delhi North,2,Onion,2026-04-04,2528.5,19.39,True,1.0
1,Delhi North,2,Onion,2026-04-05,1772.6,19.43,True,1.0
1,Delhi North,2,Onion,2026-04-06,1910.7,19.35,True,1.0
1,Delhi North,2,Onion,2026-04-07,2259.6,20.43,True,1.0
1,Delhi North,2,Onion,2026-04-08,2475.1,19.29,True,1.0
1,Delhi North,2,Onion,2026-04-09,2454.2,19.4,True,1.0
1,Delhi North,2,Onion,2026-04-10,2329.1,18.93,True,1.0
1,Delhi North,2,Onion,2026-04-11,2288.7,19.24,True,1.0
1,Delhi North,2,Onion,2026-04-12,1531.1,19.61,True,1.0
1,Delhi North,2,Onion,2026-04-13,1868.3,19.42,True,1.0
1,Delhi North,2,Onion,2026-04-14,2745.2,19.82,True,1.0
1,Delhi North,2,Onion,2026-04-15,1877.9,19.68,True,1.0
1,Delhi North,2,Onion,2026-04-16,2228.9,19.59,True,1.0
1,Delhi North,2,Onion,2026-04-17,2906.9,19.4,True,1.0
1,Delhi North,2,Onion,2026-04-18,2197.0,19.86,True,1.0
1,Delhi North,2,Onion,2026-04-19,1660.5,19.89,True,1.0
1,Delhi North,2,Onion,2026-04-20,2182.3,20.74,True,1.0
1,Delhi North,2,Onion,2026-04-21,2516.3,21.18,True,1.0
1,Delhi North,2,Onion,2026-04-22,2226.3,21.05,True,1.0
1,Delhi North,2,Onion,2026-04-23,2558.4,19.4,True,1.0
1,Delhi North,2,Onion,2026-04-24,2593.8,18.68,True,1.0
1,Delhi North,2,Onion,2026-04-25,2693.3,19.52,True,1.0
1,Delhi North,2,Onion,2026-04-26,2093.0,19.3,True,1.0
1,Delhi North,2,Onion,2026-04-27,1999.8,19.55,True,1.0
1,Delhi North,2,Onion,2026-04-28,2605.4,19.24,True,1.0
1,Delhi North,2,Onion,2026-04-29,3128.2,19.66,True,1.0
1,Delhi North,2,Onion,2026-04-30,1917.7,20.22,True,1.0
1,Delhi North,2,Onion,2026-05-01,2889.1,19.38,True,1.0
1,Delhi North,2,Onion,2026-05-02,2769.6,19.03,True,1.0
1,Delhi North,2,Onion,2026-05-03,1832.9,18.33,True,1.0
1,Delhi North,2,Onion,2026-05-04,2497.0,18.86,True,1.0
1,Delhi North,2,Onion,2026-05-05,2201.8,18.22,True,1.0
1,Delhi North,2,Onion,2026-05-06,2480.2,18.47,True,1.0
1,Delhi North,2,Onion,2026-05-07,2316.9,19.12,True,1.0
1,Delhi North,2,Onion,2026-05-08,2130.5,20.47,True,1.0
1,Delhi North,2,Onion,2026-05-09,2428.8,20.46,True,1.0
1,Delhi North,2,Onion,2026-05-10,2076.2,20.98,True,1.0
1,Delhi North,2,Onion,2026-05-11,2756.7,20.76,True,1.0
1,Delhi North,2,Onion,2026-05-12,2970.9,20.64,True,1.0
1,Delhi North,2,Onion,2026-05-13,2486.9,20.26,True,1.0
1,Delhi North,2,Onion,2026-05-14,2306.0,19.9,True,1.0
1,Delhi North,2,Onion,2026-05-15,2807.7,20.55,True,1.0
1,Delhi North,2,Onion,2026-05-16,2855.7,20.54,True,1.0
1,Delhi North,2,Onion,2026-05-17,2455.8,20.52,True,1.0
1,Delhi North,2,Onion,2026-05-18,2272.6,19.97,True,1.0
1,Delhi North,2,Onion,2026-05-19,2471.1,19.74,True,1.0
1,Delhi North,2,Onion,2026-05-20,2725.2,20.98,True,1.0
1,Delhi North,2,Onion,2026-05-21,3011.3,20.61,True,1.0
1,Delhi North,2,Onion,2026-05-22,2319.8,21.19,True,1.0
1,Delhi North,2,Onion,2026-05-23,2436.1,20.49,True,1.0
1,Delhi North,2,Onion,2026-05-24,2494.8,20.8,True,1.0
1,Delhi North,2,Onion,2026-05-25,3160.9,20.71,True,1.0
1,Delhi North,2,Onion,2026-05-26,2763.6,20.26,True,1.0
1,Delhi North,2,Onion,2026-05-27,2339.5,20.56,True,1.0
1,Delhi North,2,Onion,2026-05-28,2852.5,19.52,True,1.0
1,Delhi North,2,Onion,2026-05-29,3623.3,20.0,True,1.0
1,Delhi North,2,Onion,2026-05-30,3149.1,20.47,True,1.0
1,Delhi North,2,Onion,2026-05-31,2080.8,20.52,True,1.0
1,Delhi North,2,Onion,2026-06-01,2642.4,21.17,True,1.0
1,Delhi North,2,Onion,2026-06-02,2579.5,20.81,True,1.0
1,Delhi North,2,Onion,2026-06-03,2702.1,20.53,True,1.0
1,Delhi North,2,Onion,2026-06-04,2856.9,20.63,True,1.0
1,Delhi North,2,Onion,2026-06-05,3699.1,21.02,True,1.0
1,Delhi North,2,Onion,2026-06-06,3447.3,21.12,True,1.0
1,Delhi North,2,Onion,2026-06-07,2033.7,20.72,True,1.0
1,Delhi North,2,Onion,2026-06-08,3259.8,20.01,True,1.0
1,Delhi North,2,Onion,2026-06-09,2541.5,20.48,True,1.0
1,Delhi North,2,Onion,2026-06-10,2672.9,19.98,True,1.0
1,Delhi North,2,Onion,2026-06-11,2367.9,19.63,True,1.0
1,Delhi North,2,Onion,2026-06-12,2792.3,19.49,True,1.0
1,Delhi North,2,Onion,2026-06-13,3018.0,19.8,True,1.0
1,Delhi North,2,Onion,2026-06-14,1976.1,19.54,True,1.0
1,Delhi North,2,Onion,2026-06-15,3253.6,19.19,True,1.0
1,Delhi North,2,Onion,2026-06-16,2607.2,19.21,True,1.0
1,Delhi North,2,Onion,2026-06-17,2879.5,19.5,True,1.0
1,Delhi North,2,Onion,2026-06-18,2568.8,20.07,True,1.0
1,Delhi North,2,Onion,2026-06-19,2839.4,20.27,True,1.0
1,Delhi North,2,Onion,2026-06-20,2921.6,19.76,True,1.0
1,Delhi North,2,Onion,2026-06-21,2280.0,20.16,True,1.0
1,Delhi North,2,Onion,2026-06-22,2591.1,20.51,True,1.0
1,Delhi North,2,Onion,2026-06-23,2479.0,20.31,True,1.0
1,Delhi North,2,Onion,2026-06-24,2887.8,19.99,True,1.0
1,Delhi North,2,Onion,2026-06-25,2737.2,19.77,True,1.0
1,Delhi North,2,Onion,2026-06-26,3566.1,19.78,True,1.0
1,Delhi North,2,Onion,2026-06-27,2477.5,21.42,True,1.0
1,Delhi North,2,Onion,2026-06-28,2064.8,20.73,True,1.0
1,Delhi North,2,Onion,2026-06-29,2609.7,20.95,True,1.0
1,Delhi North,2,Onion,2026-06-30,2344.7,20.53,True,1.0
1,Delhi North,2,Onion,2026-07-01,3093.2,20.38,True,1.0
1,Delhi North,2,Onion,2026-07-02,2860.2,20.17,True,1.0
1,Delhi North,2,Onion,2026-07-03,2865.9,20.91,True,1.0
1,Delhi North,2,Onion,2026-07-04,2918.9,21.2,True,1.0
1,Delhi North,2,Onion,2026-07-05,1987.1,21.11,True,1.0
1,Delhi North,2,Onion,2026-07-06,3151.7,21.44,True,1.0
1,Delhi North,2,Onion,2026-07-07,2750.4,21.84,True,1.0
1,Delhi North,2,Onion,2026-07-08,2848.3,21.15,True,1.0
1,Delhi North,2,Onion,2026-07-09,2473.1,21.53,True,1.0
1,Delhi North,2,Onion,2026-07-10,3115.6,21.04,True,1.0
1,Delhi North,2,Onion,2026-07-11,3632.6,21.65,True,1.0
1,Delhi North,2,Onion,2026-07-12,2529.6,22.05,True,1.0
1,Delhi North,2,Onion,2026-07-13,3096.7,22.12,True,1.0
1,Delhi North,2,Onion,2026-07-14,2829.2,21.8,True,1.0
1,Delhi North,2,Onion,2026-07-15,2370.0,21.4,True,1.0
1,Delhi North,2,Onion,2026-07-16,2994.2,21.29,True,1.0
1,Delhi North,2,Onion,2026-07-17,3835.6,21.86,True,1.0
1,Delhi North,2,Onion,2026-07-18,2956.1,21.38,True,1.0
1,Delhi North,2,Onion,2026-07-19,2366.5,21.51,True,1.0
1,Delhi North,2,Onion,2026-07-20,2251.1,20.52,True,1.0
1,Delhi North,2,Onion,2026-07-21,2622.7,21.05,True,1.0
1,Delhi North,2,Onion,2026-07-22,2789.0,20.65,True,1.0
1,Delhi North,2,Onion,2026-07-23,3047.8,20.23,True,1.0
1,Delhi North,2,Onion,2026-07-24,3753.1,21.03,True,1.0
1,Delhi North,2,Onion,2026-07-25,3106.2,21.42,True,1.0
1,Delhi North,2,Onion,2026-07-26,2730.9,21.31,True,1.0
1,Delhi North,2,Onion,2026-07-27,3284.1,21.34,True,1.0
1,Delhi North,2,Onion,2026-07-28,2850.4,22.99,True,1.0
1,Delhi North,2,Onion,2026-07-29,3169.6,22.59,True,1.0
1,Delhi North,2,Onion,2026-07-30,2453.9,22.33,True,1.0
1,Delhi North,2,Onion,2026-07-31,3086.6,22.7,True,1.0
1,Delhi North,2,Onion,2026-08-01,3809.1,22.61,True,1.0
1,Delhi North,2,Onion,2026-08-02,2105.9,23.14,True,1.0
1,Delhi North,2,Onion,2026-08-03,2148.0,23.07,True,1.0
1,Delhi North,2,Onion,2026-08-04,2107.3,23.35,True,1.0
1,Delhi North,2,Onion,2026-08-05,2453.5,23.34,True,1.0
1,Delhi North,2,Onion,2026-08-06,2925.3,23.49,True,1.0
1,Delhi North,2,Onion,2026-08-07,2696.8,23.14,True,1.0
1,Delhi North,2,Onion,2026-08-08,2815.0,23.09,True,1.0
1,Delhi North,2,Onion,2026-08-09,2375.0,22.74,True,1.0
1,Delhi North,2,Onion,2026-08-10,2208.3,23.08,True,1.0
1,Delhi North,2,Onion,2026-08-11,2537.4,22.07,True,1.0
1,Delhi North,2,Onion,2026-08-12,2419.1,22.71,True,1.0
1,Delhi North,2,Onion,2026-08-13,2891.8,23.36,True,1.0
1,Delhi North,2,Onion,2026-08-14,3445.8,23.66,True,1.0
1,Delhi North,2,Onion,2026-08-15,3060.9,23.31,True,1.0
1,Delhi North,2,Onion,2026-08-16,2120.2,23.49,True,1.0
1,Delhi North,2,Onion,2026-08-17,2823.0,22.78,True,1.0
1,Delhi North,2,Onion,2026-08-18,3146.1,23.36,True,1.0
1,Delhi North,2,Onion,2026-08-19,2931.8,22.5,True,1.0
1,Delhi North,2,Onion,2026-08-20,2813.8,23.02,True,1.0
1,Delhi North,2,Onion,2026-08-21,3201.1,23.36,True,1.0
1,Delhi North,2,Onion,2026-08-22,3835.4,23.53,True,1.0
1,Delhi North,2,Onion,2026-08-23,2786.8,23.09,True,1.0
1,Delhi North,2,Onion,2026-08-24,2238.1,23.59,True,1.0
1,Delhi North,2,Onion,2026-08-25,2457.2,22.25,True,1.0
1,Delhi North,2,Onion,2026-08-26,2962.9,23.02,True,1.0
1,Delhi North,2,Onion,2026-08-27,2480.9,23.2,True,1.0
1,Delhi North,2,Onion,2026-08-28,2759.9,23.91,True,1.0
1,Delhi North,2,Onion,2026-08-29,3323.5,23.85,True,1.0
1,Delhi North,2,Onion,2026-08-30,1920.4,24.96,True,1.0
1,Delhi North,2,Onion,2026-08-31,2023.5,23.8,True,1.0
1,Delhi North,2,Onion,2026-09-01,2598.3,24.08,True,1.0
1,Delhi North,2,Onion,2026-09-02,2580.9,23.28,True,1.0
1,Delhi North,2,Onion,2026-09-03,2656.6,23.23,True,1.0
1,Delhi North,2,Onion,2026-09-04,2860.3,23.8,True,1.0
1,Delhi North,2,Onion,2026-09-05,3167.8,24.13,True,1.0
1,Delhi North,2,Onion,2026-09-06,3046.4,24.2,True,1.0
1,Delhi North,2,Onion,2026-09-07,3253.2,24.2,True,1.0
1,Delhi North,2,Onion,2026-09-08,2483.7,24.2,True,1.0
1,Delhi North,2,Onion,2026-09-09,2481.5,24.2,True,1.0
1,Delhi North,2,Onion,2026-09-10,2721.0,23.77,True,1.0
1,Delhi North,2,Onion,2026-09-11,3009.0,22.66,True,1.0
1,Delhi North,2,Onion,2026-09-12,2457.3,23.07,True,1.0
1,Delhi North,2,Onion,2026-09-13,1921.7,22.91,True,1.0
1,Delhi North,2,Onion,2026-09-14,2056.2,23.72,True,1.0
1,Delhi North,2,Onion,2026-09-15,2420.3,23.38,True,1.0
1,Delhi North,2,Onion,2026-09-16,2827.6,23.18,True,1.0
1,Delhi North,2,Onion,2026-09-17,2702.9,23.61,True,1.0
1,Delhi North,2,Onion,2026-09-18,2778.0,24.2,True,1.0
1,Delhi North,2,Onion,2026-09-19,2510.0,23.81,True,1.0
1,Delhi North,2,Onion,2026-09-20,1821.8,24.2,True,1.0
1,Delhi North,2,Onion,2026-09-21,2275.4,24.2,True,1.0
1,Delhi North,2,Onion,2026-09-22,2390.1,24.2,True,1.0
1,Delhi North,2,Onion,2026-09-23,2611.6,24.2,True,1.0
1,Delhi North,2,Onion,2026-09-24,2205.9,24.2,True,1.0
1,Delhi North,2,Onion,2026-09-25,2376.1,24.2,True,1.0
1,Delhi North,2,Onion,2026-09-26,2709.5,24.2,True,1.0
1,Delhi North,2,Onion,2026-09-27,2537.7,24.2,True,1.0
1,Delhi North,2,Onion,2026-09-28,2749.0,24.2,True,1.0
1,Delhi North,2,Onion,2026-09-29,2586.4,23.18,True,1.0
1,Delhi North,2,Onion,2026-09-30,2084.6,23.27,True,1.0
1,Delhi North,3,Potato,2024-10-01,2409.3,18.75,True,1.0
1,Delhi North,3,Potato,2024-10-02,2685.5,19.5,True,1.0
1,Delhi North,3,Potato,2024-10-03,2023.6,19.46,True,1.0
1,Delhi North,3,Potato,2024-10-04,2805.8,19.06,True,1.0
1,Delhi North,3,Potato,2024-10-05,2903.1,18.9,True,1.0
1,Delhi North,3,Potato,2024-10-06,2027.6,18.94,True,1.0
1,Delhi North,3,Potato,2024-10-07,2014.6,18.58,True,1.0
1,Delhi North,3,Potato,2024-10-08,2217.8,18.88,True,1.0
1,Delhi North,3,Potato,2024-10-09,2712.1,19.62,True,1.0
1,Delhi North,3,Potato,2024-10-10,2402.2,19.03,True,1.0
1,Delhi North,3,Potato,2024-10-11,2144.9,19.48,True,1.0
1,Delhi North,3,Potato,2024-10-12,2306.9,19.6,True,1.0
1,Delhi North,3,Potato,2024-10-13,1565.9,19.5,True,1.0
1,Delhi North,3,Potato,2024-10-14,1882.8,19.18,True,1.0
1,Delhi North,3,Potato,2024-10-15,2268.9,19.08,True,1.0
1,Delhi North,3,Potato,2024-10-16,2333.1,18.7,True,1.0
1,Delhi North,3,Potato,2024-10-17,2796.2,19.55,True,1.0
1,Delhi North,3,Potato,2024-10-18,2317.9,18.74,True,1.0
1,Delhi North,3,Potato,2024-10-19,2678.3,19.17,True,1.0
1,Delhi North,3,Potato,2024-10-20,1846.7,19.71,True,1.0
1,Delhi North,3,Potato,2024-10-21,2163.6,19.04,True,1.0
1,Delhi North,3,Potato,2024-10-22,2513.6,19.39,True,1.0
1,Delhi North,3,Potato,2024-10-23,2412.4,19.06,True,1.0
1,Delhi North,3,Potato,2024-10-24,2273.5,18.78,True,1.0
1,Delhi North,3,Potato,2024-10-25,2503.1,18.52,True,1.0
1,Delhi North,3,Potato,2024-10-26,2994.2,17.53,True,1.0
1,Delhi North,3,Potato,2024-10-27,1781.9,17.95,True,1.0
1,Delhi North,3,Potato,2024-10-28,2161.9,18.71,True,1.0
1,Delhi North,3,Potato,2024-10-29,2742.6,18.11,True,1.0
1,Delhi North,3,Potato,2024-10-30,1774.4,18.49,True,1.0
1,Delhi North,3,Potato,2024-10-31,2157.6,18.27,True,1.0
1,Delhi North,3,Potato,2024-11-01,3175.6,17.59,True,1.0
1,Delhi North,3,Potato,2024-11-02,3600.1,18.18,True,1.0
1,Delhi North,3,Potato,2024-11-03,1887.1,18.97,True,1.0
1,Delhi North,3,Potato,2024-11-04,2867.9,18.2,True,1.0
1,Delhi North,3,Potato,2024-11-05,2184.4,18.19,True,1.0
1,Delhi North,3,Potato,2024-11-06,2547.3,17.33,True,1.0
1,Delhi North,3,Potato,2024-11-07,2041.2,17.43,True,1.0
1,Delhi North,3,Potato,2024-11-08,2671.4,17.77,True,1.0
1,Delhi North,3,Potato,2024-11-09,2740.6,18.66,True,1.0
1,Delhi North,3,Potato,2024-11-10,2275.6,19.2,True,1.0
1,Delhi North,3,Potato,2024-11-11,1907.5,19.62,True,1.0
1,Delhi North,3,Potato,2024-11-12,2803.1,18.72,True,1.0
1,Delhi North,3,Potato,2024-11-13,2065.9,18.26,True,1.0
1,Delhi North,3,Potato,2024-11-14,2034.4,17.22,True,1.0
1,Delhi North,3,Potato,2024-11-15,2903.2,16.98,True,1.0
1,Delhi North,3,Potato,2024-11-16,3012.8,16.45,True,1.0
1,Delhi North,3,Potato,2024-11-17,2222.4,16.95,True,1.0
1,Delhi North,3,Potato,2024-11-18,2278.7,16.78,True,1.0
1,Delhi North,3,Potato,2024-11-19,2263.3,16.47,True,1.0
1,Delhi North,3,Potato,2024-11-20,2641.6,16.59,True,1.0
1,Delhi North,3,Potato,2024-11-21,1958.6,16.29,True,1.0
1,Delhi North,3,Potato,2024-11-22,3374.4,16.77,True,1.0
1,Delhi North,3,Potato,2024-11-23,2990.7,17.1,True,1.0
1,Delhi North,3,Potato,2024-11-25,1918.3,16.79,True,1.0
1,Delhi North,3,Potato,2024-11-26,2545.2,16.32,True,1.0
1,Delhi North,3,Potato,2024-11-27,2498.8,16.89,True,1.0
1,Delhi North,3,Potato,2024-11-28,2594.5,17.13,True,1.0
1,Delhi North,3,Potato,2024-11-29,2717.8,17.41,True,1.0
1,Delhi North,3,Potato,2024-11-30,2801.8,17.22,True,1.0
1,Delhi North,3,Potato,2024-12-01,2153.2,17.13,True,1.0
1,Delhi North,3,Potato,2024-12-02,1937.7,17.89,True,1.0
1,Delhi North,3,Potato,2024-12-03,2320.9,17.39,True,1.0
1,Delhi North,3,Potato,2024-12-04,2591.3,17.19,True,1.0
1,Delhi North,3,Potato,2024-12-05,3100.5,17.56,True,1.0
1,Delhi North,3,Potato,2024-12-06,2524.1,17.6,True,1.0
1,Delhi North,3,Potato,2024-12-07,2573.6,16.48,True,1.0
1,Delhi North,3,Potato,2024-12-08,2233.2,15.89,True,1.0
1,Delhi North,3,Potato,2024-12-09,2404.3,15.95,True,1.0
1,Delhi North,3,Potato,2024-12-10,2440.7,16.72,True,1.0
1,Delhi North,3,Potato,2024-12-11,2587.3,17.16,True,1.0
1,Delhi North,3,Potato,2024-12-12,2949.8,17.4,True,1.0
1,Delhi North,3,Potato,2024-12-13,2850.1,17.61,True,1.0
1,Delhi North,3,Potato,2024-12-14,2998.3,16.97,True,1.0
1,Delhi North,3,Potato,2024-12-15,1811.4,17.29,True,1.0
1,Delhi North,3,Potato,2024-12-16,2125.0,16.76,True,1.0
1,Delhi North,3,Potato,2024-12-17,2056.0,17.3,True,1.0
1,Delhi North,3,Potato,2024-12-18,2319.0,16.96,True,1.0
1,Delhi North,3,Potato,2024-12-19,2421.6,17.11,True,1.0
1,Delhi North,3,Potato,2024-12-20,3135.3,16.18,True,1.0
1,Delhi North,3,Potato,2024-12-21,3450.4,15.79,True,1.0
1,Delhi North,3,Potato,2024-12-22,2027.3,16.64,True,1.0
1,Delhi North,3,Potato,2024-12-23,2482.1,17.07,True,1.0
1,Delhi North,3,Potato,2024-12-24,2058.7,16.44,True,1.0
1,Delhi North,3,Potato,2024-12-25,2338.9,17.21,True,1.0
1,Delhi North,3,Potato,2024-12-26,2595.4,16.59,True,1.0
1,Delhi North,3,Potato,2024-12-27,3037.2,16.69,True,1.0
1,Delhi North,3,Potato,2024-12-28,2512.4,16.52,True,1.0
1,Delhi North,3,Potato,2024-12-29,2274.8,16.2,True,1.0
1,Delhi North,3,Potato,2024-12-30,2075.9,16.95,True,1.0
1,Delhi North,3,Potato,2024-12-31,1978.4,17.76,True,1.0
1,Delhi North,3,Potato,2025-01-01,2538.4,17.58,True,1.0
1,Delhi North,3,Potato,2025-01-02,2474.6,18.13,True,1.0
1,Delhi North,3,Potato,2025-01-03,2126.6,17.59,True,1.0
1,Delhi North,3,Potato,2025-01-04,2867.4,17.41,True,1.0
1,Delhi North,3,Potato,2025-01-05,2391.6,17.3,True,1.0
1,Delhi North,3,Potato,2025-01-06,2088.5,16.59,True,1.0
1,Delhi North,3,Potato,2025-01-07,2400.2,16.9,True,1.0
1,Delhi North,3,Potato,2025-01-08,2296.4,17.21,True,1.0
1,Delhi North,3,Potato,2025-01-09,2560.8,17.0,True,1.0
1,Delhi North,3,Potato,2025-01-10,2595.9,16.14,True,1.0
1,Delhi North,3,Potato,2025-01-11,3114.7,16.5,True,1.0
1,Delhi North,3,Potato,2025-01-12,2218.7,15.88,True,1.0
1,Delhi North,3,Potato,2025-01-13,2278.8,15.77,True,1.0
1,Delhi North,3,Potato,2025-01-14,2997.4,16.13,True,1.0
1,Delhi North,3,Potato,2025-01-15,2620.6,15.96,True,1.0
1,Delhi North,3,Potato,2025-01-16,2146.3,16.31,True,1.0
1,Delhi North,3,Potato,2025-01-17,2924.1,16.34,True,1.0
1,Delhi North,3,Potato,2025-01-18,5142.1,15.71,True,1.0
1,Delhi North,3,Potato,2025-01-19,2259.5,16.09,True,1.0
1,Delhi North,3,Potato,2025-01-20,2520.9,16.56,True,1.0
1,Delhi North,3,Potato,2025-01-21,2712.5,17.1,True,1.0
1,Delhi North,3,Potato,2025-01-22,2398.1,16.82,True,1.0
1,Delhi North,3,Potato,2025-01-23,2625.1,16.76,True,1.0
1,Delhi North,3,Potato,2025-01-24,3697.7,16.06,True,1.0
1,Delhi North,3,Potato,2025-01-25,2970.5,17.2,True,1.0
1,Delhi North,3,Potato,2025-01-26,2195.1,17.81,True,1.0
1,Delhi North,3,Potato,2025-01-27,2413.9,17.46,True,1.0
1,Delhi North,3,Potato,2025-01-28,2504.9,17.18,True,1.0
1,Delhi North,3,Potato,2025-01-29,2131.5,15.68,True,1.0
1,Delhi North,3,Potato,2025-01-30,2841.0,16.47,True,1.0
1,Delhi North,3,Potato,2025-01-31,2787.2,16.82,True,1.0
1,Delhi North,3,Potato,2025-02-01,2982.4,17.19,True,1.0
1,Delhi North,3,Potato,2025-02-02,2048.1,16.86,True,1.0
1,Delhi North,3,Potato,2025-02-03,2354.9,16.6,True,1.0
1,Delhi North,3,Potato,2025-02-04,3179.1,16.07,True,1.0
1,Delhi North,3,Potato,2025-02-05,3047.3,16.64,True,1.0
1,Delhi North,3,Potato,2025-02-06,2538.9,17.28,True,1.0
1,Delhi North,3,Potato,2025-02-07,3228.7,17.68,True,1.0
1,Delhi North,3,Potato,2025-02-08,3611.0,17.5,True,1.0
1,Delhi North,3,Potato,2025-02-09,2377.5,17.12,True,1.0
1,Delhi North,3,Potato,2025-02-10,2403.2,16.51,True,1.0
1,Delhi North,3,Potato,2025-02-11,3225.5,16.26,True,1.0
1,Delhi North,3,Potato,2025-02-12,2355.4,16.64,True,1.0
1,Delhi North,3,Potato,2025-02-13,2962.9,16.55,True,1.0
1,Delhi North,3,Potato,2025-02-14,2531.7,17.42,True,1.0
1,Delhi North,3,Potato,2025-02-15,3373.0,17.81,True,1.0
1,Delhi North,3,Potato,2025-02-16,2149.2,17.21,True,1.0
1,Delhi North,3,Potato,2025-02-17,3052.4,16.51,True,1.0
1,Delhi North,3,Potato,2025-02-18,3057.7,16.35,True,1.0
1,Delhi North,3,Potato,2025-02-19,3344.6,17.0,True,1.0
1,Delhi North,3,Potato,2025-02-20,2572.2,16.71,True,1.0
1,Delhi North,3,Potato,2025-02-21,2920.1,17.02,True,1.0
1,Delhi North,3,Potato,2025-02-22,2915.9,16.7,True,1.0
1,Delhi North,3,Potato,2025-02-23,2220.2,16.92,True,1.0
1,Delhi North,3,Potato,2025-02-24,2997.8,17.17,True,1.0
1,Delhi North,3,Potato,2025-02-25,2483.4,17.57,True,1.0
1,Delhi North,3,Potato,2025-02-26,3262.1,18.1,True,1.0
1,Delhi North,3,Potato,2025-02-27,2513.0,18.41,True,1.0
1,Delhi North,3,Potato,2025-02-28,2979.7,17.69,True,1.0
1,Delhi North,3,Potato,2025-03-01,2959.3,17.39,True,1.0
1,Delhi North,3,Potato,2025-03-02,2026.5,16.69,True,1.0
1,Delhi North,3,Potato,2025-03-03,2474.2,16.66,True,1.0
1,Delhi North,3,Potato,2025-03-04,2246.5,16.77,True,1.0
1,Delhi North,3,Potato,2025-03-05,3182.7,16.64,True,1.0
1,Delhi North,3,Potato,2025-03-06,2621.8,16.51,True,1.0
1,Delhi North,3,Potato,2025-03-07,2884.0,17.16,True,1.0
1,Delhi North,3,Potato,2025-03-08,2588.2,17.57,True,1.0
1,Delhi North,3,Potato,2025-03-09,2529.4,17.61,True,1.0
1,Delhi North,3,Potato,2025-03-10,2505.4,16.82,True,1.0
1,Delhi North,3,Potato,2025-03-11,2277.0,17.0,True,1.0
1,Delhi North,3,Potato,2025-03-12,3312.1,16.84,True,1.0
1,Delhi North,3,Potato,2025-03-13,2818.4,17.57,True,1.0
1,Delhi North,3,Potato,2025-03-14,3376.2,16.56,True,1.0
1,Delhi North,3,Potato,2025-03-15,3547.5,16.47,True,1.0
1,Delhi North,3,Potato,2025-03-16,2466.0,16.39,True,1.0
1,Delhi North,3,Potato,2025-03-17,2799.7,16.4,True,1.0
1,Delhi North,3,Potato,2025-03-18,2568.7,17.1,True,1.0
1,Delhi North,3,Potato,2025-03-19,2672.6,16.01,True,1.0
1,Delhi North,3,Potato,2025-03-20,3230.6,16.27,True,1.0
1,Delhi North,3,Potato,2025-03-21,3452.0,16.96,True,1.0
1,Delhi North,3,Potato,2025-03-22,3686.5,17.53,True,1.0
1,Delhi North,3,Potato,2025-03-23,2619.1,17.18,True,1.0
1,Delhi North,3,Potato,2025-03-24,2514.6,16.89,True,1.0
1,Delhi North,3,Potato,2025-03-25,2914.6,17.18,True,1.0
1,Delhi North,3,Potato,2025-03-26,2361.1,17.3,True,1.0
1,Delhi North,3,Potato,2025-03-27,3147.8,17.35,True,1.0
1,Delhi North,3,Potato,2025-03-28,2689.8,15.57,True,1.0
1,Delhi North,3,Potato,2025-03-29,3435.0,15.58,True,1.0
1,Delhi North,3,Potato,2025-03-30,2236.7,15.71,True,1.0
1,Delhi North,3,Potato,2025-03-31,2833.9,16.51,True,1.0
1,Delhi North,3,Potato,2025-04-01,3032.3,16.11,True,1.0
1,Delhi North,3,Potato,2025-04-02,4036.1,16.02,True,1.0
1,Delhi North,3,Potato,2025-04-03,2553.6,16.37,True,1.0
1,Delhi North,3,Potato,2025-04-04,3251.1,16.1,True,1.0
1,Delhi North,3,Potato,2025-04-05,3473.6,16.82,True,1.0
1,Delhi North,3,Potato,2025-04-06,2479.7,16.84,True,1.0
1,Delhi North,3,Potato,2025-04-07,2183.9,17.97,True,1.0
1,Delhi North,3,Potato,2025-04-08,2296.7,17.54,True,1.0
1,Delhi North,3,Potato,2025-04-09,2801.5,17.27,True,1.0
1,Delhi North,3,Potato,2025-04-10,2961.4,17.78,True,1.0
1,Delhi North,3,Potato,2025-04-11,3051.1,17.41,True,1.0
1,Delhi North,3,Potato,2025-04-12,3451.4,18.26,True,1.0
1,Delhi North,3,Potato,2025-04-13,1960.9,18.33,True,1.0
1,Delhi North,3,Potato,2025-04-14,2670.1,17.99,True,1.0
1,Delhi North,3,Potato,2025-04-15,2965.5,17.83,True,1.0
1,Delhi North,3,Potato,2025-04-16,3020.0,19.31,True,1.0
1,Delhi North,3,Potato,2025-04-17,2312.9,19.1,True,1.0
1,Delhi North,3,Potato,2025-04-18,3012.3,18.78,True,1.0
1,Delhi North,3,Potato,2025-04-19,2956.5,18.41,True,1.0
1,Delhi North,3,Potato,2025-04-20,1703.3,18.79,True,1.0
1,Delhi North,3,Potato,2025-04-21,2443.4,17.72,True,1.0
1,Delhi North,3,Potato,2025-04-22,2880.8,17.67,True,1.0
1,Delhi North,3,Potato,2025-04-23,2894.0,16.36,True,1.0
1,Delhi North,3,Potato,2025-04-24,2491.0,16.56,True,1.0
1,Delhi North,3,Potato,2025-04-25,2859.9,17.38,True,1.0
1,Delhi North,3,Potato,2025-04-26,3250.4,18.26,True,1.0
1,Delhi North,3,Potato,2025-04-27,1985.8,18.49,True,1.0
1,Delhi North,3,Potato,2025-04-28,2880.7,18.69,True,1.0
1,Delhi North,3,Potato,2025-04-29,2793.0,17.6,True,1.0
1,Delhi North,3,Potato,2025-04-30,3545.2,17.39,True,1.0
1,Delhi North,3,Potato,2025-05-01,2624.2,18.35,True,1.0
1,Delhi North,3,Potato,2025-05-02,2840.3,18.0,True,1.0
1,Delhi North,3,Potato,2025-05-03,3382.1,17.97,True,1.0
1,Delhi North,3,Potato,2025-05-04,2590.5,17.61,True,1.0
1,Delhi North,3,Potato,2025-05-05,2535.9,17.3,True,1.0
1,Delhi North,3,Potato,2025-05-06,3256.2,17.33,True,1.0
1,Delhi North,3,Potato,2025-05-07,3043.4,17.26,True,1.0
1,Delhi North,3,Potato,2025-05-08,3108.2,18.03,True,1.0
1,Delhi North,3,Potato,2025-05-09,2951.8,18.2,True,1.0
1,Delhi North,3,Potato,2025-05-10,3025.3,18.76,True,1.0
1,Delhi North,3,Potato,2025-05-11,2251.9,17.89,True,1.0
1,Delhi North,3,Potato,2025-05-12,2887.8,18.66,True,1.0
1,Delhi North,3,Potato,2025-05-13,2839.9,18.57,True,1.0
1,Delhi North,3,Potato,2025-05-14,2808.3,19.5,True,1.0
1,Delhi North,3,Potato,2025-05-15,2898.5,19.13,True,1.0
1,Delhi North,3,Potato,2025-05-16,2716.5,18.11,True,1.0
1,Delhi North,3,Potato,2025-05-17,2722.1,18.88,True,1.0
1,Delhi North,3,Potato,2025-05-18,2199.8,18.67,True,1.0
1,Delhi North,3,Potato,2025-05-19,2661.1,17.5,True,1.0
1,Delhi North,3,Potato,2025-05-20,2879.7,17.86,True,1.0
1,Delhi North,3,Potato,2025-05-21,3006.5,18.17,True,1.0
1,Delhi North,3,Potato,2025-05-22,2729.1,18.84,True,1.0
1,Delhi North,3,Potato,2025-05-23,3004.6,16.92,True,1.0
1,Delhi North,3,Potato,2025-05-24,4020.5,17.98,True,1.0
1,Delhi North,3,Potato,2025-05-25,2826.5,17.91,True,1.0
1,Delhi North,3,Potato,2025-05-26,3809.6,19.13,True,1.0
1,Delhi North,3,Potato,2025-05-27,2937.1,18.07,True,1.0
1,Delhi North,3,Potato,2025-05-28,2498.5,18.52,True,1.0
1,Delhi North,3,Potato,2025-05-29,2922.8,18.78,True,1.0
1,Delhi North,3,Potato,2025-05-30,3379.6,18.52,True,1.0
1,Delhi North,3,Potato,2025-05-31,4020.3,18.16,True,1.0
1,Delhi North,3,Potato,2025-06-01,2188.2,18.13,True,1.0
1,Delhi North,3,Potato,2025-06-02,2344.6,18.12,True,1.0
1,Delhi North,3,Potato,2025-06-03,3048.2,17.66,True,1.0
1,Delhi North,3,Potato,2025-06-04,2232.8,18.5,True,1.0
1,Delhi North,3,Potato,2025-06-05,3071.5,18.01,True,1.0
1,Delhi North,3,Potato,2025-06-06,3581.4,18.78,True,1.0
1,Delhi North,3,Potato,2025-06-07,3469.0,17.85,True,1.0
1,Delhi North,3,Potato,2025-06-08,2627.5,18.05,True,1.0
1,Delhi North,3,Potato,2025-06-09,2739.4,18.2,True,1.0
1,Delhi North,3,Potato,2025-06-10,3218.8,18.38,True,1.0
1,Delhi North,3,Potato,2025-06-11,2278.2,19.04,True,1.0
1,Delhi North,3,Potato,2025-06-12,2776.6,18.89,True,1.0
1,Delhi North,3,Potato,2025-06-13,3009.7,18.65,True,1.0
1,Delhi North,3,Potato,2025-06-14,3438.3,18.62,True,1.0
1,Delhi North,3,Potato,2025-06-15,1871.2,19.25,True,1.0
1,Delhi North,3,Potato,2025-06-16,2947.1,18.51,True,1.0
1,Delhi North,3,Potato,2025-06-17,2465.8,18.11,True,1.0
1,Delhi North,3,Potato,2025-06-18,2743.2,17.36,True,1.0
1,Delhi North,3,Potato,2025-06-19,2198.0,18.9,True,1.0
1,Delhi North,3,Potato,2025-06-20,2743.9,18.31,True,1.0
1,Delhi North,3,Potato,2025-06-21,3004.7,17.55,True,1.0
1,Delhi North,3,Potato,2025-06-22,2550.7,17.57,True,1.0
1,Delhi North,3,Potato,2025-06-23,2508.8,17.69,True,1.0
1,Delhi North,3,Potato,2025-06-24,2979.3,18.86,True,1.0
1,Delhi North,3,Potato,2025-06-25,2456.2,18.67,True,1.0
1,Delhi North,3,Potato,2025-06-26,2640.9,18.95,True,1.0
1,Delhi North,3,Potato,2025-06-27,2961.5,18.04,True,1.0
1,Delhi North,3,Potato,2025-06-28,5202.6,18.46,True,1.0
1,Delhi North,3,Potato,2025-06-29,2262.2,17.8,True,1.0
1,Delhi North,3,Potato,2025-06-30,2644.2,18.02,True,1.0
1,Delhi North,3,Potato,2025-07-01,2954.4,17.95,True,1.0
1,Delhi North,3,Potato,2025-07-02,2345.8,18.33,True,1.0
1,Delhi North,3,Potato,2025-07-03,3223.6,18.91,True,1.0
1,Delhi North,3,Potato,2025-07-04,3118.5,18.27,True,1.0
1,Delhi North,3,Potato,2025-07-05,3239.5,17.94,True,1.0
1,Delhi North,3,Potato,2025-07-06,2372.8,18.41,True,1.0
1,Delhi North,3,Potato,2025-07-07,3172.0,19.0,True,1.0
1,Delhi North,3,Potato,2025-07-08,2592.4,19.85,True,1.0
1,Delhi North,3,Potato,2025-07-09,2715.3,19.39,True,1.0
1,Delhi North,3,Potato,2025-07-10,2289.4,18.52,True,1.0
1,Delhi North,3,Potato,2025-07-11,2860.7,18.83,True,1.0
1,Delhi North,3,Potato,2025-07-12,3181.3,18.52,True,1.0
1,Delhi North,3,Potato,2025-07-13,2014.6,18.24,True,1.0
1,Delhi North,3,Potato,2025-07-14,3102.1,19.29,True,1.0
1,Delhi North,3,Potato,2025-07-15,3189.9,19.61,True,1.0
1,Delhi North,3,Potato,2025-07-16,2395.4,19.1,True,1.0
1,Delhi North,3,Potato,2025-07-17,2632.5,19.13,True,1.0
1,Delhi North,3,Potato,2025-07-18,2605.3,19.12,True,1.0
1,Delhi North,3,Potato,2025-07-19,3070.0,19.25,True,1.0
1,Delhi North,3,Potato,2025-07-20,2288.0,19.03,True,1.0
1,Delhi North,3,Potato,2025-07-21,2840.9,18.08,True,1.0
1,Delhi North,3,Potato,2025-07-22,2517.8,17.92,True,1.0
1,Delhi North,3,Potato,2025-07-23,2452.0,18.04,True,1.0
1,Delhi North,3,Potato,2025-07-24,2984.9,18.41,True,1.0
1,Delhi North,3,Potato,2025-07-25,2691.9,18.09,True,1.0
1,Delhi North,3,Potato,2025-07-26,2649.1,18.53,True,1.0
1,Delhi North,3,Potato,2025-07-27,2257.5,18.55,True,1.0
1,Delhi North,3,Potato,2025-07-28,2419.5,18.36,True,1.0
1,Delhi North,3,Potato,2025-07-29,2675.0,17.96,True,1.0
1,Delhi North,3,Potato,2025-07-30,2797.9,18.58,True,1.0
1,Delhi North,3,Potato,2025-07-31,2603.5,19.01,True,1.0
1,Delhi North,3,Potato,2025-08-01,2474.7,19.52,True,1.0
1,Delhi North,3,Potato,2025-08-02,2749.4,19.75,True,1.0
1,Delhi North,3,Potato,2025-08-03,2281.4,19.95,True,1.0
1,Delhi North,3,Potato,2025-08-04,2080.1,19.96,True,1.0
1,Delhi North,3,Potato,2025-08-05,2252.9,18.77,True,1.0
1,Delhi North,3,Potato,2025-08-06,2937.5,18.76,True,1.0
1,Delhi North,3,Potato,2025-08-07,3142.6,18.15,True,1.0
1,Delhi North,3,Potato,2025-08-08,3373.5,19.21,True,1.0
1,Delhi North,3,Potato,2025-08-09,2761.9,19.21,True,1.0
1,Delhi North,3,Potato,2025-08-10,2004.4,19.92,True,1.0
1,Delhi North,3,Potato,2025-08-11,2626.9,19.14,True,1.0
1,Delhi North,3,Potato,2025-08-12,2468.2,19.11,True,1.0
1,Delhi North,3,Potato,2025-08-13,2381.4,19.29,True,1.0
1,Delhi North,3,Potato,2025-08-14,4028.5,19.08,True,1.0
1,Delhi North,3,Potato,2025-08-15,2832.8,19.22,True,1.0
1,Delhi North,3,Potato,2025-08-16,2910.0,20.04,True,1.0
1,Delhi North,3,Potato,2025-08-17,1603.0,19.21,True,1.0
1,Delhi North,3,Potato,2025-08-18,2829.8,17.81,True,1.0
1,Delhi North,3,Potato,2025-08-19,1976.7,19.06,True,1.0
1,Delhi North,3,Potato,2025-08-20,2760.4,18.66,True,1.0
1,Delhi North,3,Potato,2025-08-21,2650.5,19.42,True,1.0
1,Delhi North,3,Potato,2025-08-22,2385.5,19.7,True,1.0
1,Delhi North,3,Potato,2025-08-23,2708.6,19.41,True,1.0
1,Delhi North,3,Potato,2025-08-24,1626.9,19.54,True,1.0
1,Delhi North,3,Potato,2025-08-26,2686.8,18.93,True,1.0
1,Delhi North,3,Potato,2025-08-27,2111.9,19.3,True,1.0
1,Delhi North,3,Potato,2025-08-28,2045.2,18.82,True,1.0
1,Delhi North,3,Potato,2025-08-29,2602.3,18.69,True,1.0
1,Delhi North,3,Potato,2025-08-30,3261.0,18.97,True,1.0
1,Delhi North,3,Potato,2025-08-31,2124.5,19.73,True,1.0
1,Delhi North,3,Potato,2025-09-01,2755.6,19.52,True,1.0
1,Delhi North,3,Potato,2025-09-02,2764.8,19.13,True,1.0
1,Delhi North,3,Potato,2025-09-03,1853.9,19.02,True,1.0
1,Delhi North,3,Potato,2025-09-04,2599.5,19.65,True,1.0
1,Delhi North,3,Potato,2025-09-05,2683.7,19.1,True,1.0
1,Delhi North,3,Potato,2025-09-06,2618.9,18.9,True,1.0
1,Delhi North,3,Potato,2025-09-07,1762.5,18.58,True,1.0
1,Delhi North,3,Potato,2025-09-08,2404.5,18.58,True,1.0
1,Delhi North,3,Potato,2025-09-09,2560.2,18.8,True,1.0
1,Delhi North,3,Potato,2025-09-10,2674.8,19.4,True,1.0
1,Delhi North,3,Potato,2025-09-11,2561.4,18.11,True,1.0
1,Delhi North,3,Potato,2025-09-12,2509.8,18.64,True,1.0
1,Delhi North,3,Potato,2025-09-13,2929.9,18.24,True,1.0
1,Delhi North,3,Potato,2025-09-14,1911.2,18.73,True,1.0
1,Delhi North,3,Potato,2025-09-15,2007.7,19.44,True,1.0
1,Delhi North,3,Potato,2025-09-16,2231.9,19.81,True,1.0
1,Delhi North,3,Potato,2025-09-17,2256.6,19.59,True,1.0
1,Delhi North,3,Potato,2025-09-18,2236.1,19.81,True,1.0
1,Delhi North,3,Potato,2025-09-19,2570.5,18.98,True,1.0
1,Delhi North,3,Potato,2025-09-20,2123.4,18.87,True,1.0
1,Delhi North,3,Potato,2025-09-21,1893.9,19.67,True,1.0
1,Delhi North,3,Potato,2025-09-22,1986.6,18.95,True,1.0
1,Delhi North,3,Potato,2025-09-23,2338.9,18.98,True,1.0
1,Delhi North,3,Potato,2025-09-24,2267.1,18.69,True,1.0
1,Delhi North,3,Potato,2025-09-25,1949.8,18.58,True,1.0
1,Delhi North,3,Potato,2025-09-26,2687.8,18.82,True,1.0
1,Delhi North,3,Potato,2025-09-27,2370.6,18.62,True,1.0
1,Delhi North,3,Potato,2025-09-28,1660.8,18.61,True,1.0
1,Delhi North,3,Potato,2025-09-29,2614.5,18.34,True,1.0
1,Delhi North,3,Potato,2025-09-30,2832.8,17.47,True,1.0
1,Delhi North,3,Potato,2025-10-01,2687.2,17.89,True,1.0
1,Delhi North,3,Potato,2025-10-02,2220.4,18.31,True,1.0
1,Delhi North,3,Potato,2025-10-03,2425.8,19.11,True,1.0
1,Delhi North,3,Potato,2025-10-04,2618.9,18.85,True,1.0
1,Delhi North,3,Potato,2025-10-05,2448.9,18.0,True,1.0
1,Delhi North,3,Potato,2025-10-06,2279.7,17.75,True,1.0
1,Delhi North,3,Potato,2025-10-07,2467.2,18.23,True,1.0
1,Delhi North,3,Potato,2025-10-08,2429.3,18.24,True,1.0
1,Delhi North,3,Potato,2025-10-09,2099.7,18.43,True,1.0
1,Delhi North,3,Potato,2025-10-10,2683.3,18.23,True,1.0
1,Delhi North,3,Potato,2025-10-11,2778.4,19.27,True,1.0
1,Delhi North,3,Potato,2025-10-12,1740.3,19.94,True,1.0
1,Delhi North,3,Potato,2025-10-13,2199.9,18.93,True,1.0
1,Delhi North,3,Potato,2025-10-14,2180.2,19.22,True,1.0
1,Delhi North,3,Potato,2025-10-15,2743.1,19.1,True,1.0
1,Delhi North,3,Potato,2025-10-16,2210.0,18.84,True,1.0
1,Delhi North,3,Potato,2025-10-17,2091.6,18.2,True,1.0
1,Delhi North,3,Potato,2025-10-18,2746.9,19.07,True,1.0
1,Delhi North,3,Potato,2025-10-19,2237.8,19.43,True,1.0
1,Delhi North,3,Potato,2025-10-20,2198.4,18.26,True,1.0
1,Delhi North,3,Potato,2025-10-21,2465.9,18.96,True,1.0
1,Delhi North,3,Potato,2025-10-22,1820.3,18.68,True,1.0
1,Delhi North,3,Potato,2025-10-23,2182.6,18.19,True,1.0
1,Delhi North,3,Potato,2025-10-24,2605.1,17.66,True,1.0
1,Delhi North,3,Potato,2025-10-25,2586.2,18.26,True,1.0
1,Delhi North,3,Potato,2025-10-26,2021.9,18.4,True,1.0
1,Delhi North,3,Potato,2025-10-27,3158.2,17.83,True,1.0
1,Delhi North,3,Potato,2025-10-28,2143.7,17.47,True,1.0
1,Delhi North,3,Potato,2025-10-29,2388.4,17.42,True,1.0
1,Delhi North,3,Potato,2025-10-30,2232.4,17.32,True,1.0
1,Delhi North,3,Potato,2025-10-31,2346.4,17.76,True,1.0
1,Delhi North,3,Potato,2025-11-01,2975.1,18.0,True,1.0
1,Delhi North,3,Potato,2025-11-02,2404.9,17.64,True,1.0
1,Delhi North,3,Potato,2025-11-03,2217.7,16.88,True,1.0
1,Delhi North,3,Potato,2025-11-04,2112.9,16.52,True,1.0
1,Delhi North,3,Potato,2025-11-05,2083.5,17.32,True,1.0
1,Delhi North,3,Potato,2025-11-06,2364.5,16.97,True,1.0
1,Delhi North,3,Potato,2025-11-07,2757.8,17.26,True,1.0
1,Delhi North,3,Potato,2025-11-08,2701.5,16.55,True,1.0
1,Delhi North,3,Potato,2025-11-09,2263.8,17.09,True,1.0
1,Delhi North,3,Potato,2025-11-10,2715.3,18.24,True,1.0
1,Delhi North,3,Potato,2025-11-11,2377.3,17.4,True,1.0
1,Delhi North,3,Potato,2025-11-12,2204.4,17.76,True,1.0
1,Delhi North,3,Potato,2025-11-13,2381.8,17.86,True,1.0
1,Delhi North,3,Potato,2025-11-14,2394.2,18.26,True,1.0
1,Delhi North,3,Potato,2025-11-15,2949.5,17.99,True,1.0
1,Delhi North,3,Potato,2025-11-16,2173.4,18.01,True,1.0
1,Delhi North,3,Potato,2025-11-17,2962.3,17.97,True,1.0
1,Delhi North,3,Potato,2025-11-18,2389.8,18.13,True,1.0
1,Delhi North,3,Potato,2025-11-19,2708.8,17.52,True,1.0
1,Delhi North,3,Potato,2025-11-20,2449.7,17.61,True,1.0
1,Delhi North,3,Potato,2025-11-21,2643.0,17.98,True,1.0
1,Delhi North,3,Potato,2025-11-22,2852.1,18.43,True,1.0
1,Delhi North,3,Potato,2025-11-23,2225.0,18.39,True,1.0
1,Delhi North,3,Potato,2025-11-24,1897.5,17.52,True,1.0
1,Delhi North,3,Potato,2025-11-25,2717.0,16.72,True,1.0
1,Delhi North,3,Potato,2025-11-26,2075.3,17.12,True,1.0
1,Delhi North,3,Potato,2025-11-27,2816.7,16.7,True,1.0
1,Delhi North,3,Potato,2025-11-28,2313.5,17.3,True,1.0
1,Delhi North,3,Potato,2025-11-29,3112.0,17.17,True,1.0
1,Delhi North,3,Potato,2025-11-30,2086.4,17.72,True,1.0
1,Delhi North,3,Potato,2025-12-01,1897.0,18.69,True,1.0
1,Delhi North,3,Potato,2025-12-02,2139.4,18.22,True,1.0
1,Delhi North,3,Potato,2025-12-03,2725.6,17.87,True,1.0
1,Delhi North,3,Potato,2025-12-04,2201.4,18.19,True,1.0
1,Delhi North,3,Potato,2025-12-05,2643.6,18.45,True,1.0
1,Delhi North,3,Potato,2025-12-06,3143.8,18.97,True,1.0
1,Delhi North,3,Potato,2025-12-07,2184.7,18.52,True,1.0
1,Delhi North,3,Potato,2025-12-08,2583.7,17.78,True,1.0
1,Delhi North,3,Potato,2025-12-09,2645.6,17.59,True,1.0
1,Delhi North,3,Potato,2025-12-10,2203.7,17.15,True,1.0
1,Delhi North,3,Potato,2025-12-11,2402.0,17.26,True,1.0
1,Delhi North,3,Potato,2025-12-12,2499.6,16.79,True,1.0
1,Delhi North,3,Potato,2025-12-13,2482.6,17.32,True,1.0
1,Delhi North,3,Potato,2025-12-14,1850.6,17.59,True,1.0
1,Delhi North,3,Potato,2025-12-15,2254.5,17.5,True,1.0
1,Delhi North,3,Potato,2025-12-16,2620.9,17.38,True,1.0
1,Delhi North,3,Potato,2025-12-17,2363.3,17.18,True,1.0
1,Delhi North,3,Potato,2025-12-18,2822.5,17.78,True,1.0
1,Delhi North,3,Potato,2025-12-19,2621.1,18.15,True,1.0
1,Delhi North,3,Potato,2025-12-20,2821.3,17.87,True,1.0
1,Delhi North,3,Potato,2025-12-21,1548.8,17.17,True,1.0
1,Delhi North,3,Potato,2025-12-22,2098.1,16.55,True,1.0
1,Delhi North,3,Potato,2025-12-23,2738.5,16.81,True,1.0
1,Delhi North,3,Potato,2025-12-24,2808.9,16.54,True,1.0
1,Delhi North,3,Potato,2025-12-26,3266.5,16.71,True,1.0
1,Delhi North,3,Potato,2025-12-27,3222.0,17.15,True,1.0
1,Delhi North,3,Potato,2025-12-28,2258.1,17.17,True,1.0
1,Delhi North,3,Potato,2025-12-29,2695.5,17.58,True,1.0
1,Delhi North,3,Potato,2025-12-30,3073.3,16.29,True,1.0
1,Delhi North,3,Potato,2025-12-31,2271.0,16.36,True,1.0
1,Delhi North,3,Potato,2026-01-01,2963.2,17.58,True,1.0
1,Delhi North,3,Potato,2026-01-02,2880.9,16.16,True,1.0
1,Delhi North,3,Potato,2026-01-03,2939.1,16.76,True,1.0
1,Delhi North,3,Potato,2026-01-04,2164.4,16.98,True,1.0
1,Delhi North,3,Potato,2026-01-05,2216.2,17.57,True,1.0
1,Delhi North,3,Potato,2026-01-06,2872.3,17.25,True,1.0
1,Delhi North,3,Potato,2026-01-07,2322.0,17.71,True,1.0
1,Delhi North,3,Potato,2026-01-08,3089.3,18.05,True,1.0
1,Delhi North,3,Potato,2026-01-09,2930.3,17.76,True,1.0
1,Delhi North,3,Potato,2026-01-10,3586.2,16.89,True,1.0
1,Delhi North,3,Potato,2026-01-11,2620.4,17.31,True,1.0
1,Delhi North,3,Potato,2026-01-12,2523.4,16.67,True,1.0
1,Delhi North,3,Potato,2026-01-13,2950.8,16.64,True,1.0
1,Delhi North,3,Potato,2026-01-14,2611.5,17.13,True,1.0
1,Delhi North,3,Potato,2026-01-15,2728.7,17.56,True,1.0
1,Delhi North,3,Potato,2026-01-16,2707.7,17.15,True,1.0
1,Delhi North,3,Potato,2026-01-17,2836.9,17.33,True,1.0
1,Delhi North,3,Potato,2026-01-18,2349.4,16.42,True,1.0
1,Delhi North,3,Potato,2026-01-19,2376.3,16.3,True,1.0
1,Delhi North,3,Potato,2026-01-20,2848.0,17.13,True,1.0
1,Delhi North,3,Potato,2026-01-22,2832.1,17.73,True,1.0
1,Delhi North,3,Potato,2026-01-23,3237.0,17.36,True,1.0
1,Delhi North,3,Potato,2026-01-24,3275.9,17.59,True,1.0
1,Delhi North,3,Potato,2026-01-25,2388.7,17.32,True,1.0
1,Delhi North,3,Potato,2026-01-26,2517.0,17.23,True,1.0
1,Delhi North,3,Potato,2026-01-27,2572.3,17.12,True,1.0
1,Delhi North,3,Potato,2026-01-28,2953.8,16.63,True,1.0
1,Delhi North,3,Potato,2026-01-29,2502.4,17.01,True,1.0
1,Delhi North,3,Potato,2026-01-30,3378.7,16.42,True,1.0
1,Delhi North,3,Potato,2026-01-31,3080.2,16.89,True,1.0
1,Delhi North,3,Potato,2026-02-01,2714.0,16.39,True,1.0
1,Delhi North,3,Potato,2026-02-02,2773.6,16.16,True,1.0
1,Delhi North,3,Potato,2026-02-03,2375.5,15.06,True,1.0
1,Delhi North,3,Potato,2026-02-04,2959.9,15.48,True,1.0
1,Delhi North,3,Potato,2026-02-05,3590.6,15.94,True,1.0
1,Delhi North,3,Potato,2026-02-06,2805.5,16.57,True,1.0
1,Delhi North,3,Potato,2026-02-07,3669.0,17.26,True,1.0
1,Delhi North,3,Potato,2026-02-08,2294.4,16.4,True,1.0
1,Delhi North,3,Potato,2026-02-09,2533.8,16.98,True,1.0
1,Delhi North,3,Potato,2026-02-10,2613.8,16.7,True,1.0
1,Delhi North,3,Potato,2026-02-11,2571.2,16.69,True,1.0
1,Delhi North,3,Potato,2026-02-12,2952.5,16.67,True,1.0
1,Delhi North,3,Potato,2026-02-13,3218.6,16.49,True,1.0
1,Delhi North,3,Potato,2026-02-14,3263.1,16.17,True,1.0
1,Delhi North,3,Potato,2026-02-15,2033.9,16.49,True,1.0
1,Delhi North,3,Potato,2026-02-16,2693.4,16.98,True,1.0
1,Delhi North,3,Potato,2026-02-17,3197.3,16.33,True,1.0
1,Delhi North,3,Potato,2026-02-18,3270.6,16.47,True,1.0
1,Delhi North,3,Potato,2026-02-19,2804.6,16.29,True,1.0
1,Delhi North,3,Potato,2026-02-20,3442.8,16.98,True,1.0
1,Delhi North,3,Potato,2026-02-21,2766.5,17.18,True,1.0
1,Delhi North,3,Potato,2026-02-22,2568.7,17.84,True,1.0
1,Delhi North,3,Potato,2026-02-23,2702.8,16.79,True,1.0
1,Delhi North,3,Potato,2026-02-24,2947.0,17.32,True,1.0
1,Delhi North,3,Potato,2026-02-25,3284.5,17.27,True,1.0
1,Delhi North,3,Potato,2026-02-26,3432.8,16.81,True,1.0
1,Delhi North,3,Potato,2026-02-27,3433.9,17.08,True,1.0
1,Delhi North,3,Potato,2026-02-28,3636.2,17.82,True,1.0
1,Delhi North,3,Potato,2026-03-01,1913.3,18.37,True,1.0
1,Delhi North,3,Potato,2026-03-02,2975.7,18.36,True,1.0
1,Delhi North,3,Potato,2026-03-03,2465.0,17.43,True,1.0
1,Delhi North,3,Potato,2026-03-04,2668.1,17.45,True,1.0
1,Delhi North,3,Potato,2026-03-05,3077.7,17.48,True,1.0
1,Delhi North,3,Potato,2026-03-06,2381.6,17.96,True,1.0
1,Delhi North,3,Potato,2026-03-07,3754.1,17.59,True,1.0
1,Delhi North,3,Potato,2026-03-08,2072.9,17.43,True,1.0
1,Delhi North,3,Potato,2026-03-09,2750.7,17.0,True,1.0
1,Delhi North,3,Potato,2026-03-10,2721.7,17.34,True,1.0
1,Delhi North,3,Potato,2026-03-11,3458.0,17.16,True,1.0
1,Delhi North,3,Potato,2026-03-12,2745.6,17.23,True,1.0
1,Delhi North,3,Potato,2026-03-13,3140.0,16.96,True,1.0
1,Delhi North,3,Potato,2026-03-14,2862.2,17.03,True,1.0
1,Delhi North,3,Potato,2026-03-15,2340.4,16.55,True,1.0
1,Delhi North,3,Potato,2026-03-16,2566.3,16.8,True,1.0
1,Delhi North,3,Potato,2026-03-17,2747.2,16.62,True,1.0
1,Delhi North,3,Potato,2026-03-18,2767.3,17.13,True,1.0
1,Delhi North,3,Potato,2026-03-19,2472.5,18.08,True,1.0
1,Delhi North,3,Potato,2026-03-20,2851.6,18.26,True,1.0
1,Delhi North,3,Potato,2026-03-21,3149.6,17.38,True,1.0
1,Delhi North,3,Potato,2026-03-22,1847.6,17.17,True,1.0
1,Delhi North,3,Potato,2026-03-23,3177.9,16.42,True,1.0
1,Delhi North,3,Potato,2026-03-24,3187.9,16.69,True,1.0
1,Delhi North,3,Potato,2026-03-26,2796.2,15.86,True,1.0
1,Delhi North,3,Potato,2026-03-27,3156.0,16.81,True,1.0
1,Delhi North,3,Potato,2026-03-28,3441.5,17.4,True,1.0
1,Delhi North,3,Potato,2026-03-29,2783.9,16.65,True,1.0
1,Delhi North,3,Potato,2026-03-30,3008.1,16.66,True,1.0
1,Delhi North,3,Potato,2026-03-31,2730.5,17.11,True,1.0
1,Delhi North,3,Potato,2026-04-01,3016.2,17.4,True,1.0
1,Delhi North,3,Potato,2026-04-02,2729.6,16.63,True,1.0
1,Delhi North,3,Potato,2026-04-03,2770.1,17.01,True,1.0
1,Delhi North,3,Potato,2026-04-04,3615.9,16.86,True,1.0
1,Delhi North,3,Potato,2026-04-05,2369.0,17.65,True,1.0
1,Delhi North,3,Potato,2026-04-06,3458.2,17.52,True,1.0
1,Delhi North,3,Potato,2026-04-07,2988.1,17.71,True,1.0
1,Delhi North,3,Potato,2026-04-08,2146.1,17.62,True,1.0
1,Delhi North,3,Potato,2026-04-09,2729.2,17.95,True,1.0
1,Delhi North,3,Potato,2026-04-10,3411.4,17.46,True,1.0
1,Delhi North,3,Potato,2026-04-12,2332.6,18.42,True,1.0
1,Delhi North,3,Potato,2026-04-13,2345.3,19.18,True,1.0
1,Delhi North,3,Potato,2026-04-14,2660.6,19.59,True,1.0
1,Delhi North,3,Potato,2026-04-15,2554.0,18.72,True,1.0
1,Delhi North,3,Potato,2026-04-16,2842.9,18.73,True,1.0
1,Delhi North,3,Potato,2026-04-17,2916.8,18.87,True,1.0
1,Delhi North,3,Potato,2026-04-18,3152.9,18.85,True,1.0
1,Delhi North,3,Potato,2026-04-19,2952.0,18.94,True,1.0
1,Delhi North,3,Potato,2026-04-20,2722.6,18.83,True,1.0
1,Delhi North,3,Potato,2026-04-21,2571.1,18.24,True,1.0
1,Delhi North,3,Potato,2026-04-22,3265.5,18.24,True,1.0
1,Delhi North,3,Potato,2026-04-23,3302.8,18.58,True,1.0
1,Delhi North,3,Potato,2026-04-24,3187.3,18.62,True,1.0
1,Delhi North,3,Potato,2026-04-25,3916.6,17.85,True,1.0
1,Delhi North,3,Potato,2026-04-26,2255.7,17.44,True,1.0
1,Delhi North,3,Potato,2026-04-27,3084.0,17.4,True,1.0
1,Delhi North,3,Potato,2026-04-28,3507.0,17.48,True,1.0
1,Delhi North,3,Potato,2026-04-29,2745.7,17.72,True,1.0
1,Delhi North,3,Potato,2026-04-30,3119.8,17.33,True,1.0
1,Delhi North,3,Potato,2026-05-01,2901.7,17.95,True,1.0
1,Delhi North,3,Potato,2026-05-02,2904.3,17.06,True,1.0
1,Delhi North,3,Potato,2026-05-03,2681.2,17.64,True,1.0
1,Delhi North,3,Potato,2026-05-04,1983.0,18.04,True,1.0
1,Delhi North,3,Potato,2026-05-05,2682.4,18.41,True,1.0
1,Delhi North,3,Potato,2026-05-06,3410.1,16.81,True,1.0
1,Delhi North,3,Potato,2026-05-07,2568.2,16.56,True,1.0
1,Delhi North,3,Potato,2026-05-08,3011.3,16.87,True,1.0
1,Delhi North,3,Potato,2026-05-09,3046.4,17.36,True,1.0
1,Delhi North,3,Potato,2026-05-10,2270.6,17.58,True,1.0
1,Delhi North,3,Potato,2026-05-11,2598.6,17.38,True,1.0
1,Delhi North,3,Potato,2026-05-12,3253.8,18.31,True,1.0
1,Delhi North,3,Potato,2026-05-13,3638.9,18.49,True,1.0
1,Delhi North,3,Potato,2026-05-14,2851.1,18.24,True,1.0
1,Delhi North,3,Potato,2026-05-15,3117.9,17.77,True,1.0
1,Delhi North,3,Potato,2026-05-16,3091.1,17.99,True,1.0
1,Delhi North,3,Potato,2026-05-17,2421.2,18.78,True,1.0
1,Delhi North,3,Potato,2026-05-18,3252.6,18.69,True,1.0
1,Delhi North,3,Potato,2026-05-19,2331.2,18.6,True,1.0
1,Delhi North,3,Potato,2026-05-20,2591.7,18.6,True,1.0
1,Delhi North,3,Potato,2026-05-21,2524.3,18.63,True,1.0
1,Delhi North,3,Potato,2026-05-22,3453.5,18.47,True,1.0
1,Delhi North,3,Potato,2026-05-23,3273.4,17.98,True,1.0
1,Delhi North,3,Potato,2026-05-24,2322.8,18.96,True,1.0
1,Delhi North,3,Potato,2026-05-25,2556.7,19.19,True,1.0
1,Delhi North,3,Potato,2026-05-26,3154.7,20.19,True,1.0
1,Delhi North,3,Potato,2026-05-27,2679.6,19.99,True,1.0
1,Delhi North,3,Potato,2026-05-28,2853.5,19.44,True,1.0
1,Delhi North,3,Potato,2026-05-29,3054.6,18.69,True,1.0
1,Delhi North,3,Potato,2026-05-30,3072.3,18.51,True,1.0
1,Delhi North,3,Potato,2026-05-31,2674.5,17.96,True,1.0
1,Delhi North,3,Potato,2026-06-01,2176.5,19.3,True,1.0
1,Delhi North,3,Potato,2026-06-02,3077.5,19.12,True,1.0
1,Delhi North,3,Potato,2026-06-03,2525.8,19.43,True,1.0
1,Delhi North,3,Potato,2026-06-04,2602.9,19.76,True,1.0
1,Delhi North,3,Potato,2026-06-05,2496.5,20.07,True,1.0
1,Delhi North,3,Potato,2026-06-06,3389.2,21.16,True,1.0
1,Delhi North,3,Potato,2026-06-07,2163.4,20.37,True,1.0
1,Delhi North,3,Potato,2026-06-08,2620.9,19.79,True,1.0
1,Delhi North,3,Potato,2026-06-09,3050.7,19.59,True,1.0
1,Delhi North,3,Potato,2026-06-10,2871.5,19.79,True,1.0
1,Delhi North,3,Potato,2026-06-11,3072.9,19.61,True,1.0
1,Delhi North,3,Potato,2026-06-12,2654.7,19.24,True,1.0
1,Delhi North,3,Potato,2026-06-13,3029.8,18.75,True,1.0
1,Delhi North,3,Potato,2026-06-14,1879.3,18.39,True,1.0
1,Delhi North,3,Potato,2026-06-15,3280.8,18.69,True,1.0
1,Delhi North,3,Potato,2026-06-16,3247.0,18.24,True,1.0
1,Delhi North,3,Potato,2026-06-17,2472.1,17.52,True,1.0
1,Delhi North,3,Potato,2026-06-18,3047.3,18.01,True,1.0
1,Delhi North,3,Potato,2026-06-19,3235.9,18.91,True,1.0
1,Delhi North,3,Potato,2026-06-20,3115.5,19.3,True,1.0
1,Delhi North,3,Potato,2026-06-21,2174.1,19.2,True,1.0
1,Delhi North,3,Potato,2026-06-22,2495.4,19.37,True,1.0
1,Delhi North,3,Potato,2026-06-23,2633.9,18.39,True,1.0
1,Delhi North,3,Potato,2026-06-24,2729.3,18.22,True,1.0
1,Delhi North,3,Potato,2026-06-25,2938.4,19.38,True,1.0
1,Delhi North,3,Potato,2026-06-26,3140.3,19.95,True,1.0
1,Delhi North,3,Potato,2026-06-27,2609.8,19.29,True,1.0
1,Delhi North,3,Potato,2026-06-28,2155.5,20.22,True,1.0
1,Delhi North,3,Potato,2026-06-29,3542.7,19.48,True,1.0
1,Delhi North,3,Potato,2026-06-30,2690.7,18.92,True,1.0
1,Delhi North,3,Potato,2026-07-01,3020.7,19.83,True,1.0
1,Delhi North,3,Potato,2026-07-02,2507.7,20.37,True,1.0
1,Delhi North,3,Potato,2026-07-03,2891.7,19.66,True,1.0
1,Delhi North,3,Potato,2026-07-04,3400.0,19.48,True,1.0
1,Delhi North,3,Potato,2026-07-05,2318.0,19.2,True,1.0
1,Delhi North,3,Potato,2026-07-06,2997.1,19.47,True,1.0
1,Delhi North,3,Potato,2026-07-07,2759.5,20.27,True,1.0
1,Delhi North,3,Potato,2026-07-08,2730.8,20.24,True,1.0
1,Delhi North,3,Potato,2026-07-09,3514.3,19.86,True,1.0
1,Delhi North,3,Potato,2026-07-10,3127.4,18.92,True,1.0
1,Delhi North,3,Potato,2026-07-11,3154.7,19.43,True,1.0
1,Delhi North,3,Potato,2026-07-12,2014.0,18.7,True,1.0
1,Delhi North,3,Potato,2026-07-13,2857.1,18.75,True,1.0
1,Delhi North,3,Potato,2026-07-14,2802.0,19.42,True,1.0
1,Delhi North,3,Potato,2026-07-15,2363.3,19.82,True,1.0
1,Delhi North,3,Potato,2026-07-16,2430.1,20.12,True,1.0
1,Delhi North,3,Potato,2026-07-17,3080.8,20.25,True,1.0
1,Delhi North,3,Potato,2026-07-18,3099.1,20.03,True,1.0
1,Delhi North,3,Potato,2026-07-20,3078.1,19.8,True,1.0
1,Delhi North,3,Potato,2026-07-21,2970.5,19.9,True,1.0
1,Delhi North,3,Potato,2026-07-22,2467.8,20.01,True,1.0
1,Delhi North,3,Potato,2026-07-23,2565.5,19.86,True,1.0
1,Delhi North,3,Potato,2026-07-24,3123.4,19.97,True,1.0
1,Delhi North,3,Potato,2026-07-25,2634.1,19.37,True,1.0
1,Delhi North,3,Potato,2026-07-26,2454.5,19.17,True,1.0
1,Delhi North,3,Potato,2026-07-27,2646.9,19.32,True,1.0
1,Delhi North,3,Potato,2026-07-28,2990.2,20.39,True,1.0
1,Delhi North,3,Potato,2026-07-29,2756.7,20.35,True,1.0
1,Delhi North,3,Potato,2026-07-30,2737.4,19.94,True,1.0
1,Delhi North,3,Potato,2026-07-31,3437.7,19.61,True,1.0
1,Delhi North,3,Potato,2026-08-01,2894.2,19.92,True,1.0
1,Delhi North,3,Potato,2026-08-02,2365.5,19.67,True,1.0
1,Delhi North,3,Potato,2026-08-03,2688.7,19.9,True,1.0
1,Delhi North,3,Potato,2026-08-04,2481.6,19.99,True,1.0
1,Delhi North,3,Potato,2026-08-05,2876.1,19.08,True,1.0
1,Delhi North,3,Potato,2026-08-06,2401.7,19.39,True,1.0
1,Delhi North,3,Potato,2026-08-07,3349.1,19.6,True,1.0
1,Delhi North,3,Potato,2026-08-08,2580.6,19.94,True,1.0
1,Delhi North,3,Potato,2026-08-09,2005.4,19.26,True,1.0
1,Delhi North,3,Potato,2026-08-10,2052.4,19.86,True,1.0
1,Delhi North,3,Potato,2026-08-11,2687.1,19.58,True,1.0
1,Delhi North,3,Potato,2026-08-12,2769.0,20.61,True,1.0
1,Delhi North,3,Potato,2026-08-13,2780.3,21.21,True,1.0
1,Delhi North,3,Potato,2026-08-14,2554.8,20.24,True,1.0
1,Delhi North,3,Potato,2026-08-15,3227.5,19.16,True,1.0
1,Delhi North,3,Potato,2026-08-16,1938.4,19.55,True,1.0
1,Delhi North,3,Potato,2026-08-17,2705.2,18.99,True,1.0
1,Delhi North,3,Potato,2026-08-18,2600.4,19.68,True,1.0
1,Delhi North,3,Potato,2026-08-19,2857.7,19.83,True,1.0
1,Delhi North,3,Potato,2026-08-20,2636.3,18.83,True,1.0
1,Delhi North,3,Potato,2026-08-21,3182.1,19.35,True,1.0
1,Delhi North,3,Potato,2026-08-22,2911.1,19.37,True,1.0
1,Delhi North,3,Potato,2026-08-23,2105.3,19.53,True,1.0
1,Delhi North,3,Potato,2026-08-24,2085.2,20.27,True,1.0
1,Delhi North,3,Potato,2026-08-25,2972.3,19.84,True,1.0
1,Delhi North,3,Potato,2026-08-26,2178.2,20.05,True,1.0
1,Delhi North,3,Potato,2026-08-27,2538.5,19.42,True,1.0
1,Delhi North,3,Potato,2026-08-28,3435.2,19.01,True,1.0
1,Delhi North,3,Potato,2026-08-29,2122.6,18.91,True,1.0
1,Delhi North,3,Potato,2026-08-30,1774.3,18.62,True,1.0
1,Delhi North,3,Potato,2026-08-31,2638.8,19.06,True,1.0
1,Delhi North,3,Potato,2026-09-01,2927.6,18.34,True,1.0
1,Delhi North,3,Potato,2026-09-02,2613.4,18.99,True,1.0
1,Delhi North,3,Potato,2026-09-03,2514.7,18.59,True,1.0
1,Delhi North,3,Potato,2026-09-04,3216.4,18.92,True,1.0
1,Delhi North,3,Potato,2026-09-05,2587.3,18.31,True,1.0
1,Delhi North,3,Potato,2026-09-06,1838.2,18.76,True,1.0
1,Delhi North,3,Potato,2026-09-07,2637.5,19.41,True,1.0
1,Delhi North,3,Potato,2026-09-08,2623.7,19.28,True,1.0
1,Delhi North,3,Potato,2026-09-09,2378.5,19.8,True,1.0
1,Delhi North,3,Potato,2026-09-10,2215.2,19.62,True,1.0
1,Delhi North,3,Potato,2026-09-11,2355.1,19.63,True,1.0
1,Delhi North,3,Potato,2026-09-12,2994.5,18.9,True,1.0
1,Delhi North,3,Potato,2026-09-13,1850.6,19.13,True,1.0
1,Delhi North,3,Potato,2026-09-14,2565.7,18.74,True,1.0
1,Delhi North,3,Potato,2026-09-15,2006.5,18.39,True,1.0
1,Delhi North,3,Potato,2026-09-16,2705.5,19.37,True,1.0
1,Delhi North,3,Potato,2026-09-17,1991.1,18.52,True,1.0
1,Delhi North,3,Potato,2026-09-18,2648.7,18.54,True,1.0
1,Delhi North,3,Potato,2026-09-19,2429.6,18.99,True,1.0
1,Delhi North,3,Potato,2026-09-20,2417.0,19.05,True,1.0
1,Delhi North,3,Potato,2026-09-21,2241.2,17.98,True,1.0
1,Delhi North,3,Potato,2026-09-22,2159.9,18.51,True,1.0
1,Delhi North,3,Potato,2026-09-23,2562.3,17.85,True,1.0
1,Delhi North,3,Potato,2026-09-24,3031.4,17.87,True,1.0
1,Delhi North,3,Potato,2026-09-25,3198.3,17.98,True,1.0
1,Delhi North,3,Potato,2026-09-26,3547.0,16.72,True,1.0
1,Delhi North,3,Potato,2026-09-27,2475.9,17.22,True,1.0
1,Delhi North,3,Potato,2026-09-28,2331.7,17.96,True,1.0
1,Delhi North,3,Potato,2026-09-29,3002.2,18.06,True,1.0
1,Delhi North,3,Potato,2026-09-30,2189.9,18.31,True,1.0
1,Delhi North,4,Cauliflower,2024-10-01,401.7,27.22,True,1.0
1,Delhi North,4,Cauliflower,2024-10-02,393.2,27.24,True,1.0
1,Delhi North,4,Cauliflower,2024-10-03,377.4,26.4,True,1.0
1,Delhi North,4,Cauliflower,2024-10-04,456.6,27.73,True,1.0
1,Delhi North,4,Cauliflower,2024-10-05,450.6,26.15,True,1.0
1,Delhi North,4,Cauliflower,2024-10-06,289.0,25.9,True,1.0
1,Delhi North,4,Cauliflower,2024-10-07,393.0,24.21,True,1.0
1,Delhi North,4,Cauliflower,2024-10-08,380.5,24.4,True,1.0
1,Delhi North,4,Cauliflower,2024-10-09,404.5,24.15,True,1.0
1,Delhi North,4,Cauliflower,2024-10-10,552.8,24.07,True,1.0
1,Delhi North,4,Cauliflower,2024-10-11,454.9,24.19,True,1.0
1,Delhi North,4,Cauliflower,2024-10-12,459.2,24.19,True,1.0
1,Delhi North,4,Cauliflower,2024-10-13,359.7,23.25,True,1.0
1,Delhi North,4,Cauliflower,2024-10-14,406.9,23.03,True,1.0
1,Delhi North,4,Cauliflower,2024-10-15,407.8,23.11,True,1.0
1,Delhi North,4,Cauliflower,2024-10-16,523.6,22.21,True,1.0
1,Delhi North,4,Cauliflower,2024-10-17,433.7,23.0,True,1.0
1,Delhi North,4,Cauliflower,2024-10-18,392.1,24.29,True,1.0
1,Delhi North,4,Cauliflower,2024-10-19,545.1,24.09,True,1.0
1,Delhi North,4,Cauliflower,2024-10-20,292.7,23.36,True,1.0
1,Delhi North,4,Cauliflower,2024-10-21,391.0,21.72,True,1.0
1,Delhi North,4,Cauliflower,2024-10-22,548.2,21.08,True,1.0
1,Delhi North,4,Cauliflower,2024-10-23,437.4,21.75,True,1.0
1,Delhi North,4,Cauliflower,2024-10-24,459.9,22.8,True,1.0
1,Delhi North,4,Cauliflower,2024-10-25,397.9,22.57,True,1.0
1,Delhi North,4,Cauliflower,2024-10-26,535.6,21.59,True,1.0
1,Delhi North,4,Cauliflower,2024-10-27,440.2,21.28,True,1.0
1,Delhi North,4,Cauliflower,2024-10-28,458.5,21.23,True,1.0
1,Delhi North,4,Cauliflower,2024-10-29,407.3,20.37,True,1.0
1,Delhi North,4,Cauliflower,2024-10-30,507.5,20.71,True,1.0
1,Delhi North,4,Cauliflower,2024-10-31,642.0,21.67,True,1.0
1,Delhi North,4,Cauliflower,2024-11-01,457.3,20.76,True,1.0
1,Delhi North,4,Cauliflower,2024-11-02,487.5,20.79,True,1.0
1,Delhi North,4,Cauliflower,2024-11-03,389.8,19.94,True,1.0
1,Delhi North,4,Cauliflower,2024-11-04,464.9,20.03,True,1.0
1,Delhi North,4,Cauliflower,2024-11-05,595.8,20.46,True,1.0
1,Delhi North,4,Cauliflower,2024-11-06,466.4,21.47,True,1.0
1,Delhi North,4,Cauliflower,2024-11-07,496.9,21.83,True,1.0
1,Delhi North,4,Cauliflower,2024-11-08,520.6,21.06,True,1.0
1,Delhi North,4,Cauliflower,2024-11-09,746.7,21.29,True,1.0
1,Delhi North,4,Cauliflower,2024-11-10,470.2,21.17,True,1.0
1,Delhi North,4,Cauliflower,2024-11-11,493.8,21.28,True,1.0
1,Delhi North,4,Cauliflower,2024-11-12,563.7,21.23,True,1.0
1,Delhi North,4,Cauliflower,2024-11-13,474.3,21.49,True,1.0
1,Delhi North,4,Cauliflower,2024-11-14,503.1,21.59,True,1.0
1,Delhi North,4,Cauliflower,2024-11-15,648.9,22.07,True,1.0
1,Delhi North,4,Cauliflower,2024-11-16,609.7,21.93,True,1.0
1,Delhi North,4,Cauliflower,2024-11-17,374.5,22.83,True,1.0
1,Delhi North,4,Cauliflower,2024-11-18,466.5,22.7,True,1.0
1,Delhi North,4,Cauliflower,2024-11-19,546.8,23.22,True,1.0
1,Delhi North,4,Cauliflower,2024-11-20,605.9,23.09,True,1.0
1,Delhi North,4,Cauliflower,2024-11-21,566.0,22.09,True,1.0
1,Delhi North,4,Cauliflower,2024-11-22,666.5,22.61,True,1.0
1,Delhi North,4,Cauliflower,2024-11-23,742.7,22.94,True,1.0
1,Delhi North,4,Cauliflower,2024-11-24,433.3,20.64,True,1.0
1,Delhi North,4,Cauliflower,2024-11-25,575.5,20.47,True,1.0
1,Delhi North,4,Cauliflower,2024-11-26,475.0,21.55,True,1.0
1,Delhi North,4,Cauliflower,2024-11-27,606.4,22.08,True,1.0
1,Delhi North,4,Cauliflower,2024-11-28,451.1,20.91,True,1.0
1,Delhi North,4,Cauliflower,2024-11-29,571.0,21.5,True,1.0
1,Delhi North,4,Cauliflower,2024-11-30,667.2,22.47,True,1.0
1,Delhi North,4,Cauliflower,2024-12-01,485.9,22.44,True,1.0
1,Delhi North,4,Cauliflower,2024-12-02,643.5,21.13,True,1.0
1,Delhi North,4,Cauliflower,2024-12-03,606.0,20.67,True,1.0
1,Delhi North,4,Cauliflower,2024-12-04,690.8,21.05,True,1.0
1,Delhi North,4,Cauliflower,2024-12-05,716.6,20.95,True,1.0
1,Delhi North,4,Cauliflower,2024-12-06,645.8,21.79,True,1.0
1,Delhi North,4,Cauliflower,2024-12-07,663.6,22.06,True,1.0
1,Delhi North,4,Cauliflower,2024-12-08,496.6,23.05,True,1.0
1,Delhi North,4,Cauliflower,2024-12-09,779.9,23.14,True,1.0
1,Delhi North,4,Cauliflower,2024-12-10,615.3,22.9,True,1.0
1,Delhi North,4,Cauliflower,2024-12-11,556.2,22.18,True,1.0
1,Delhi North,4,Cauliflower,2024-12-12,766.5,22.8,True,1.0
1,Delhi North,4,Cauliflower,2024-12-13,689.0,22.33,True,1.0
1,Delhi North,4,Cauliflower,2024-12-14,675.1,21.38,True,1.0
1,Delhi North,4,Cauliflower,2024-12-15,550.2,21.39,True,1.0
1,Delhi North,4,Cauliflower,2024-12-16,818.5,21.32,True,1.0
1,Delhi North,4,Cauliflower,2024-12-17,472.0,20.74,True,1.0
1,Delhi North,4,Cauliflower,2024-12-18,621.3,21.44,True,1.0
1,Delhi North,4,Cauliflower,2024-12-19,644.5,21.36,True,1.0
1,Delhi North,4,Cauliflower,2024-12-20,609.6,21.64,True,1.0
1,Delhi North,4,Cauliflower,2024-12-21,740.9,21.13,True,1.0
1,Delhi North,4,Cauliflower,2024-12-22,621.0,21.16,True,1.0
1,Delhi North,4,Cauliflower,2024-12-23,630.1,21.77,True,1.0
1,Delhi North,4,Cauliflower,2024-12-24,676.7,21.58,True,1.0
1,Delhi North,4,Cauliflower,2024-12-25,779.6,21.39,True,1.0
1,Delhi North,4,Cauliflower,2024-12-26,704.4,22.88,True,1.0
1,Delhi North,4,Cauliflower,2024-12-27,685.5,22.75,True,1.0
1,Delhi North,4,Cauliflower,2024-12-28,834.4,22.95,True,1.0
1,Delhi North,4,Cauliflower,2024-12-29,517.8,23.11,True,1.0
1,Delhi North,4,Cauliflower,2024-12-30,710.2,22.82,True,1.0
1,Delhi North,4,Cauliflower,2024-12-31,620.7,22.92,True,1.0
1,Delhi North,4,Cauliflower,2025-01-01,647.5,22.0,True,1.0
1,Delhi North,4,Cauliflower,2025-01-02,629.2,22.95,True,1.0
1,Delhi North,4,Cauliflower,2025-01-03,711.9,23.53,True,1.0
1,Delhi North,4,Cauliflower,2025-01-04,671.7,23.25,True,1.0
1,Delhi North,4,Cauliflower,2025-01-05,613.9,22.95,True,1.0
1,Delhi North,4,Cauliflower,2025-01-06,780.5,21.97,True,1.0
1,Delhi North,4,Cauliflower,2025-01-07,641.4,22.76,True,1.0
1,Delhi North,4,Cauliflower,2025-01-08,844.2,22.51,True,1.0
1,Delhi North,4,Cauliflower,2025-01-09,661.2,22.91,True,1.0
1,Delhi North,4,Cauliflower,2025-01-10,838.2,21.9,True,1.0
1,Delhi North,4,Cauliflower,2025-01-11,998.8,22.54,True,1.0
1,Delhi North,4,Cauliflower,2025-01-12,673.5,22.49,True,1.0
1,Delhi North,4,Cauliflower,2025-01-13,700.3,22.6,True,1.0
1,Delhi North,4,Cauliflower,2025-01-14,674.2,21.8,True,1.0
1,Delhi North,4,Cauliflower,2025-01-16,946.9,22.34,True,1.0
1,Delhi North,4,Cauliflower,2025-01-17,779.1,22.55,True,1.0
1,Delhi North,4,Cauliflower,2025-01-18,802.6,23.29,True,1.0
1,Delhi North,4,Cauliflower,2025-01-19,663.7,23.25,True,1.0
1,Delhi North,4,Cauliflower,2025-01-20,721.5,24.66,True,1.0
1,Delhi North,4,Cauliflower,2025-01-21,809.5,23.69,True,1.0
1,Delhi North,4,Cauliflower,2025-01-22,650.5,23.83,True,1.0
1,Delhi North,4,Cauliflower,2025-01-23,648.4,24.07,True,1.0
1,Delhi North,4,Cauliflower,2025-01-24,928.0,23.3,True,1.0
1,Delhi North,4,Cauliflower,2025-01-25,966.6,23.53,True,1.0
1,Delhi North,4,Cauliflower,2025-01-26,606.9,23.53,True,1.0
1,Delhi North,4,Cauliflower,2025-01-27,645.1,23.84,True,1.0
1,Delhi North,4,Cauliflower,2025-01-28,683.4,24.25,True,1.0
1,Delhi North,4,Cauliflower,2025-01-29,630.3,25.25,True,1.0
1,Delhi North,4,Cauliflower,2025-01-30,798.8,25.19,True,1.0
1,Delhi North,4,Cauliflower,2025-01-31,1053.1,25.36,True,1.0
1,Delhi North,4,Cauliflower,2025-02-01,746.2,26.22,True,1.0
1,Delhi North,4,Cauliflower,2025-02-02,671.5,24.61,True,1.0
1,Delhi North,4,Cauliflower,2025-02-03,833.8,24.47,True,1.0
1,Delhi North,4,Cauliflower,2025-02-04,841.2,24.62,True,1.0
1,Delhi North,4,Cauliflower,2025-02-05,918.9,23.66,True,1.0
1,Delhi North,4,Cauliflower,2025-02-06,789.5,24.13,True,1.0
1,Delhi North,4,Cauliflower,2025-02-07,910.6,22.86,True,1.0
1,Delhi North,4,Cauliflower,2025-02-08,1019.3,24.05,True,1.0
1,Delhi North,4,Cauliflower,2025-02-09,652.8,23.44,True,1.0
1,Delhi North,4,Cauliflower,2025-02-10,691.8,23.2,True,1.0
1,Delhi North,4,Cauliflower,2025-02-11,787.4,24.27,True,1.0
1,Delhi North,4,Cauliflower,2025-02-12,865.1,23.55,True,1.0
1,Delhi North,4,Cauliflower,2025-02-13,875.7,25.69,True,1.0
1,Delhi North,4,Cauliflower,2025-02-14,792.9,25.86,True,1.0
1,Delhi North,4,Cauliflower,2025-02-15,837.8,25.86,True,1.0
1,Delhi North,4,Cauliflower,2025-02-16,624.1,26.87,True,1.0
1,Delhi North,4,Cauliflower,2025-02-17,987.8,26.64,True,1.0
1,Delhi North,4,Cauliflower,2025-02-18,695.6,26.76,True,1.0
1,Delhi North,4,Cauliflower,2025-02-19,861.8,26.58,True,1.0
1,Delhi North,4,Cauliflower,2025-02-20,901.6,26.22,True,1.0
1,Delhi North,4,Cauliflower,2025-02-21,682.0,26.67,True,1.0
1,Delhi North,4,Cauliflower,2025-02-22,1049.8,27.14,True,1.0
1,Delhi North,4,Cauliflower,2025-02-23,542.6,26.13,True,1.0
1,Delhi North,4,Cauliflower,2025-02-24,761.4,25.77,True,1.0
1,Delhi North,4,Cauliflower,2025-02-25,653.8,25.72,True,1.0
1,Delhi North,4,Cauliflower,2025-02-26,1069.8,26.18,True,1.0
1,Delhi North,4,Cauliflower,2025-02-27,744.4,26.83,True,1.0
1,Delhi North,4,Cauliflower,2025-02-28,894.5,28.77,True,1.0
1,Delhi North,4,Cauliflower,2025-03-01,819.0,28.68,True,1.0
1,Delhi North,4,Cauliflower,2025-03-02,617.8,28.28,True,1.0
1,Delhi North,4,Cauliflower,2025-03-03,942.2,27.61,True,1.0
1,Delhi North,4,Cauliflower,2025-03-04,674.3,28.54,True,1.0
1,Delhi North,4,Cauliflower,2025-03-05,955.7,28.42,True,1.0
1,Delhi North,4,Cauliflower,2025-03-06,847.5,28.67,True,1.0
1,Delhi North,4,Cauliflower,2025-03-07,910.7,28.59,True,1.0
1,Delhi North,4,Cauliflower,2025-03-08,725.5,29.03,True,1.0
1,Delhi North,4,Cauliflower,2025-03-09,517.0,29.32,True,1.0
1,Delhi North,4,Cauliflower,2025-03-10,629.5,29.47,True,1.0
1,Delhi North,4,Cauliflower,2025-03-11,637.4,29.3,True,1.0
1,Delhi North,4,Cauliflower,2025-03-12,945.6,29.29,True,1.0
1,Delhi North,4,Cauliflower,2025-03-13,851.3,29.56,True,1.0
1,Delhi North,4,Cauliflower,2025-03-14,816.9,27.89,True,1.0
1,Delhi North,4,Cauliflower,2025-03-15,889.4,28.3,True,1.0
1,Delhi North,4,Cauliflower,2025-03-16,576.7,29.46,True,1.0
1,Delhi North,4,Cauliflower,2025-03-17,715.1,29.1,True,1.0
1,Delhi North,4,Cauliflower,2025-03-18,787.4,27.58,True,1.0
1,Delhi North,4,Cauliflower,2025-03-19,627.5,27.14,True,1.0
1,Delhi North,4,Cauliflower,2025-03-20,689.3,28.01,True,1.0
1,Delhi North,4,Cauliflower,2025-03-21,818.6,28.02,True,1.0
1,Delhi North,4,Cauliflower,2025-03-22,902.8,28.76,True,1.0
1,Delhi North,4,Cauliflower,2025-03-23,548.9,29.19,True,1.0
1,Delhi North,4,Cauliflower,2025-03-24,871.5,29.15,True,1.0
1,Delhi North,4,Cauliflower,2025-03-25,742.2,28.78,True,1.0
1,Delhi North,4,Cauliflower,2025-03-26,651.3,29.48,True,1.0
1,Delhi North,4,Cauliflower,2025-03-27,809.0,29.9,True,1.0
1,Delhi North,4,Cauliflower,2025-03-28,720.3,30.07,True,1.0
1,Delhi North,4,Cauliflower,2025-03-29,985.3,31.09,True,1.0
1,Delhi North,4,Cauliflower,2025-03-30,689.6,31.25,True,1.0
1,Delhi North,4,Cauliflower,2025-03-31,685.6,30.69,True,1.0
1,Delhi North,4,Cauliflower,2025-04-01,666.5,30.54,True,1.0
1,Delhi North,4,Cauliflower,2025-04-02,796.6,30.73,True,1.0
1,Delhi North,4,Cauliflower,2025-04-03,764.0,31.05,True,1.0
1,Delhi North,4,Cauliflower,2025-04-04,808.5,32.41,True,1.0
1,Delhi North,4,Cauliflower,2025-04-05,911.0,33.77,True,1.0
1,Delhi North,4,Cauliflower,2025-04-06,517.9,32.71,True,1.0
1,Delhi North,4,Cauliflower,2025-04-07,641.3,31.52,True,1.0
1,Delhi North,4,Cauliflower,2025-04-08,734.8,31.16,True,1.0
1,Delhi North,4,Cauliflower,2025-04-09,727.8,31.8,True,1.0
1,Delhi North,4,Cauliflower,2025-04-10,747.7,32.67,True,1.0
1,Delhi North,4,Cauliflower,2025-04-11,753.2,32.16,True,1.0
1,Delhi North,4,Cauliflower,2025-04-12,922.9,31.38,True,1.0
1,Delhi North,4,Cauliflower,2025-04-13,651.6,32.04,True,1.0
1,Delhi North,4,Cauliflower,2025-04-15,592.9,33.69,True,1.0
1,Delhi North,4,Cauliflower,2025-04-16,599.4,32.78,True,1.0
1,Delhi North,4,Cauliflower,2025-04-17,706.3,33.08,True,1.0
1,Delhi North,4,Cauliflower,2025-04-18,658.0,31.51,True,1.0
1,Delhi North,4,Cauliflower,2025-04-19,919.0,31.83,True,1.0
1,Delhi North,4,Cauliflower,2025-04-20,570.0,32.85,True,1.0
1,Delhi North,4,Cauliflower,2025-04-21,620.9,34.35,True,1.0
1,Delhi North,4,Cauliflower,2025-04-22,652.8,34.29,True,1.0
1,Delhi North,4,Cauliflower,2025-04-23,643.8,33.74,True,1.0
1,Delhi North,4,Cauliflower,2025-04-24,709.3,32.29,True,1.0
1,Delhi North,4,Cauliflower,2025-04-25,736.1,32.83,True,1.0
1,Delhi North,4,Cauliflower,2025-04-26,1101.9,33.63,True,1.0
1,Delhi North,4,Cauliflower,2025-04-27,513.5,34.59,True,1.0
1,Delhi North,4,Cauliflower,2025-04-28,532.4,34.53,True,1.0
1,Delhi North,4,Cauliflower,2025-04-29,716.5,33.35,True,1.0
1,Delhi North,4,Cauliflower,2025-04-30,787.4,34.0,True,1.0
1,Delhi North,4,Cauliflower,2025-05-01,596.5,35.62,True,1.0
1,Delhi North,4,Cauliflower,2025-05-02,801.9,34.83,True,1.0
1,Delhi North,4,Cauliflower,2025-05-03,680.3,33.77,True,1.0
1,Delhi North,4,Cauliflower,2025-05-04,555.7,33.52,True,1.0
1,Delhi North,4,Cauliflower,2025-05-05,514.3,33.66,True,1.0
1,Delhi North,4,Cauliflower,2025-05-06,603.6,33.29,True,1.0
1,Delhi North,4,Cauliflower,2025-05-07,576.0,34.23,True,1.0
1,Delhi North,4,Cauliflower,2025-05-08,672.2,34.65,True,1.0
1,Delhi North,4,Cauliflower,2025-05-09,802.3,34.2,True,1.0
1,Delhi North,4,Cauliflower,2025-05-10,813.4,34.21,True,1.0
1,Delhi North,4,Cauliflower,2025-05-11,562.9,32.78,True,1.0
1,Delhi North,4,Cauliflower,2025-05-12,648.7,33.56,True,1.0
1,Delhi North,4,Cauliflower,2025-05-13,572.6,32.5,True,1.0
1,Delhi North,4,Cauliflower,2025-05-14,630.3,32.82,True,1.0
1,Delhi North,4,Cauliflower,2025-05-15,573.3,32.88,True,1.0
1,Delhi North,4,Cauliflower,2025-05-16,724.0,33.82,True,1.0
1,Delhi North,4,Cauliflower,2025-05-17,580.1,33.62,True,1.0
1,Delhi North,4,Cauliflower,2025-05-18,458.0,33.87,True,1.0
1,Delhi North,4,Cauliflower,2025-05-19,592.4,35.59,True,1.0
1,Delhi North,4,Cauliflower,2025-05-20,662.7,33.77,True,1.0
1,Delhi North,4,Cauliflower,2025-05-21,664.6,34.15,True,1.0
1,Delhi North,4,Cauliflower,2025-05-22,574.8,35.18,True,1.0
1,Delhi North,4,Cauliflower,2025-05-23,529.2,34.43,True,1.0
1,Delhi North,4,Cauliflower,2025-05-24,681.7,34.55,True,1.0
1,Delhi North,4,Cauliflower,2025-05-25,430.9,33.3,True,1.0
1,Delhi North,4,Cauliflower,2025-05-26,520.9,32.23,True,1.0
1,Delhi North,4,Cauliflower,2025-05-27,602.5,33.68,True,1.0
1,Delhi North,4,Cauliflower,2025-05-28,595.2,33.7,True,1.0
1,Delhi North,4,Cauliflower,2025-05-29,741.2,32.79,True,1.0
1,Delhi North,4,Cauliflower,2025-05-30,630.7,32.95,True,1.0
1,Delhi North,4,Cauliflower,2025-05-31,804.2,34.09,True,1.0
1,Delhi North,4,Cauliflower,2025-06-01,459.8,34.87,True,1.0
1,Delhi North,4,Cauliflower,2025-06-02,534.8,35.93,True,1.0
1,Delhi North,4,Cauliflower,2025-06-03,450.7,35.1,True,1.0
1,Delhi North,4,Cauliflower,2025-06-04,668.2,34.41,True,1.0
1,Delhi North,4,Cauliflower,2025-06-05,411.0,34.87,True,1.0
1,Delhi North,4,Cauliflower,2025-06-06,552.4,35.88,True,1.0
1,Delhi North,4,Cauliflower,2025-06-07,536.7,35.19,True,1.0
1,Delhi North,4,Cauliflower,2025-06-08,515.4,36.06,True,1.0
1,Delhi North,4,Cauliflower,2025-06-09,505.1,35.34,True,1.0
1,Delhi North,4,Cauliflower,2025-06-10,447.2,37.29,True,1.0
1,Delhi North,4,Cauliflower,2025-06-11,492.2,34.78,True,1.0
1,Delhi North,4,Cauliflower,2025-06-12,558.4,36.34,True,1.0
1,Delhi North,4,Cauliflower,2025-06-13,538.5,34.35,True,1.0
1,Delhi North,4,Cauliflower,2025-06-14,623.2,35.7,True,1.0
1,Delhi North,4,Cauliflower,2025-06-15,425.4,35.49,True,1.0
1,Delhi North,4,Cauliflower,2025-06-16,433.6,34.79,True,1.0
1,Delhi North,4,Cauliflower,2025-06-17,505.6,33.86,True,1.0
1,Delhi North,4,Cauliflower,2025-06-18,451.9,33.2,True,1.0
1,Delhi North,4,Cauliflower,2025-06-19,481.7,34.27,True,1.0
1,Delhi North,4,Cauliflower,2025-06-20,499.3,34.82,True,1.0
1,Delhi North,4,Cauliflower,2025-06-21,467.4,34.54,True,1.0
1,Delhi North,4,Cauliflower,2025-06-22,455.9,34.5,True,1.0
1,Delhi North,4,Cauliflower,2025-06-23,481.2,33.64,True,1.0
1,Delhi North,4,Cauliflower,2025-06-24,414.9,33.74,True,1.0
1,Delhi North,4,Cauliflower,2025-06-25,457.6,34.8,True,1.0
1,Delhi North,4,Cauliflower,2025-06-26,472.5,33.77,True,1.0
1,Delhi North,4,Cauliflower,2025-06-27,449.1,34.43,True,1.0
1,Delhi North,4,Cauliflower,2025-06-28,589.0,33.92,True,1.0
1,Delhi North,4,Cauliflower,2025-06-29,406.7,32.55,True,1.0
1,Delhi North,4,Cauliflower,2025-06-30,343.2,34.03,True,1.0
1,Delhi North,4,Cauliflower,2025-07-01,390.8,32.73,True,1.0
1,Delhi North,4,Cauliflower,2025-07-02,395.8,32.67,True,1.0
1,Delhi North,4,Cauliflower,2025-07-03,487.7,34.08,True,1.0
1,Delhi North,4,Cauliflower,2025-07-04,587.6,33.27,True,1.0
1,Delhi North,4,Cauliflower,2025-07-05,473.3,34.35,True,1.0
1,Delhi North,4,Cauliflower,2025-07-06,360.3,33.74,True,1.0
1,Delhi North,4,Cauliflower,2025-07-07,450.6,33.64,True,1.0
1,Delhi North,4,Cauliflower,2025-07-08,429.1,35.5,True,1.0
1,Delhi North,4,Cauliflower,2025-07-09,494.9,36.06,True,1.0
1,Delhi North,4,Cauliflower,2025-07-10,401.4,35.36,True,1.0
1,Delhi North,4,Cauliflower,2025-07-11,482.5,34.13,True,1.0
1,Delhi North,4,Cauliflower,2025-07-12,426.8,33.92,True,1.0
1,Delhi North,4,Cauliflower,2025-07-13,319.6,35.36,True,1.0
1,Delhi North,4,Cauliflower,2025-07-14,431.8,36.92,True,1.0
1,Delhi North,4,Cauliflower,2025-07-15,444.4,35.11,True,1.0
1,Delhi North,4,Cauliflower,2025-07-16,511.0,35.93,True,1.0
1,Delhi North,4,Cauliflower,2025-07-17,504.0,33.48,True,1.0
1,Delhi North,4,Cauliflower,2025-07-18,558.7,33.86,True,1.0
1,Delhi North,4,Cauliflower,2025-07-19,480.3,33.9,True,1.0
1,Delhi North,4,Cauliflower,2025-07-20,343.8,34.56,True,1.0
1,Delhi North,4,Cauliflower,2025-07-21,678.1,33.17,True,1.0
1,Delhi North,4,Cauliflower,2025-07-22,367.3,33.12,True,1.0
1,Delhi North,4,Cauliflower,2025-07-23,440.3,31.21,True,1.0
1,Delhi North,4,Cauliflower,2025-07-24,460.3,30.99,True,1.0
1,Delhi North,4,Cauliflower,2025-07-25,375.0,31.36,True,1.0
1,Delhi North,4,Cauliflower,2025-07-26,463.6,31.78,True,1.0
1,Delhi North,4,Cauliflower,2025-07-27,312.0,34.52,True,1.0
1,Delhi North,4,Cauliflower,2025-07-28,394.9,33.25,True,1.0
1,Delhi North,4,Cauliflower,2025-07-29,486.0,32.86,True,1.0
1,Delhi North,4,Cauliflower,2025-07-30,400.3,31.48,True,1.0
1,Delhi North,4,Cauliflower,2025-07-31,413.1,29.89,True,1.0
1,Delhi North,4,Cauliflower,2025-08-01,488.4,31.18,True,1.0
1,Delhi North,4,Cauliflower,2025-08-02,500.8,32.1,True,1.0
1,Delhi North,4,Cauliflower,2025-08-03,340.6,30.66,True,1.0
1,Delhi North,4,Cauliflower,2025-08-04,480.2,29.39,True,1.0
1,Delhi North,4,Cauliflower,2025-08-05,445.1,29.38,True,1.0
1,Delhi North,4,Cauliflower,2025-08-06,442.3,31.34,True,1.0
1,Delhi North,4,Cauliflower,2025-08-07,394.2,29.93,True,1.0
1,Delhi North,4,Cauliflower,2025-08-08,324.7,30.8,True,1.0
1,Delhi North,4,Cauliflower,2025-08-09,429.5,30.91,True,1.0
1,Delhi North,4,Cauliflower,2025-08-10,315.8,30.57,True,1.0
1,Delhi North,4,Cauliflower,2025-08-11,364.4,30.04,True,1.0
1,Delhi North,4,Cauliflower,2025-08-12,399.1,30.37,True,1.0
1,Delhi North,4,Cauliflower,2025-08-13,385.8,30.09,True,1.0
1,Delhi North,4,Cauliflower,2025-08-14,421.9,29.78,True,1.0
1,Delhi North,4,Cauliflower,2025-08-15,419.8,29.7,True,1.0
1,Delhi North,4,Cauliflower,2025-08-16,433.0,30.75,True,1.0
1,Delhi North,4,Cauliflower,2025-08-17,307.7,30.67,True,1.0
1,Delhi North,4,Cauliflower,2025-08-18,333.8,30.45,True,1.0
1,Delhi North,4,Cauliflower,2025-08-19,322.5,31.42,True,1.0
1,Delhi North,4,Cauliflower,2025-08-20,354.2,30.61,True,1.0
1,Delhi North,4,Cauliflower,2025-08-21,494.6,31.51,True,1.0
1,Delhi North,4,Cauliflower,2025-08-22,360.7,30.24,True,1.0
1,Delhi North,4,Cauliflower,2025-08-23,522.2,30.38,True,1.0
1,Delhi North,4,Cauliflower,2025-08-24,263.1,29.7,True,1.0
1,Delhi North,4,Cauliflower,2025-08-25,314.1,29.42,True,1.0
1,Delhi North,4,Cauliflower,2025-08-26,511.5,28.71,True,1.0
1,Delhi North,4,Cauliflower,2025-08-27,406.1,28.47,True,1.0
1,Delhi North,4,Cauliflower,2025-08-28,414.5,27.94,True,1.0
1,Delhi North,4,Cauliflower,2025-08-29,369.0,28.43,True,1.0
1,Delhi North,4,Cauliflower,2025-08-30,368.3,27.75,True,1.0
1,Delhi North,4,Cauliflower,2025-08-31,269.3,28.33,True,1.0
1,Delhi North,4,Cauliflower,2025-09-01,274.6,30.23,True,1.0
1,Delhi North,4,Cauliflower,2025-09-02,414.5,28.26,True,1.0
1,Delhi North,4,Cauliflower,2025-09-03,462.2,26.3,True,1.0
1,Delhi North,4,Cauliflower,2025-09-04,394.4,25.99,True,1.0
1,Delhi North,4,Cauliflower,2025-09-05,486.7,27.05,True,1.0
1,Delhi North,4,Cauliflower,2025-09-06,418.7,26.65,True,1.0
1,Delhi North,4,Cauliflower,2025-09-07,367.4,27.32,True,1.0
1,Delhi North,4,Cauliflower,2025-09-08,431.1,28.07,True,1.0
1,Delhi North,4,Cauliflower,2025-09-09,388.6,27.6,True,1.0
1,Delhi North,4,Cauliflower,2025-09-10,428.8,28.14,True,1.0
1,Delhi North,4,Cauliflower,2025-09-11,406.5,26.03,True,1.0
1,Delhi North,4,Cauliflower,2025-09-12,400.5,26.9,True,1.0
1,Delhi North,4,Cauliflower,2025-09-13,392.6,27.47,True,1.0
1,Delhi North,4,Cauliflower,2025-09-14,336.3,27.13,True,1.0
1,Delhi North,4,Cauliflower,2025-09-15,352.9,27.72,True,1.0
1,Delhi North,4,Cauliflower,2025-09-16,491.9,28.45,True,1.0
1,Delhi North,4,Cauliflower,2025-09-17,404.1,29.35,True,1.0
1,Delhi North,4,Cauliflower,2025-09-18,321.5,29.96,True,1.0
1,Delhi North,4,Cauliflower,2025-09-19,351.8,28.77,True,1.0
1,Delhi North,4,Cauliflower,2025-09-20,345.1,27.77,True,1.0
1,Delhi North,4,Cauliflower,2025-09-21,331.3,27.1,True,1.0
1,Delhi North,4,Cauliflower,2025-09-22,369.8,24.71,True,1.0
1,Delhi North,4,Cauliflower,2025-09-23,357.5,25.47,True,1.0
1,Delhi North,4,Cauliflower,2025-09-24,499.9,27.24,True,1.0
1,Delhi North,4,Cauliflower,2025-09-25,426.9,27.09,True,1.0
1,Delhi North,4,Cauliflower,2025-09-26,413.7,25.47,True,1.0
1,Delhi North,4,Cauliflower,2025-09-27,466.1,24.66,True,1.0
1,Delhi North,4,Cauliflower,2025-09-28,365.2,24.12,True,1.0
1,Delhi North,4,Cauliflower,2025-09-29,429.8,25.54,True,1.0
1,Delhi North,4,Cauliflower,2025-09-30,356.1,25.69,True,1.0
1,Delhi North,4,Cauliflower,2025-10-01,398.8,25.86,True,1.0
1,Delhi North,4,Cauliflower,2025-10-02,377.2,25.74,True,1.0
1,Delhi North,4,Cauliflower,2025-10-03,554.9,24.57,True,1.0
1,Delhi North,4,Cauliflower,2025-10-04,474.7,23.87,True,1.0
1,Delhi North,4,Cauliflower,2025-10-05,365.0,24.48,True,1.0
1,Delhi North,4,Cauliflower,2025-10-06,453.1,24.46,True,1.0
1,Delhi North,4,Cauliflower,2025-10-07,353.0,23.1,True,1.0
1,Delhi North,4,Cauliflower,2025-10-08,336.0,23.9,True,1.0
1,Delhi North,4,Cauliflower,2025-10-09,508.2,24.89,True,1.0
1,Delhi North,4,Cauliflower,2025-10-10,412.2,24.57,True,1.0
1,Delhi North,4,Cauliflower,2025-10-11,540.6,24.1,True,1.0
1,Delhi North,4,Cauliflower,2025-10-12,324.9,24.92,True,1.0
1,Delhi North,4,Cauliflower,2025-10-13,396.0,24.36,True,1.0
1,Delhi North,4,Cauliflower,2025-10-14,368.1,23.67,True,1.0
1,Delhi North,4,Cauliflower,2025-10-15,369.2,22.57,True,1.0
1,Delhi North,4,Cauliflower,2025-10-16,417.7,22.46,True,1.0
1,Delhi North,4,Cauliflower,2025-10-17,466.8,23.93,True,1.0
1,Delhi North,4,Cauliflower,2025-10-18,485.4,24.48,True,1.0
1,Delhi North,4,Cauliflower,2025-10-19,403.9,24.12,True,1.0
1,Delhi North,4,Cauliflower,2025-10-20,404.2,23.76,True,1.0
1,Delhi North,4,Cauliflower,2025-10-21,433.2,24.17,True,1.0
1,Delhi North,4,Cauliflower,2025-10-22,488.4,23.82,True,1.0
1,Delhi North,4,Cauliflower,2025-10-23,458.0,22.65,True,1.0
1,Delhi North,4,Cauliflower,2025-10-24,495.1,22.74,True,1.0
1,Delhi North,4,Cauliflower,2025-10-25,585.0,22.81,True,1.0
1,Delhi North,4,Cauliflower,2025-10-26,436.5,22.72,True,1.0
1,Delhi North,4,Cauliflower,2025-10-27,425.1,22.8,True,1.0
1,Delhi North,4,Cauliflower,2025-10-28,495.9,22.23,True,1.0
1,Delhi North,4,Cauliflower,2025-10-29,500.0,22.35,True,1.0
1,Delhi North,4,Cauliflower,2025-10-30,510.5,21.31,True,1.0
1,Delhi North,4,Cauliflower,2025-10-31,570.5,21.01,True,1.0
1,Delhi North,4,Cauliflower,2025-11-01,685.3,21.18,True,1.0
1,Delhi North,4,Cauliflower,2025-11-02,460.0,21.81,True,1.0
1,Delhi North,4,Cauliflower,2025-11-03,427.2,21.68,True,1.0
1,Delhi North,4,Cauliflower,2025-11-04,483.1,22.03,True,1.0
1,Delhi North,4,Cauliflower,2025-11-05,617.1,22.64,True,1.0
1,Delhi North,4,Cauliflower,2025-11-06,619.5,23.99,True,1.0
1,Delhi North,4,Cauliflower,2025-11-07,505.5,23.11,True,1.0
1,Delhi North,4,Cauliflower,2025-11-08,629.7,22.27,True,1.0
1,Delhi North,4,Cauliflower,2025-11-09,452.8,22.12,True,1.0
1,Delhi North,4,Cauliflower,2025-11-10,428.0,22.1,True,1.0
1,Delhi North,4,Cauliflower,2025-11-11,512.5,22.29,True,1.0
1,Delhi North,4,Cauliflower,2025-11-12,535.6,22.58,True,1.0
1,Delhi North,4,Cauliflower,2025-11-13,455.3,22.08,True,1.0
1,Delhi North,4,Cauliflower,2025-11-14,671.9,22.35,True,1.0
1,Delhi North,4,Cauliflower,2025-11-15,587.7,22.13,True,1.0
1,Delhi North,4,Cauliflower,2025-11-16,400.0,22.69,True,1.0
1,Delhi North,4,Cauliflower,2025-11-17,484.0,22.11,True,1.0
1,Delhi North,4,Cauliflower,2025-11-18,484.6,21.96,True,1.0
1,Delhi North,4,Cauliflower,2025-11-19,488.7,21.93,True,1.0
1,Delhi North,4,Cauliflower,2025-11-20,634.3,22.45,True,1.0
1,Delhi North,4,Cauliflower,2025-11-21,690.6,22.09,True,1.0
1,Delhi North,4,Cauliflower,2025-11-22,589.6,21.19,True,1.0
1,Delhi North,4,Cauliflower,2025-11-23,528.3,20.2,True,1.0
1,Delhi North,4,Cauliflower,2025-11-24,499.3,21.11,True,1.0
1,Delhi North,4,Cauliflower,2025-11-25,564.9,21.52,True,1.0
1,Delhi North,4,Cauliflower,2025-11-26,552.4,22.46,True,1.0
1,Delhi North,4,Cauliflower,2025-11-27,550.0,22.12,True,1.0
1,Delhi North,4,Cauliflower,2025-11-28,728.9,21.88,True,1.0
1,Delhi North,4,Cauliflower,2025-11-29,770.7,21.77,True,1.0
1,Delhi North,4,Cauliflower,2025-11-30,505.1,21.25,True,1.0
1,Delhi North,4,Cauliflower,2025-12-01,613.8,20.79,True,1.0
1,Delhi North,4,Cauliflower,2025-12-02,732.5,21.16,True,1.0
1,Delhi North,4,Cauliflower,2025-12-03,737.0,21.87,True,1.0
1,Delhi North,4,Cauliflower,2025-12-04,564.8,22.03,True,1.0
1,Delhi North,4,Cauliflower,2025-12-05,658.1,21.46,True,1.0
1,Delhi North,4,Cauliflower,2025-12-06,701.5,21.63,True,1.0
1,Delhi North,4,Cauliflower,2025-12-07,511.9,21.59,True,1.0
1,Delhi North,4,Cauliflower,2025-12-08,526.8,21.12,True,1.0
1,Delhi North,4,Cauliflower,2025-12-09,711.7,20.41,True,1.0
1,Delhi North,4,Cauliflower,2025-12-10,655.5,20.16,True,1.0
1,Delhi North,4,Cauliflower,2025-12-11,625.3,21.18,True,1.0
1,Delhi North,4,Cauliflower,2025-12-12,735.1,21.35,True,1.0
1,Delhi North,4,Cauliflower,2025-12-13,793.7,20.95,True,1.0
1,Delhi North,4,Cauliflower,2025-12-14,559.3,21.09,True,1.0
1,Delhi North,4,Cauliflower,2025-12-15,696.9,21.52,True,1.0
1,Delhi North,4,Cauliflower,2025-12-16,552.1,21.13,True,1.0
1,Delhi North,4,Cauliflower,2025-12-17,695.0,20.74,True,1.0
1,Delhi North,4,Cauliflower,2025-12-18,740.0,19.89,True,1.0
1,Delhi North,4,Cauliflower,2025-12-19,736.4,20.98,True,1.0
1,Delhi North,4,Cauliflower,2025-12-20,825.0,21.48,True,1.0
1,Delhi North,4,Cauliflower,2025-12-21,582.8,21.89,True,1.0
1,Delhi North,4,Cauliflower,2025-12-22,594.0,22.13,True,1.0
1,Delhi North,4,Cauliflower,2025-12-23,678.3,20.72,True,1.0
1,Delhi North,4,Cauliflower,2025-12-24,664.2,21.05,True,1.0
1,Delhi North,4,Cauliflower,2025-12-25,625.9,21.5,True,1.0
1,Delhi North,4,Cauliflower,2025-12-26,761.5,21.6,True,1.0
1,Delhi North,4,Cauliflower,2025-12-27,1039.7,20.24,True,1.0
1,Delhi North,4,Cauliflower,2025-12-28,623.8,20.62,True,1.0
1,Delhi North,4,Cauliflower,2025-12-29,685.5,20.82,True,1.0
1,Delhi North,4,Cauliflower,2025-12-30,860.3,21.78,True,1.0
1,Delhi North,4,Cauliflower,2025-12-31,815.1,21.76,True,1.0
1,Delhi North,4,Cauliflower,2026-01-01,768.4,21.53,True,1.0
1,Delhi North,4,Cauliflower,2026-01-02,914.7,21.37,True,1.0
1,Delhi North,4,Cauliflower,2026-01-03,811.3,22.05,True,1.0
1,Delhi North,4,Cauliflower,2026-01-04,564.0,22.52,True,1.0
1,Delhi North,4,Cauliflower,2026-01-05,623.2,22.31,True,1.0
1,Delhi North,4,Cauliflower,2026-01-06,769.3,22.06,True,1.0
1,Delhi North,4,Cauliflower,2026-01-07,766.6,20.75,True,1.0
1,Delhi North,4,Cauliflower,2026-01-08,812.8,20.05,True,1.0
1,Delhi North,4,Cauliflower,2026-01-09,1030.2,20.28,True,1.0
1,Delhi North,4,Cauliflower,2026-01-10,783.5,20.87,True,1.0
1,Delhi North,4,Cauliflower,2026-01-11,666.4,20.92,True,1.0
1,Delhi North,4,Cauliflower,2026-01-12,726.2,20.55,True,1.0
1,Delhi North,4,Cauliflower,2026-01-13,817.2,21.19,True,1.0
1,Delhi North,4,Cauliflower,2026-01-14,899.2,21.68,True,1.0
1,Delhi North,4,Cauliflower,2026-01-15,829.3,22.91,True,1.0
1,Delhi North,4,Cauliflower,2026-01-16,623.1,22.73,True,1.0
1,Delhi North,4,Cauliflower,2026-01-17,746.9,22.7,True,1.0
1,Delhi North,4,Cauliflower,2026-01-18,586.0,22.4,True,1.0
1,Delhi North,4,Cauliflower,2026-01-19,819.5,24.43,True,1.0
1,Delhi North,4,Cauliflower,2026-01-20,918.0,24.57,True,1.0
1,Delhi North,4,Cauliflower,2026-01-21,666.9,23.68,True,1.0
1,Delhi North,4,Cauliflower,2026-01-22,853.8,22.36,True,1.0
1,Delhi North,4,Cauliflower,2026-01-23,829.4,21.93,True,1.0
1,Delhi North,4,Cauliflower,2026-01-24,925.0,21.89,True,1.0
1,Delhi North,4,Cauliflower,2026-01-25,664.1,21.61,True,1.0
1,Delhi North,4,Cauliflower,2026-01-26,909.8,22.22,True,1.0
1,Delhi North,4,Cauliflower,2026-01-27,735.5,22.11,True,1.0
1,Delhi North,4,Cauliflower,2026-01-28,683.4,21.69,True,1.0
1,Delhi North,4,Cauliflower,2026-01-29,827.9,22.84,True,1.0
1,Delhi North,4,Cauliflower,2026-01-30,885.5,22.29,True,1.0
1,Delhi North,4,Cauliflower,2026-01-31,893.4,21.31,True,1.0
1,Delhi North,4,Cauliflower,2026-02-01,608.4,22.84,True,1.0
1,Delhi North,4,Cauliflower,2026-02-03,712.2,24.68,True,1.0
1,Delhi North,4,Cauliflower,2026-02-04,737.3,25.23,True,1.0
1,Delhi North,4,Cauliflower,2026-02-05,856.2,25.65,True,1.0
1,Delhi North,4,Cauliflower,2026-02-06,788.3,27.25,True,1.0
1,Delhi North,4,Cauliflower,2026-02-07,1053.3,25.88,True,1.0
1,Delhi North,4,Cauliflower,2026-02-08,659.0,25.37,True,1.0
1,Delhi North,4,Cauliflower,2026-02-09,741.5,25.07,True,1.0
1,Delhi North,4,Cauliflower,2026-02-10,644.5,25.25,True,1.0
1,Delhi North,4,Cauliflower,2026-02-11,712.4,25.21,True,1.0
1,Delhi North,4,Cauliflower,2026-02-13,828.8,25.58,True,1.0
1,Delhi North,4,Cauliflower,2026-02-14,1105.6,27.19,True,1.0
1,Delhi North,4,Cauliflower,2026-02-15,726.0,27.07,True,1.0
1,Delhi North,4,Cauliflower,2026-02-16,722.8,27.45,True,1.0
1,Delhi North,4,Cauliflower,2026-02-17,1107.9,27.62,True,1.0
1,Delhi North,4,Cauliflower,2026-02-18,918.6,27.54,True,1.0
1,Delhi North,4,Cauliflower,2026-02-19,820.2,27.03,True,1.0
1,Delhi North,4,Cauliflower,2026-02-20,940.8,27.55,True,1.0
1,Delhi North,4,Cauliflower,2026-02-21,1103.0,25.98,True,1.0
1,Delhi North,4,Cauliflower,2026-02-22,632.8,27.43,True,1.0
1,Delhi North,4,Cauliflower,2026-02-23,881.2,27.83,True,1.0
1,Delhi North,4,Cauliflower,2026-02-24,632.2,27.7,True,1.0
1,Delhi North,4,Cauliflower,2026-02-25,850.4,27.55,True,1.0
1,Delhi North,4,Cauliflower,2026-02-26,763.1,27.67,True,1.0
1,Delhi North,4,Cauliflower,2026-02-27,901.3,28.26,True,1.0
1,Delhi North,4,Cauliflower,2026-02-28,843.0,28.43,True,1.0
1,Delhi North,4,Cauliflower,2026-03-01,702.3,29.34,True,1.0
1,Delhi North,4,Cauliflower,2026-03-02,728.0,30.33,True,1.0
1,Delhi North,4,Cauliflower,2026-03-03,746.0,30.54,True,1.0
1,Delhi North,4,Cauliflower,2026-03-04,810.6,28.53,True,1.0
1,Delhi North,4,Cauliflower,2026-03-05,742.1,28.01,True,1.0
1,Delhi North,4,Cauliflower,2026-03-06,778.1,28.89,True,1.0
1,Delhi North,4,Cauliflower,2026-03-07,1084.8,30.56,True,1.0
1,Delhi North,4,Cauliflower,2026-03-08,672.1,29.44,True,1.0
1,Delhi North,4,Cauliflower,2026-03-09,915.6,29.71,True,1.0
1,Delhi North,4,Cauliflower,2026-03-10,908.4,30.48,True,1.0
1,Delhi North,4,Cauliflower,2026-03-11,568.3,30.08,True,1.0
1,Delhi North,4,Cauliflower,2026-03-12,836.0,28.74,True,1.0
1,Delhi North,4,Cauliflower,2026-03-13,860.3,30.51,True,1.0
1,Delhi North,4,Cauliflower,2026-03-14,1005.8,29.39,True,1.0
1,Delhi North,4,Cauliflower,2026-03-15,799.4,28.77,True,1.0
1,Delhi North,4,Cauliflower,2026-03-16,624.0,29.2,True,1.0
1,Delhi North,4,Cauliflower,2026-03-17,791.8,29.36,True,1.0
1,Delhi North,4,Cauliflower,2026-03-18,724.2,28.7,True,1.0
1,Delhi North,4,Cauliflower,2026-03-19,879.3,30.46,True,1.0
1,Delhi North,4,Cauliflower,2026-03-20,891.2,30.75,True,1.0
1,Delhi North,4,Cauliflower,2026-03-21,848.7,31.34,True,1.0
1,Delhi North,4,Cauliflower,2026-03-22,544.1,30.94,True,1.0
1,Delhi North,4,Cauliflower,2026-03-23,759.6,30.73,True,1.0
1,Delhi North,4,Cauliflower,2026-03-24,796.9,31.81,True,1.0
1,Delhi North,4,Cauliflower,2026-03-25,725.8,30.94,True,1.0
1,Delhi North,4,Cauliflower,2026-03-26,782.3,30.53,True,1.0
1,Delhi North,4,Cauliflower,2026-03-27,895.3,30.99,True,1.0
1,Delhi North,4,Cauliflower,2026-03-28,769.0,31.75,True,1.0
1,Delhi North,4,Cauliflower,2026-03-29,503.3,32.33,True,1.0
1,Delhi North,4,Cauliflower,2026-03-30,849.9,31.09,True,1.0
1,Delhi North,4,Cauliflower,2026-03-31,637.4,30.15,True,1.0
1,Delhi North,4,Cauliflower,2026-04-01,574.7,29.75,True,1.0
1,Delhi North,4,Cauliflower,2026-04-02,750.8,30.99,True,1.0
1,Delhi North,4,Cauliflower,2026-04-03,674.0,31.92,True,1.0
1,Delhi North,4,Cauliflower,2026-04-04,839.3,32.1,True,1.0
1,Delhi North,4,Cauliflower,2026-04-05,591.8,32.24,True,1.0
1,Delhi North,4,Cauliflower,2026-04-06,824.0,30.61,True,1.0
1,Delhi North,4,Cauliflower,2026-04-07,867.2,31.26,True,1.0
1,Delhi North,4,Cauliflower,2026-04-08,733.1,30.08,True,1.0
1,Delhi North,4,Cauliflower,2026-04-09,793.5,31.39,True,1.0
1,Delhi North,4,Cauliflower,2026-04-10,849.5,31.33,True,1.0
1,Delhi North,4,Cauliflower,2026-04-11,779.0,31.82,True,1.0
1,Delhi North,4,Cauliflower,2026-04-12,514.9,31.77,True,1.0
1,Delhi North,4,Cauliflower,2026-04-13,635.9,31.89,True,1.0
1,Delhi North,4,Cauliflower,2026-04-14,768.4,31.07,True,1.0
1,Delhi North,4,Cauliflower,2026-04-15,904.8,31.37,True,1.0
1,Delhi North,4,Cauliflower,2026-04-16,723.5,31.7,True,1.0
1,Delhi North,4,Cauliflower,2026-04-17,972.5,32.21,True,1.0
1,Delhi North,4,Cauliflower,2026-04-18,838.0,32.91,True,1.0
1,Delhi North,4,Cauliflower,2026-04-19,623.9,33.37,True,1.0
1,Delhi North,4,Cauliflower,2026-04-20,571.7,33.52,True,1.0
1,Delhi North,4,Cauliflower,2026-04-21,732.7,32.78,True,1.0
1,Delhi North,4,Cauliflower,2026-04-22,648.7,31.7,True,1.0
1,Delhi North,4,Cauliflower,2026-04-23,705.8,31.25,True,1.0
1,Delhi North,4,Cauliflower,2026-04-24,665.0,31.12,True,1.0
1,Delhi North,4,Cauliflower,2026-04-25,679.4,32.57,True,1.0
1,Delhi North,4,Cauliflower,2026-04-26,609.3,33.86,True,1.0
1,Delhi North,4,Cauliflower,2026-04-27,687.7,33.0,True,1.0
1,Delhi North,4,Cauliflower,2026-04-28,684.6,32.1,True,1.0
1,Delhi North,4,Cauliflower,2026-04-29,694.6,31.09,True,1.0
1,Delhi North,4,Cauliflower,2026-04-30,608.0,31.3,True,1.0
1,Delhi North,4,Cauliflower,2026-05-01,729.4,32.42,True,1.0
1,Delhi North,4,Cauliflower,2026-05-02,732.3,31.84,True,1.0
1,Delhi North,4,Cauliflower,2026-05-03,604.9,33.57,True,1.0
1,Delhi North,4,Cauliflower,2026-05-04,646.3,34.05,True,1.0
1,Delhi North,4,Cauliflower,2026-05-05,600.1,35.1,True,1.0
1,Delhi North,4,Cauliflower,2026-05-06,658.6,34.02,True,1.0
1,Delhi North,4,Cauliflower,2026-05-07,629.6,34.76,True,1.0
1,Delhi North,4,Cauliflower,2026-05-08,769.4,33.51,True,1.0
1,Delhi North,4,Cauliflower,2026-05-09,685.1,34.41,True,1.0
1,Delhi North,4,Cauliflower,2026-05-10,576.0,35.82,True,1.0
1,Delhi North,4,Cauliflower,2026-05-11,726.4,36.84,True,1.0
1,Delhi North,4,Cauliflower,2026-05-12,576.9,35.55,True,1.0
1,Delhi North,4,Cauliflower,2026-05-13,546.5,34.33,True,1.0
1,Delhi North,4,Cauliflower,2026-05-14,653.8,34.21,True,1.0
1,Delhi North,4,Cauliflower,2026-05-15,693.7,35.88,True,1.0
1,Delhi North,4,Cauliflower,2026-05-16,735.3,34.12,True,1.0
1,Delhi North,4,Cauliflower,2026-05-17,506.1,32.81,True,1.0
1,Delhi North,4,Cauliflower,2026-05-18,497.8,31.45,True,1.0
1,Delhi North,4,Cauliflower,2026-05-19,584.4,32.46,True,1.0
1,Delhi North,4,Cauliflower,2026-05-20,580.8,31.54,True,1.0
1,Delhi North,4,Cauliflower,2026-05-21,617.8,33.58,True,1.0
1,Delhi North,4,Cauliflower,2026-05-22,750.8,35.55,True,1.0
1,Delhi North,4,Cauliflower,2026-05-23,620.5,35.17,True,1.0
1,Delhi North,4,Cauliflower,2026-05-24,496.4,37.53,True,1.0
1,Delhi North,4,Cauliflower,2026-05-25,684.4,36.93,True,1.0
1,Delhi North,4,Cauliflower,2026-05-26,566.1,35.76,True,1.0
1,Delhi North,4,Cauliflower,2026-05-27,647.2,34.95,True,1.0
1,Delhi North,4,Cauliflower,2026-05-28,576.1,36.38,True,1.0
1,Delhi North,4,Cauliflower,2026-05-29,601.9,36.73,True,1.0
1,Delhi North,4,Cauliflower,2026-05-30,650.0,34.12,True,1.0
1,Delhi North,4,Cauliflower,2026-05-31,503.6,32.55,True,1.0
1,Delhi North,4,Cauliflower,2026-06-01,688.6,31.86,True,1.0
1,Delhi North,4,Cauliflower,2026-06-02,582.7,32.18,True,1.0
1,Delhi North,4,Cauliflower,2026-06-03,555.1,31.77,True,1.0
1,Delhi North,4,Cauliflower,2026-06-04,595.1,31.96,True,1.0
1,Delhi North,4,Cauliflower,2026-06-05,456.7,32.04,True,1.0
1,Delhi North,4,Cauliflower,2026-06-06,594.9,31.83,True,1.0
1,Delhi North,4,Cauliflower,2026-06-07,468.6,34.75,True,1.0
1,Delhi North,4,Cauliflower,2026-06-08,530.2,36.21,True,1.0
1,Delhi North,4,Cauliflower,2026-06-09,530.6,37.66,True,1.0
1,Delhi North,4,Cauliflower,2026-06-10,534.7,38.59,True,1.0
1,Delhi North,4,Cauliflower,2026-06-11,507.7,37.33,True,1.0
1,Delhi North,4,Cauliflower,2026-06-12,659.6,36.66,True,1.0
1,Delhi North,4,Cauliflower,2026-06-13,712.8,35.14,True,1.0
1,Delhi North,4,Cauliflower,2026-06-14,393.1,35.17,True,1.0
1,Delhi North,4,Cauliflower,2026-06-15,506.2,34.04,True,1.0
1,Delhi North,4,Cauliflower,2026-06-16,495.2,32.71,True,1.0
1,Delhi North,4,Cauliflower,2026-06-17,532.6,32.56,True,1.0
1,Delhi North,4,Cauliflower,2026-06-18,642.3,34.0,True,1.0
1,Delhi North,4,Cauliflower,2026-06-19,554.6,34.28,True,1.0
1,Delhi North,4,Cauliflower,2026-06-20,524.4,34.96,True,1.0
1,Delhi North,4,Cauliflower,2026-06-21,416.7,34.85,True,1.0
1,Delhi North,4,Cauliflower,2026-06-22,490.0,33.84,True,1.0
1,Delhi North,4,Cauliflower,2026-06-23,526.3,34.53,True,1.0
1,Delhi North,4,Cauliflower,2026-06-24,475.9,34.59,True,1.0
1,Delhi North,4,Cauliflower,2026-06-25,431.5,35.85,True,1.0
1,Delhi North,4,Cauliflower,2026-06-26,485.7,36.78,True,1.0
1,Delhi North,4,Cauliflower,2026-06-27,569.0,35.71,True,1.0
1,Delhi North,4,Cauliflower,2026-06-28,354.9,35.38,True,1.0
1,Delhi North,4,Cauliflower,2026-06-29,483.9,34.13,True,1.0
1,Delhi North,4,Cauliflower,2026-06-30,427.0,33.3,True,1.0
1,Delhi North,4,Cauliflower,2026-07-01,494.9,32.98,True,1.0
1,Delhi North,4,Cauliflower,2026-07-02,550.1,33.76,True,1.0
1,Delhi North,4,Cauliflower,2026-07-03,531.8,33.32,True,1.0
1,Delhi North,4,Cauliflower,2026-07-04,459.4,35.0,True,1.0
1,Delhi North,4,Cauliflower,2026-07-05,444.3,35.12,True,1.0
1,Delhi North,4,Cauliflower,2026-07-06,495.4,34.45,True,1.0
1,Delhi North,4,Cauliflower,2026-07-07,455.7,35.23,True,1.0
1,Delhi North,4,Cauliflower,2026-07-08,408.5,34.03,True,1.0
1,Delhi North,4,Cauliflower,2026-07-09,435.1,33.27,True,1.0
1,Delhi North,4,Cauliflower,2026-07-10,475.2,34.65,True,1.0
1,Delhi North,4,Cauliflower,2026-07-11,487.3,33.02,True,1.0
1,Delhi North,4,Cauliflower,2026-07-12,318.0,32.98,True,1.0
1,Delhi North,4,Cauliflower,2026-07-13,410.3,32.72,True,1.0
1,Delhi North,4,Cauliflower,2026-07-14,448.3,32.18,True,1.0
1,Delhi North,4,Cauliflower,2026-07-15,455.1,33.39,True,1.0
1,Delhi North,4,Cauliflower,2026-07-16,413.0,34.12,True,1.0
1,Delhi North,4,Cauliflower,2026-07-17,512.5,34.43,True,1.0
1,Delhi North,4,Cauliflower,2026-07-18,460.6,33.98,True,1.0
1,Delhi North,4,Cauliflower,2026-07-19,313.5,34.25,True,1.0
1,Delhi North,4,Cauliflower,2026-07-20,637.3,31.9,True,1.0
1,Delhi North,4,Cauliflower,2026-07-21,496.4,31.75,True,1.0
1,Delhi North,4,Cauliflower,2026-07-22,439.2,32.02,True,1.0
1,Delhi North,4,Cauliflower,2026-07-23,498.0,31.62,True,1.0
1,Delhi North,4,Cauliflower,2026-07-24,532.4,32.01,True,1.0
1,Delhi North,4,Cauliflower,2026-07-25,477.7,34.35,True,1.0
1,Delhi North,4,Cauliflower,2026-07-27,540.0,33.66,True,1.0
1,Delhi North,4,Cauliflower,2026-07-28,386.5,33.35,True,1.0
1,Delhi North,4,Cauliflower,2026-07-29,474.1,31.8,True,1.0
1,Delhi North,4,Cauliflower,2026-07-30,394.9,30.47,True,1.0
1,Delhi North,4,Cauliflower,2026-07-31,534.2,29.44,True,1.0
1,Delhi North,4,Cauliflower,2026-08-01,435.1,30.31,True,1.0
1,Delhi North,4,Cauliflower,2026-08-02,319.4,28.93,True,1.0
1,Delhi North,4,Cauliflower,2026-08-03,413.3,30.2,True,1.0
1,Delhi North,4,Cauliflower,2026-08-04,330.0,30.35,True,1.0
1,Delhi North,4,Cauliflower,2026-08-05,357.8,30.99,True,1.0
1,Delhi North,4,Cauliflower,2026-08-06,406.5,29.87,True,1.0
1,Delhi North,4,Cauliflower,2026-08-08,400.7,31.3,True,1.0
1,Delhi North,4,Cauliflower,2026-08-09,309.5,29.5,True,1.0
1,Delhi North,4,Cauliflower,2026-08-10,353.9,30.91,True,1.0
1,Delhi North,4,Cauliflower,2026-08-11,442.0,29.7,True,1.0
1,Delhi North,4,Cauliflower,2026-08-12,353.7,28.89,True,1.0
1,Delhi North,4,Cauliflower,2026-08-13,400.4,28.33,True,1.0
1,Delhi North,4,Cauliflower,2026-08-15,389.9,29.55,True,1.0
1,Delhi North,4,Cauliflower,2026-08-16,380.5,30.16,True,1.0
1,Delhi North,4,Cauliflower,2026-08-17,388.1,32.32,True,1.0
1,Delhi North,4,Cauliflower,2026-08-18,341.5,30.94,True,1.0
1,Delhi North,4,Cauliflower,2026-08-19,412.5,30.15,True,1.0
1,Delhi North,4,Cauliflower,2026-08-20,405.6,28.82,True,1.0
1,Delhi North,4,Cauliflower,2026-08-21,423.3,28.1,True,1.0
1,Delhi North,4,Cauliflower,2026-08-22,499.1,29.38,True,1.0
1,Delhi North,4,Cauliflower,2026-08-23,286.7,28.9,True,1.0
1,Delhi North,4,Cauliflower,2026-08-24,430.7,29.33,True,1.0
1,Delhi North,4,Cauliflower,2026-08-25,333.3,29.24,True,1.0
1,Delhi North,4,Cauliflower,2026-08-26,334.9,28.26,True,1.0
1,Delhi North,4,Cauliflower,2026-08-27,403.4,27.73,True,1.0
1,Delhi North,4,Cauliflower,2026-08-28,382.7,26.53,True,1.0
1,Delhi North,4,Cauliflower,2026-08-29,464.3,26.94,True,1.0
1,Delhi North,4,Cauliflower,2026-08-30,331.0,27.42,True,1.0
1,Delhi North,4,Cauliflower,2026-08-31,362.1,27.43,True,1.0
1,Delhi North,4,Cauliflower,2026-09-01,435.1,28.43,True,1.0
1,Delhi North,4,Cauliflower,2026-09-02,414.5,27.25,True,1.0
1,Delhi North,4,Cauliflower,2026-09-03,410.8,27.48,True,1.0
1,Delhi North,4,Cauliflower,2026-09-04,426.6,26.79,True,1.0
1,Delhi North,4,Cauliflower,2026-09-05,552.1,27.34,True,1.0
1,Delhi North,4,Cauliflower,2026-09-06,343.1,26.7,True,1.0
1,Delhi North,4,Cauliflower,2026-09-07,391.5,27.55,True,1.0
1,Delhi North,4,Cauliflower,2026-09-08,310.8,27.98,True,1.0
1,Delhi North,4,Cauliflower,2026-09-09,450.2,28.0,True,1.0
1,Delhi North,4,Cauliflower,2026-09-10,459.9,27.92,True,1.0
1,Delhi North,4,Cauliflower,2026-09-11,474.3,27.85,True,1.0
1,Delhi North,4,Cauliflower,2026-09-12,496.6,27.81,True,1.0
1,Delhi North,4,Cauliflower,2026-09-13,292.7,27.89,True,1.0
1,Delhi North,4,Cauliflower,2026-09-14,369.1,27.22,True,1.0
1,Delhi North,4,Cauliflower,2026-09-15,350.8,26.15,True,1.0
1,Delhi North,4,Cauliflower,2026-09-16,486.3,26.18,True,1.0
1,Delhi North,4,Cauliflower,2026-09-17,449.0,26.59,True,1.0
1,Delhi North,4,Cauliflower,2026-09-18,456.0,26.84,True,1.0
1,Delhi North,4,Cauliflower,2026-09-19,379.6,27.94,True,1.0
1,Delhi North,4,Cauliflower,2026-09-20,315.3,26.93,True,1.0
1,Delhi North,4,Cauliflower,2026-09-21,361.5,25.54,True,1.0
1,Delhi North,4,Cauliflower,2026-09-22,428.5,25.2,True,1.0
1,Delhi North,4,Cauliflower,2026-09-23,402.7,25.2,True,1.0
1,Delhi North,4,Cauliflower,2026-09-24,481.4,25.2,True,1.0
1,Delhi North,4,Cauliflower,2026-09-25,410.0,25.2,True,1.0
1,Delhi North,4,Cauliflower,2026-09-26,449.1,25.2,True,1.0
1,Delhi North,4,Cauliflower,2026-09-27,348.1,25.2,True,1.0
1,Delhi North,4,Cauliflower,2026-09-28,418.2,25.2,True,1.0
1,Delhi North,4,Cauliflower,2026-09-29,337.9,25.2,True,1.0
1,Delhi North,4,Cauliflower,2026-09-30,423.7,25.2,True,1.0
1,Delhi North,5,Green Chilli,2024-10-01,218.6,44.22,True,1.0
1,Delhi North,5,Green Chilli,2024-10-02,273.9,43.06,True,1.0
1,Delhi North,5,Green Chilli,2024-10-03,257.4,43.08,True,1.0
1,Delhi North,5,Green Chilli,2024-10-04,244.5,43.96,True,1.0
1,Delhi North,5,Green Chilli,2024-10-05,286.9,44.16,True,1.0
1,Delhi North,5,Green Chilli,2024-10-06,191.2,46.18,True,1.0
1,Delhi North,5,Green Chilli,2024-10-07,227.6,43.88,True,1.0
1,Delhi North,5,Green Chilli,2024-10-08,265.1,42.12,True,1.0
1,Delhi North,5,Green Chilli,2024-10-09,250.7,43.71,True,1.0
1,Delhi North,5,Green Chilli,2024-10-10,230.0,44.42,True,1.0
1,Delhi North,5,Green Chilli,2024-10-11,237.6,43.82,True,1.0
1,Delhi North,5,Green Chilli,2024-10-12,266.5,45.51,True,1.0
1,Delhi North,5,Green Chilli,2024-10-13,191.1,44.5,True,1.0
1,Delhi North,5,Green Chilli,2024-10-14,204.4,45.32,True,1.0
1,Delhi North,5,Green Chilli,2024-10-15,236.1,45.04,True,1.0
1,Delhi North,5,Green Chilli,2024-10-16,283.8,44.11,True,1.0
1,Delhi North,5,Green Chilli,2024-10-17,265.6,43.95,True,1.0
1,Delhi North,5,Green Chilli,2024-10-18,241.7,45.91,True,1.0
1,Delhi North,5,Green Chilli,2024-10-19,239.3,45.31,True,1.0
1,Delhi North,5,Green Chilli,2024-10-20,216.4,47.42,True,1.0
1,Delhi North,5,Green Chilli,2024-10-21,205.9,47.14,True,1.0
1,Delhi North,5,Green Chilli,2024-10-22,233.3,46.42,True,1.0
1,Delhi North,5,Green Chilli,2024-10-23,266.0,44.99,True,1.0
1,Delhi North,5,Green Chilli,2024-10-24,207.0,46.21,True,1.0
1,Delhi North,5,Green Chilli,2024-10-25,277.3,46.49,True,1.0
1,Delhi North,5,Green Chilli,2024-10-26,263.0,46.34,True,1.0
1,Delhi North,5,Green Chilli,2024-10-27,142.0,46.5,True,1.0
1,Delhi North,5,Green Chilli,2024-10-29,196.8,44.88,True,1.0
1,Delhi North,5,Green Chilli,2024-10-30,183.1,46.29,True,1.0
1,Delhi North,5,Green Chilli,2024-10-31,255.5,48.99,True,1.0
1,Delhi North,5,Green Chilli,2024-11-01,242.8,50.77,True,1.0
1,Delhi North,5,Green Chilli,2024-11-02,248.4,49.78,True,1.0
1,Delhi North,5,Green Chilli,2024-11-03,158.9,48.63,True,1.0
1,Delhi North,5,Green Chilli,2024-11-04,221.2,48.33,True,1.0
1,Delhi North,5,Green Chilli,2024-11-05,216.0,47.19,True,1.0
1,Delhi North,5,Green Chilli,2024-11-06,257.1,47.66,True,1.0
1,Delhi North,5,Green Chilli,2024-11-07,193.0,48.14,True,1.0
1,Delhi North,5,Green Chilli,2024-11-08,221.5,46.38,True,1.0
1,Delhi North,5,Green Chilli,2024-11-09,249.3,46.35,True,1.0
1,Delhi North,5,Green Chilli,2024-11-10,182.7,47.98,True,1.0
1,Delhi North,5,Green Chilli,2024-11-11,221.3,49.22,True,1.0
1,Delhi North,5,Green Chilli,2024-11-12,206.9,47.14,True,1.0
1,Delhi North,5,Green Chilli,2024-11-13,235.2,48.95,True,1.0
1,Delhi North,5,Green Chilli,2024-11-14,251.6,48.34,True,1.0
1,Delhi North,5,Green Chilli,2024-11-15,230.5,48.3,True,1.0
1,Delhi North,5,Green Chilli,2024-11-16,260.9,48.11,True,1.0
1,Delhi North,5,Green Chilli,2024-11-17,153.7,45.41,True,1.0
1,Delhi North,5,Green Chilli,2024-11-18,163.2,46.9,True,1.0
1,Delhi North,5,Green Chilli,2024-11-19,225.5,45.3,True,1.0
1,Delhi North,5,Green Chilli,2024-11-20,217.8,47.43,True,1.0
1,Delhi North,5,Green Chilli,2024-11-21,249.7,46.11,True,1.0
1,Delhi North,5,Green Chilli,2024-11-22,246.5,48.39,True,1.0
1,Delhi North,5,Green Chilli,2024-11-23,305.4,48.9,True,1.0
1,Delhi North,5,Green Chilli,2024-11-24,147.3,49.82,True,1.0
1,Delhi North,5,Green Chilli,2024-11-25,212.3,48.63,True,1.0
1,Delhi North,5,Green Chilli,2024-11-26,225.5,46.36,True,1.0
1,Delhi North,5,Green Chilli,2024-11-27,261.6,45.94,True,1.0
1,Delhi North,5,Green Chilli,2024-11-28,193.0,47.39,True,1.0
1,Delhi North,5,Green Chilli,2024-11-29,220.7,48.65,True,1.0
1,Delhi North,5,Green Chilli,2024-11-30,228.0,47.74,True,1.0
1,Delhi North,5,Green Chilli,2024-12-01,180.3,50.17,True,1.0
1,Delhi North,5,Green Chilli,2024-12-02,207.0,50.01,True,1.0
1,Delhi North,5,Green Chilli,2024-12-03,217.6,47.66,True,1.0
1,Delhi North,5,Green Chilli,2024-12-04,188.4,48.69,True,1.0
1,Delhi North,5,Green Chilli,2024-12-05,178.4,47.99,True,1.0
1,Delhi North,5,Green Chilli,2024-12-06,274.8,49.74,True,1.0
1,Delhi North,5,Green Chilli,2024-12-07,169.3,50.16,True,1.0
1,Delhi North,5,Green Chilli,2024-12-08,193.9,50.37,True,1.0
1,Delhi North,5,Green Chilli,2024-12-09,250.3,49.91,True,1.0
1,Delhi North,5,Green Chilli,2024-12-10,203.4,51.64,True,1.0
1,Delhi North,5,Green Chilli,2024-12-11,238.7,49.93,True,1.0
1,Delhi North,5,Green Chilli,2024-12-12,194.7,50.55,True,1.0
1,Delhi North,5,Green Chilli,2024-12-13,216.0,50.57,True,1.0
1,Delhi North,5,Green Chilli,2024-12-14,289.1,49.08,True,1.0
1,Delhi North,5,Green Chilli,2024-12-15,171.3,49.4,True,1.0
1,Delhi North,5,Green Chilli,2024-12-16,192.7,48.43,True,1.0
1,Delhi North,5,Green Chilli,2024-12-17,201.4,52.03,True,1.0
1,Delhi North,5,Green Chilli,2024-12-18,184.3,53.14,True,1.0
1,Delhi North,5,Green Chilli,2024-12-19,249.0,50.02,True,1.0
1,Delhi North,5,Green Chilli,2024-12-20,236.1,49.6,True,1.0
1,Delhi North,5,Green Chilli,2024-12-21,265.0,50.84,True,1.0
1,Delhi North,5,Green Chilli,2024-12-22,178.9,52.58,True,1.0
1,Delhi North,5,Green Chilli,2024-12-23,191.1,53.39,True,1.0
1,Delhi North,5,Green Chilli,2024-12-24,219.7,55.58,True,1.0
1,Delhi North,5,Green Chilli,2024-12-25,216.8,54.36,True,1.0
1,Delhi North,5,Green Chilli,2024-12-26,162.5,55.32,True,1.0
1,Delhi North,5,Green Chilli,2024-12-27,177.1,52.24,True,1.0
1,Delhi North,5,Green Chilli,2024-12-28,194.4,53.2,True,1.0
1,Delhi North,5,Green Chilli,2024-12-29,145.6,52.24,True,1.0
1,Delhi North,5,Green Chilli,2024-12-30,176.6,51.69,True,1.0
1,Delhi North,5,Green Chilli,2024-12-31,185.7,53.6,True,1.0
1,Delhi North,5,Green Chilli,2025-01-01,194.8,54.32,True,1.0
1,Delhi North,5,Green Chilli,2025-01-02,213.5,53.1,True,1.0
1,Delhi North,5,Green Chilli,2025-01-03,209.6,56.5,True,1.0
1,Delhi North,5,Green Chilli,2025-01-04,242.7,56.87,True,1.0
1,Delhi North,5,Green Chilli,2025-01-05,171.3,54.43,True,1.0
1,Delhi North,5,Green Chilli,2025-01-06,194.7,49.88,True,1.0
1,Delhi North,5,Green Chilli,2025-01-07,193.0,50.69,True,1.0
1,Delhi North,5,Green Chilli,2025-01-08,192.5,50.3,True,1.0
1,Delhi North,5,Green Chilli,2025-01-09,198.3,49.7,True,1.0
1,Delhi North,5,Green Chilli,2025-01-10,197.9,49.47,True,1.0
1,Delhi North,5,Green Chilli,2025-01-11,199.3,50.23,True,1.0
1,Delhi North,5,Green Chilli,2025-01-12,147.7,52.48,True,1.0
1,Delhi North,5,Green Chilli,2025-01-14,192.4,50.77,True,1.0
1,Delhi North,5,Green Chilli,2025-01-15,162.5,50.64,True,1.0
1,Delhi North,5,Green Chilli,2025-01-16,185.3,49.65,True,1.0
1,Delhi North,5,Green Chilli,2025-01-17,221.7,50.55,True,1.0
1,Delhi North,5,Green Chilli,2025-01-18,215.1,53.4,True,1.0
1,Delhi North,5,Green Chilli,2025-01-19,155.6,53.7,True,1.0
1,Delhi North,5,Green Chilli,2025-01-20,185.5,53.06,True,1.0
1,Delhi North,5,Green Chilli,2025-01-21,142.2,51.86,True,1.0
1,Delhi North,5,Green Chilli,2025-01-22,172.8,51.74,True,1.0
1,Delhi North,5,Green Chilli,2025-01-23,205.2,49.12,True,1.0
1,Delhi North,5,Green Chilli,2025-01-24,228.5,49.65,True,1.0
1,Delhi North,5,Green Chilli,2025-01-25,182.3,49.83,True,1.0
1,Delhi North,5,Green Chilli,2025-01-26,143.6,50.92,True,1.0
1,Delhi North,5,Green Chilli,2025-01-27,156.0,52.39,True,1.0
1,Delhi North,5,Green Chilli,2025-01-28,200.0,53.12,True,1.0
1,Delhi North,5,Green Chilli,2025-01-29,209.4,52.31,True,1.0
1,Delhi North,5,Green Chilli,2025-01-30,189.2,51.17,True,1.0
1,Delhi North,5,Green Chilli,2025-01-31,180.1,50.22,True,1.0
1,Delhi North,5,Green Chilli,2025-02-01,219.6,49.34,True,1.0
1,Delhi North,5,Green Chilli,2025-02-02,123.8,48.95,True,1.0
1,Delhi North,5,Green Chilli,2025-02-03,200.4,49.36,True,1.0
1,Delhi North,5,Green Chilli,2025-02-04,167.7,48.11,True,1.0
1,Delhi North,5,Green Chilli,2025-02-05,173.4,49.54,True,1.0
1,Delhi North,5,Green Chilli,2025-02-06,184.9,49.76,True,1.0
1,Delhi North,5,Green Chilli,2025-02-07,198.7,48.88,True,1.0
1,Delhi North,5,Green Chilli,2025-02-08,185.7,48.53,True,1.0
1,Delhi North,5,Green Chilli,2025-02-09,150.3,50.36,True,1.0
1,Delhi North,5,Green Chilli,2025-02-10,145.9,51.76,True,1.0
1,Delhi North,5,Green Chilli,2025-02-11,185.9,55.03,True,1.0
1,Delhi North,5,Green Chilli,2025-02-12,146.6,54.51,True,1.0
1,Delhi North,5,Green Chilli,2025-02-13,180.7,52.25,True,1.0
1,Delhi North,5,Green Chilli,2025-02-14,190.9,50.64,True,1.0
1,Delhi North,5,Green Chilli,2025-02-15,166.8,51.12,True,1.0
1,Delhi North,5,Green Chilli,2025-02-16,153.3,52.06,True,1.0
1,Delhi North,5,Green Chilli,2025-02-17,233.6,53.62,True,1.0
1,Delhi North,5,Green Chilli,2025-02-18,166.0,51.27,True,1.0
1,Delhi North,5,Green Chilli,2025-02-19,202.2,51.07,True,1.0
1,Delhi North,5,Green Chilli,2025-02-20,190.8,49.11,True,1.0
1,Delhi North,5,Green Chilli,2025-02-21,167.0,49.91,True,1.0
1,Delhi North,5,Green Chilli,2025-02-22,187.5,48.49,True,1.0
1,Delhi North,5,Green Chilli,2025-02-23,144.7,50.97,True,1.0
1,Delhi North,5,Green Chilli,2025-02-24,149.3,49.5,True,1.0
1,Delhi North,5,Green Chilli,2025-02-25,147.0,50.43,True,1.0
1,Delhi North,5,Green Chilli,2025-02-26,178.5,50.41,True,1.0
1,Delhi North,5,Green Chilli,2025-02-27,176.4,50.23,True,1.0
1,Delhi North,5,Green Chilli,2025-02-28,168.7,47.49,True,1.0
1,Delhi North,5,Green Chilli,2025-03-01,182.0,47.94,True,1.0
1,Delhi North,5,Green Chilli,2025-03-02,134.7,47.02,True,1.0
1,Delhi North,5,Green Chilli,2025-03-03,182.0,46.89,True,1.0
1,Delhi North,5,Green Chilli,2025-03-04,173.4,48.23,True,1.0
1,Delhi North,5,Green Chilli,2025-03-05,137.8,52.4,True,1.0
1,Delhi North,5,Green Chilli,2025-03-06,162.2,54.22,True,1.0
1,Delhi North,5,Green Chilli,2025-03-07,163.7,53.36,True,1.0
1,Delhi North,5,Green Chilli,2025-03-08,161.4,52.53,True,1.0
1,Delhi North,5,Green Chilli,2025-03-09,153.7,50.86,True,1.0
1,Delhi North,5,Green Chilli,2025-03-10,169.1,48.78,True,1.0
1,Delhi North,5,Green Chilli,2025-03-11,141.4,49.34,True,1.0
1,Delhi North,5,Green Chilli,2025-03-12,137.0,48.46,True,1.0
1,Delhi North,5,Green Chilli,2025-03-13,168.0,50.93,True,1.0
1,Delhi North,5,Green Chilli,2025-03-14,182.3,53.3,True,1.0
1,Delhi North,5,Green Chilli,2025-03-15,175.0,54.98,True,1.0
1,Delhi North,5,Green Chilli,2025-03-16,137.1,51.87,True,1.0
1,Delhi North,5,Green Chilli,2025-03-17,139.7,49.96,True,1.0
1,Delhi North,5,Green Chilli,2025-03-18,183.7,47.66,True,1.0
1,Delhi North,5,Green Chilli,2025-03-19,144.5,48.6,True,1.0
1,Delhi North,5,Green Chilli,2025-03-20,163.4,47.18,True,1.0
1,Delhi North,5,Green Chilli,2025-03-21,148.7,46.5,True,1.0
1,Delhi North,5,Green Chilli,2025-03-22,159.8,45.64,True,1.0
1,Delhi North,5,Green Chilli,2025-03-23,151.2,45.44,True,1.0
1,Delhi North,5,Green Chilli,2025-03-24,142.1,48.23,True,1.0
1,Delhi North,5,Green Chilli,2025-03-25,199.5,44.67,True,1.0
1,Delhi North,5,Green Chilli,2025-03-26,155.0,46.08,True,1.0
1,Delhi North,5,Green Chilli,2025-03-27,149.5,45.31,True,1.0
1,Delhi North,5,Green Chilli,2025-03-28,197.5,48.96,True,1.0
1,Delhi North,5,Green Chilli,2025-03-29,154.7,49.46,True,1.0
1,Delhi North,5,Green Chilli,2025-03-30,127.4,47.23,True,1.0
1,Delhi North,5,Green Chilli,2025-03-31,121.3,46.23,True,1.0
1,Delhi North,5,Green Chilli,2025-04-01,147.9,45.57,True,1.0
1,Delhi North,5,Green Chilli,2025-04-02,159.4,47.35,True,1.0
1,Delhi North,5,Green Chilli,2025-04-03,134.7,49.36,True,1.0
1,Delhi North,5,Green Chilli,2025-04-04,176.0,48.6,True,1.0
1,Delhi North,5,Green Chilli,2025-04-05,150.6,47.64,True,1.0
1,Delhi North,5,Green Chilli,2025-04-06,118.3,48.56,True,1.0
1,Delhi North,5,Green Chilli,2025-04-07,154.4,47.77,True,1.0
1,Delhi North,5,Green Chilli,2025-04-08,158.5,47.8,True,1.0
1,Delhi North,5,Green Chilli,2025-04-09,150.5,47.44,True,1.0
1,Delhi North,5,Green Chilli,2025-04-10,151.7,45.82,True,1.0
1,Delhi North,5,Green Chilli,2025-04-11,161.3,47.52,True,1.0
1,Delhi North,5,Green Chilli,2025-04-12,237.7,46.07,True,1.0
1,Delhi North,5,Green Chilli,2025-04-13,110.8,48.42,True,1.0
1,Delhi North,5,Green Chilli,2025-04-14,141.9,49.03,True,1.0
1,Delhi North,5,Green Chilli,2025-04-15,163.6,48.05,True,1.0
1,Delhi North,5,Green Chilli,2025-04-16,135.5,45.44,True,1.0
1,Delhi North,5,Green Chilli,2025-04-17,133.3,47.46,True,1.0
1,Delhi North,5,Green Chilli,2025-04-18,173.1,47.03,True,1.0
1,Delhi North,5,Green Chilli,2025-04-19,167.5,47.48,True,1.0
1,Delhi North,5,Green Chilli,2025-04-20,101.9,48.56,True,1.0
1,Delhi North,5,Green Chilli,2025-04-21,143.6,45.77,True,1.0
1,Delhi North,5,Green Chilli,2025-04-22,156.5,45.78,True,1.0
1,Delhi North,5,Green Chilli,2025-04-23,148.7,44.8,True,1.0
1,Delhi North,5,Green Chilli,2025-04-24,169.1,44.98,True,1.0
1,Delhi North,5,Green Chilli,2025-04-25,139.9,45.24,True,1.0
1,Delhi North,5,Green Chilli,2025-04-26,194.2,42.73,True,1.0
1,Delhi North,5,Green Chilli,2025-04-27,153.5,42.74,True,1.0
1,Delhi North,5,Green Chilli,2025-04-28,191.9,43.11,True,1.0
1,Delhi North,5,Green Chilli,2025-04-29,175.4,41.71,True,1.0
1,Delhi North,5,Green Chilli,2025-04-30,197.5,41.33,True,1.0
1,Delhi North,5,Green Chilli,2025-05-01,149.9,42.06,True,1.0
1,Delhi North,5,Green Chilli,2025-05-02,147.6,43.23,True,1.0
1,Delhi North,5,Green Chilli,2025-05-03,187.5,43.01,True,1.0
1,Delhi North,5,Green Chilli,2025-05-04,120.2,42.15,True,1.0
1,Delhi North,5,Green Chilli,2025-05-05,154.5,41.17,True,1.0
1,Delhi North,5,Green Chilli,2025-05-06,136.4,41.22,True,1.0
1,Delhi North,5,Green Chilli,2025-05-07,170.5,40.71,True,1.0
1,Delhi North,5,Green Chilli,2025-05-08,177.0,41.97,True,1.0
1,Delhi North,5,Green Chilli,2025-05-09,187.0,42.43,True,1.0
1,Delhi North,5,Green Chilli,2025-05-10,215.3,41.63,True,1.0
1,Delhi North,5,Green Chilli,2025-05-11,134.3,42.1,True,1.0
1,Delhi North,5,Green Chilli,2025-05-12,139.6,45.02,True,1.0
1,Delhi North,5,Green Chilli,2025-05-13,125.8,45.08,True,1.0
1,Delhi North,5,Green Chilli,2025-05-14,153.2,44.45,True,1.0
1,Delhi North,5,Green Chilli,2025-05-15,123.7,44.57,True,1.0
1,Delhi North,5,Green Chilli,2025-05-16,151.7,45.33,True,1.0
1,Delhi North,5,Green Chilli,2025-05-17,217.2,42.33,True,1.0
1,Delhi North,5,Green Chilli,2025-05-18,136.9,41.6,True,1.0
1,Delhi North,5,Green Chilli,2025-05-19,181.7,40.85,True,1.0
1,Delhi North,5,Green Chilli,2025-05-20,143.4,40.28,True,1.0
1,Delhi North,5,Green Chilli,2025-05-21,161.8,43.12,True,1.0
1,Delhi North,5,Green Chilli,2025-05-22,210.6,43.18,True,1.0
1,Delhi North,5,Green Chilli,2025-05-23,144.6,43.94,True,1.0
1,Delhi North,5,Green Chilli,2025-05-24,160.4,43.43,True,1.0
1,Delhi North,5,Green Chilli,2025-05-25,136.6,46.18,True,1.0
1,Delhi North,5,Green Chilli,2025-05-26,160.4,42.05,True,1.0
1,Delhi North,5,Green Chilli,2025-05-27,166.3,41.11,True,1.0
1,Delhi North,5,Green Chilli,2025-05-28,181.9,40.49,True,1.0
1,Delhi North,5,Green Chilli,2025-05-29,191.2,40.14,True,1.0
1,Delhi North,5,Green Chilli,2025-05-30,184.6,41.34,True,1.0
1,Delhi North,5,Green Chilli,2025-05-31,192.7,41.2,True,1.0
1,Delhi North,5,Green Chilli,2025-06-01,154.3,41.74,True,1.0
1,Delhi North,5,Green Chilli,2025-06-02,136.8,42.57,True,1.0
1,Delhi North,5,Green Chilli,2025-06-03,205.4,42.15,True,1.0
1,Delhi North,5,Green Chilli,2025-06-04,195.8,42.43,True,1.0
1,Delhi North,5,Green Chilli,2025-06-05,209.6,41.21,True,1.0
1,Delhi North,5,Green Chilli,2025-06-06,201.0,40.13,True,1.0
1,Delhi North,5,Green Chilli,2025-06-07,165.7,39.09,True,1.0
1,Delhi North,5,Green Chilli,2025-06-08,160.2,39.44,True,1.0
1,Delhi North,5,Green Chilli,2025-06-09,147.7,38.51,True,1.0
1,Delhi North,5,Green Chilli,2025-06-10,169.2,37.73,True,1.0
1,Delhi North,5,Green Chilli,2025-06-11,175.8,39.05,True,1.0
1,Delhi North,5,Green Chilli,2025-06-12,176.8,38.21,True,1.0
1,Delhi North,5,Green Chilli,2025-06-13,202.9,39.27,True,1.0
1,Delhi North,5,Green Chilli,2025-06-14,175.5,39.0,True,1.0
1,Delhi North,5,Green Chilli,2025-06-15,128.1,38.52,True,1.0
1,Delhi North,5,Green Chilli,2025-06-16,178.2,39.83,True,1.0
1,Delhi North,5,Green Chilli,2025-06-17,160.7,40.85,True,1.0
1,Delhi North,5,Green Chilli,2025-06-18,136.3,40.65,True,1.0
1,Delhi North,5,Green Chilli,2025-06-19,186.7,41.9,True,1.0
1,Delhi North,5,Green Chilli,2025-06-20,217.7,39.17,True,1.0
1,Delhi North,5,Green Chilli,2025-06-21,197.5,40.42,True,1.0
1,Delhi North,5,Green Chilli,2025-06-22,166.3,39.14,True,1.0
1,Delhi North,5,Green Chilli,2025-06-23,177.4,38.89,True,1.0
1,Delhi North,5,Green Chilli,2025-06-24,176.4,39.36,True,1.0
1,Delhi North,5,Green Chilli,2025-06-25,197.6,38.5,True,1.0
1,Delhi North,5,Green Chilli,2025-06-26,165.8,38.61,True,1.0
1,Delhi North,5,Green Chilli,2025-06-27,200.8,38.26,True,1.0
1,Delhi North,5,Green Chilli,2025-06-28,239.8,38.22,True,1.0
1,Delhi North,5,Green Chilli,2025-06-29,123.5,40.82,True,1.0
1,Delhi North,5,Green Chilli,2025-06-30,170.3,38.16,True,1.0
1,Delhi North,5,Green Chilli,2025-07-01,187.2,38.14,True,1.0
1,Delhi North,5,Green Chilli,2025-07-02,209.9,38.79,True,1.0
1,Delhi North,5,Green Chilli,2025-07-03,219.0,37.57,True,1.0
1,Delhi North,5,Green Chilli,2025-07-04,176.5,37.75,True,1.0
1,Delhi North,5,Green Chilli,2025-07-05,260.6,38.39,True,1.0
1,Delhi North,5,Green Chilli,2025-07-06,212.1,38.9,True,1.0
1,Delhi North,5,Green Chilli,2025-07-07,212.3,39.79,True,1.0
1,Delhi North,5,Green Chilli,2025-07-08,182.9,40.73,True,1.0
1,Delhi North,5,Green Chilli,2025-07-09,217.8,39.74,True,1.0
1,Delhi North,5,Green Chilli,2025-07-10,204.6,39.53,True,1.0
1,Delhi North,5,Green Chilli,2025-07-11,200.4,37.72,True,1.0
1,Delhi North,5,Green Chilli,2025-07-12,243.1,37.96,True,1.0
1,Delhi North,5,Green Chilli,2025-07-13,170.8,36.63,True,1.0
1,Delhi North,5,Green Chilli,2025-07-14,217.6,37.25,True,1.0
1,Delhi North,5,Green Chilli,2025-07-15,204.9,38.57,True,1.0
1,Delhi North,5,Green Chilli,2025-07-16,160.3,39.07,True,1.0
1,Delhi North,5,Green Chilli,2025-07-17,253.0,39.06,True,1.0
1,Delhi North,5,Green Chilli,2025-07-18,213.0,39.86,True,1.0
1,Delhi North,5,Green Chilli,2025-07-19,228.0,40.74,True,1.0
1,Delhi North,5,Green Chilli,2025-07-20,183.1,39.18,True,1.0
1,Delhi North,5,Green Chilli,2025-07-21,155.8,40.39,True,1.0
1,Delhi North,5,Green Chilli,2025-07-22,328.8,39.03,True,1.0
1,Delhi North,5,Green Chilli,2025-07-23,183.0,38.45,True,1.0
1,Delhi North,5,Green Chilli,2025-07-24,222.5,39.35,True,1.0
1,Delhi North,5,Green Chilli,2025-07-25,209.3,39.38,True,1.0
1,Delhi North,5,Green Chilli,2025-07-26,273.1,39.18,True,1.0
1,Delhi North,5,Green Chilli,2025-07-27,189.1,39.26,True,1.0
1,Delhi North,5,Green Chilli,2025-07-28,163.1,40.63,True,1.0
1,Delhi North,5,Green Chilli,2025-07-29,184.5,40.17,True,1.0
1,Delhi North,5,Green Chilli,2025-07-30,189.8,40.64,True,1.0
1,Delhi North,5,Green Chilli,2025-07-31,191.3,40.95,True,1.0
1,Delhi North,5,Green Chilli,2025-08-01,202.4,42.82,True,1.0
1,Delhi North,5,Green Chilli,2025-08-02,199.5,43.31,True,1.0
1,Delhi North,5,Green Chilli,2025-08-03,134.1,42.82,True,1.0
1,Delhi North,5,Green Chilli,2025-08-04,239.6,42.52,True,1.0
1,Delhi North,5,Green Chilli,2025-08-05,224.5,41.66,True,1.0
1,Delhi North,5,Green Chilli,2025-08-06,199.1,40.69,True,1.0
1,Delhi North,5,Green Chilli,2025-08-07,220.9,40.21,True,1.0
1,Delhi North,5,Green Chilli,2025-08-08,229.9,39.94,True,1.0
1,Delhi North,5,Green Chilli,2025-08-09,218.4,39.22,True,1.0
1,Delhi North,5,Green Chilli,2025-08-10,176.8,38.78,True,1.0
1,Delhi North,5,Green Chilli,2025-08-11,184.1,38.88,True,1.0
1,Delhi North,5,Green Chilli,2025-08-12,196.0,38.67,True,1.0
1,Delhi North,5,Green Chilli,2025-08-13,217.9,38.69,True,1.0
1,Delhi North,5,Green Chilli,2025-08-14,234.2,38.74,True,1.0
1,Delhi North,5,Green Chilli,2025-08-15,287.7,40.01,True,1.0
1,Delhi North,5,Green Chilli,2025-08-16,266.5,40.8,True,1.0
1,Delhi North,5,Green Chilli,2025-08-17,171.6,41.66,True,1.0
1,Delhi North,5,Green Chilli,2025-08-18,206.1,42.55,True,1.0
1,Delhi North,5,Green Chilli,2025-08-19,191.9,40.85,True,1.0
1,Delhi North,5,Green Chilli,2025-08-20,233.1,40.58,True,1.0
1,Delhi North,5,Green Chilli,2025-08-21,191.8,40.72,True,1.0
1,Delhi North,5,Green Chilli,2025-08-22,229.0,41.01,True,1.0
1,Delhi North,5,Green Chilli,2025-08-23,193.2,41.32,True,1.0
1,Delhi North,5,Green Chilli,2025-08-24,155.4,42.65,True,1.0
1,Delhi North,5,Green Chilli,2025-08-25,194.0,41.24,True,1.0
1,Delhi North,5,Green Chilli,2025-08-26,238.7,41.21,True,1.0
1,Delhi North,5,Green Chilli,2025-08-27,218.8,39.54,True,1.0
1,Delhi North,5,Green Chilli,2025-08-28,286.0,40.27,True,1.0
1,Delhi North,5,Green Chilli,2025-08-29,291.8,38.53,True,1.0
1,Delhi North,5,Green Chilli,2025-08-30,223.5,39.53,True,1.0
1,Delhi North,5,Green Chilli,2025-08-31,211.0,41.29,True,1.0
1,Delhi North,5,Green Chilli,2025-09-01,242.3,41.85,True,1.0
1,Delhi North,5,Green Chilli,2025-09-02,207.3,40.28,True,1.0
1,Delhi North,5,Green Chilli,2025-09-03,191.9,39.57,True,1.0
1,Delhi North,5,Green Chilli,2025-09-04,236.4,40.68,True,1.0
1,Delhi North,5,Green Chilli,2025-09-05,215.9,40.66,True,1.0
1,Delhi North,5,Green Chilli,2025-09-06,347.9,38.33,True,1.0
1,Delhi North,5,Green Chilli,2025-09-07,182.5,40.79,True,1.0
1,Delhi North,5,Green Chilli,2025-09-08,204.2,41.15,True,1.0
1,Delhi North,5,Green Chilli,2025-09-09,232.3,39.57,True,1.0
1,Delhi North,5,Green Chilli,2025-09-10,248.8,40.39,True,1.0
1,Delhi North,5,Green Chilli,2025-09-11,232.8,43.4,True,1.0
1,Delhi North,5,Green Chilli,2025-09-12,318.0,42.68,True,1.0
1,Delhi North,5,Green Chilli,2025-09-13,241.8,42.2,True,1.0
1,Delhi North,5,Green Chilli,2025-09-14,187.0,41.32,True,1.0
1,Delhi North,5,Green Chilli,2025-09-15,218.5,42.28,True,1.0
1,Delhi North,5,Green Chilli,2025-09-16,204.4,42.5,True,1.0
1,Delhi North,5,Green Chilli,2025-09-17,277.2,43.38,True,1.0
1,Delhi North,5,Green Chilli,2025-09-18,295.7,42.14,True,1.0
1,Delhi North,5,Green Chilli,2025-09-19,232.7,43.08,True,1.0
1,Delhi North,5,Green Chilli,2025-09-21,187.0,42.36,True,1.0
1,Delhi North,5,Green Chilli,2025-09-22,192.8,41.49,True,1.0
1,Delhi North,5,Green Chilli,2025-09-23,261.3,41.89,True,1.0
1,Delhi North,5,Green Chilli,2025-09-24,223.8,40.33,True,1.0
1,Delhi North,5,Green Chilli,2025-09-25,235.3,41.2,True,1.0
1,Delhi North,5,Green Chilli,2025-09-26,297.1,41.71,True,1.0
1,Delhi North,5,Green Chilli,2025-09-27,287.1,40.33,True,1.0
1,Delhi North,5,Green Chilli,2025-09-28,198.1,43.26,True,1.0
1,Delhi North,5,Green Chilli,2025-09-29,233.0,44.06,True,1.0
1,Delhi North,5,Green Chilli,2025-09-30,205.1,42.52,True,1.0
1,Delhi North,5,Green Chilli,2025-10-01,243.2,41.61,True,1.0
1,Delhi North,5,Green Chilli,2025-10-02,297.9,41.91,True,1.0
1,Delhi North,5,Green Chilli,2025-10-03,287.1,41.77,True,1.0
1,Delhi North,5,Green Chilli,2025-10-04,326.5,42.27,True,1.0
1,Delhi North,5,Green Chilli,2025-10-05,204.6,40.2,True,1.0
1,Delhi North,5,Green Chilli,2025-10-06,264.5,43.37,True,1.0
1,Delhi North,5,Green Chilli,2025-10-07,211.7,42.72,True,1.0
1,Delhi North,5,Green Chilli,2025-10-08,238.3,44.71,True,1.0
1,Delhi North,5,Green Chilli,2025-10-09,243.1,44.4,True,1.0
1,Delhi North,5,Green Chilli,2025-10-10,277.5,47.64,True,1.0
1,Delhi North,5,Green Chilli,2025-10-11,239.7,47.87,True,1.0
1,Delhi North,5,Green Chilli,2025-10-12,181.2,48.35,True,1.0
1,Delhi North,5,Green Chilli,2025-10-13,203.0,48.9,True,1.0
1,Delhi North,5,Green Chilli,2025-10-14,240.6,47.79,True,1.0
1,Delhi North,5,Green Chilli,2025-10-15,241.9,47.15,True,1.0
1,Delhi North,5,Green Chilli,2025-10-16,236.4,46.37,True,1.0
1,Delhi North,5,Green Chilli,2025-10-17,276.0,46.51,True,1.0
1,Delhi North,5,Green Chilli,2025-10-18,274.8,46.26,True,1.0
1,Delhi North,5,Green Chilli,2025-10-19,197.9,46.5,True,1.0
1,Delhi North,5,Green Chilli,2025-10-20,164.9,45.19,True,1.0
1,Delhi North,5,Green Chilli,2025-10-21,222.4,44.8,True,1.0
1,Delhi North,5,Green Chilli,2025-10-22,198.6,45.82,True,1.0
1,Delhi North,5,Green Chilli,2025-10-23,252.9,45.87,True,1.0
1,Delhi North,5,Green Chilli,2025-10-24,230.5,46.55,True,1.0
1,Delhi North,5,Green Chilli,2025-10-25,309.4,47.32,True,1.0
1,Delhi North,5,Green Chilli,2025-10-26,181.6,48.19,True,1.0
1,Delhi North,5,Green Chilli,2025-10-27,177.0,48.3,True,1.0
1,Delhi North,5,Green Chilli,2025-10-28,274.7,47.42,True,1.0
1,Delhi North,5,Green Chilli,2025-10-29,261.0,46.0,True,1.0
1,Delhi North,5,Green Chilli,2025-10-30,254.7,47.75,True,1.0
1,Delhi North,5,Green Chilli,2025-10-31,238.1,46.52,True,1.0
1,Delhi North,5,Green Chilli,2025-11-01,256.9,46.62,True,1.0
1,Delhi North,5,Green Chilli,2025-11-02,199.5,48.93,True,1.0
1,Delhi North,5,Green Chilli,2025-11-03,213.0,47.28,True,1.0
1,Delhi North,5,Green Chilli,2025-11-04,223.9,46.88,True,1.0
1,Delhi North,5,Green Chilli,2025-11-05,177.5,47.15,True,1.0
1,Delhi North,5,Green Chilli,2025-11-06,291.2,44.87,True,1.0
1,Delhi North,5,Green Chilli,2025-11-07,273.1,44.26,True,1.0
1,Delhi North,5,Green Chilli,2025-11-08,231.3,46.87,True,1.0
1,Delhi North,5,Green Chilli,2025-11-09,148.5,47.72,True,1.0
1,Delhi North,5,Green Chilli,2025-11-10,212.5,48.87,True,1.0
1,Delhi North,5,Green Chilli,2025-11-11,163.1,48.92,True,1.0
1,Delhi North,5,Green Chilli,2025-11-12,261.7,45.99,True,1.0
1,Delhi North,5,Green Chilli,2025-11-13,209.1,45.26,True,1.0
1,Delhi North,5,Green Chilli,2025-11-14,249.5,43.27,True,1.0
1,Delhi North,5,Green Chilli,2025-11-15,292.5,45.53,True,1.0
1,Delhi North,5,Green Chilli,2025-11-16,182.9,50.08,True,1.0
1,Delhi North,5,Green Chilli,2025-11-17,313.8,47.41,True,1.0
1,Delhi North,5,Green Chilli,2025-11-18,206.7,49.22,True,1.0
1,Delhi North,5,Green Chilli,2025-11-19,242.8,50.58,True,1.0
1,Delhi North,5,Green Chilli,2025-11-20,234.3,50.28,True,1.0
1,Delhi North,5,Green Chilli,2025-11-21,246.5,47.91,True,1.0
1,Delhi North,5,Green Chilli,2025-11-22,204.1,47.02,True,1.0
1,Delhi North,5,Green Chilli,2025-11-23,169.5,44.92,True,1.0
1,Delhi North,5,Green Chilli,2025-11-24,256.0,45.95,True,1.0
1,Delhi North,5,Green Chilli,2025-11-25,223.7,47.17,True,1.0
1,Delhi North,5,Green Chilli,2025-11-26,207.0,48.91,True,1.0
1,Delhi North,5,Green Chilli,2025-11-27,245.4,48.73,True,1.0
1,Delhi North,5,Green Chilli,2025-11-28,202.5,47.75,True,1.0
1,Delhi North,5,Green Chilli,2025-11-29,294.6,47.31,True,1.0
1,Delhi North,5,Green Chilli,2025-11-30,166.5,47.78,True,1.0
1,Delhi North,5,Green Chilli,2025-12-01,216.0,48.73,True,1.0
1,Delhi North,5,Green Chilli,2025-12-02,274.9,50.99,True,1.0
1,Delhi North,5,Green Chilli,2025-12-03,221.2,53.66,True,1.0
1,Delhi North,5,Green Chilli,2025-12-04,203.1,52.46,True,1.0
1,Delhi North,5,Green Chilli,2025-12-05,228.5,50.1,True,1.0
1,Delhi North,5,Green Chilli,2025-12-06,267.2,51.84,True,1.0
1,Delhi North,5,Green Chilli,2025-12-07,147.8,55.17,True,1.0
1,Delhi North,5,Green Chilli,2025-12-08,200.5,52.45,True,1.0
1,Delhi North,5,Green Chilli,2025-12-09,186.9,51.01,True,1.0
1,Delhi North,5,Green Chilli,2025-12-10,244.3,50.59,True,1.0
1,Delhi North,5,Green Chilli,2025-12-11,265.4,50.53,True,1.0
1,Delhi North,5,Green Chilli,2025-12-12,238.5,49.5,True,1.0
1,Delhi North,5,Green Chilli,2025-12-13,273.0,47.83,True,1.0
1,Delhi North,5,Green Chilli,2025-12-14,193.1,49.45,True,1.0
1,Delhi North,5,Green Chilli,2025-12-15,201.1,49.57,True,1.0
1,Delhi North,5,Green Chilli,2025-12-16,215.5,51.49,True,1.0
1,Delhi North,5,Green Chilli,2025-12-17,213.5,52.02,True,1.0
1,Delhi North,5,Green Chilli,2025-12-18,193.2,53.13,True,1.0
1,Delhi North,5,Green Chilli,2025-12-19,222.6,52.48,True,1.0
1,Delhi North,5,Green Chilli,2025-12-20,254.9,53.0,True,1.0
1,Delhi North,5,Green Chilli,2025-12-21,164.2,51.25,True,1.0
1,Delhi North,5,Green Chilli,2025-12-22,194.9,51.86,True,1.0
1,Delhi North,5,Green Chilli,2025-12-23,201.6,53.07,True,1.0
1,Delhi North,5,Green Chilli,2025-12-24,260.5,54.44,True,1.0
1,Delhi North,5,Green Chilli,2025-12-25,190.6,52.92,True,1.0
1,Delhi North,5,Green Chilli,2025-12-26,181.5,53.23,True,1.0
1,Delhi North,5,Green Chilli,2025-12-27,261.6,54.55,True,1.0
1,Delhi North,5,Green Chilli,2025-12-28,152.2,51.15,True,1.0
1,Delhi North,5,Green Chilli,2025-12-29,178.9,50.61,True,1.0
1,Delhi North,5,Green Chilli,2025-12-30,183.9,51.61,True,1.0
1,Delhi North,5,Green Chilli,2025-12-31,227.0,51.05,True,1.0
1,Delhi North,5,Green Chilli,2026-01-01,198.4,50.14,True,1.0
1,Delhi North,5,Green Chilli,2026-01-02,186.7,51.09,True,1.0
1,Delhi North,5,Green Chilli,2026-01-03,261.0,50.45,True,1.0
1,Delhi North,5,Green Chilli,2026-01-04,163.7,50.8,True,1.0
1,Delhi North,5,Green Chilli,2026-01-05,217.3,48.74,True,1.0
1,Delhi North,5,Green Chilli,2026-01-06,175.9,48.83,True,1.0
1,Delhi North,5,Green Chilli,2026-01-07,216.0,49.96,True,1.0
1,Delhi North,5,Green Chilli,2026-01-08,180.7,50.23,True,1.0
1,Delhi North,5,Green Chilli,2026-01-09,183.6,50.49,True,1.0
1,Delhi North,5,Green Chilli,2026-01-10,195.9,51.21,True,1.0
1,Delhi North,5,Green Chilli,2026-01-11,165.5,52.88,True,1.0
1,Delhi North,5,Green Chilli,2026-01-12,205.4,52.06,True,1.0
1,Delhi North,5,Green Chilli,2026-01-13,189.7,51.81,True,1.0
1,Delhi North,5,Green Chilli,2026-01-14,259.9,51.79,True,1.0
1,Delhi North,5,Green Chilli,2026-01-15,173.9,50.96,True,1.0
1,Delhi North,5,Green Chilli,2026-01-16,182.9,49.94,True,1.0
1,Delhi North,5,Green Chilli,2026-01-17,220.6,51.59,True,1.0
1,Delhi North,5,Green Chilli,2026-01-18,146.1,49.84,True,1.0
1,Delhi North,5,Green Chilli,2026-01-19,182.2,51.14,True,1.0
1,Delhi North,5,Green Chilli,2026-01-20,185.9,50.89,True,1.0
1,Delhi North,5,Green Chilli,2026-01-21,181.8,50.52,True,1.0
1,Delhi North,5,Green Chilli,2026-01-22,201.0,51.23,True,1.0
1,Delhi North,5,Green Chilli,2026-01-23,172.2,51.94,True,1.0
1,Delhi North,5,Green Chilli,2026-01-24,239.1,50.23,True,1.0
1,Delhi North,5,Green Chilli,2026-01-25,139.6,50.48,True,1.0
1,Delhi North,5,Green Chilli,2026-01-26,177.3,50.06,True,1.0
1,Delhi North,5,Green Chilli,2026-01-27,168.6,49.34,True,1.0
1,Delhi North,5,Green Chilli,2026-01-28,177.8,46.99,True,1.0
1,Delhi North,5,Green Chilli,2026-01-29,174.5,49.38,True,1.0
1,Delhi North,5,Green Chilli,2026-01-30,202.0,51.18,True,1.0
1,Delhi North,5,Green Chilli,2026-01-31,228.6,49.47,True,1.0
1,Delhi North,5,Green Chilli,2026-02-01,142.6,49.78,True,1.0
1,Delhi North,5,Green Chilli,2026-02-02,164.8,48.42,True,1.0
1,Delhi North,5,Green Chilli,2026-02-03,218.6,48.67,True,1.0
1,Delhi North,5,Green Chilli,2026-02-04,217.0,48.45,True,1.0
1,Delhi North,5,Green Chilli,2026-02-05,158.8,51.1,True,1.0
1,Delhi North,5,Green Chilli,2026-02-06,166.3,49.06,True,1.0
1,Delhi North,5,Green Chilli,2026-02-07,199.4,47.11,True,1.0
1,Delhi North,5,Green Chilli,2026-02-08,133.7,47.69,True,1.0
1,Delhi North,5,Green Chilli,2026-02-09,187.4,48.17,True,1.0
1,Delhi North,5,Green Chilli,2026-02-10,189.1,51.72,True,1.0
1,Delhi North,5,Green Chilli,2026-02-11,167.1,50.28,True,1.0
1,Delhi North,5,Green Chilli,2026-02-12,176.7,52.52,True,1.0
1,Delhi North,5,Green Chilli,2026-02-13,183.1,52.65,True,1.0
1,Delhi North,5,Green Chilli,2026-02-14,209.7,54.49,True,1.0
1,Delhi North,5,Green Chilli,2026-02-15,143.6,53.64,True,1.0
1,Delhi North,5,Green Chilli,2026-02-16,152.0,50.25,True,1.0
1,Delhi North,5,Green Chilli,2026-02-17,166.9,48.94,True,1.0
1,Delhi North,5,Green Chilli,2026-02-18,166.4,50.09,True,1.0
1,Delhi North,5,Green Chilli,2026-02-19,226.9,48.85,True,1.0
1,Delhi North,5,Green Chilli,2026-02-20,177.6,52.69,True,1.0
1,Delhi North,5,Green Chilli,2026-02-21,199.5,49.23,True,1.0
1,Delhi North,5,Green Chilli,2026-02-22,143.1,48.56,True,1.0
1,Delhi North,5,Green Chilli,2026-02-23,152.9,49.61,True,1.0
1,Delhi North,5,Green Chilli,2026-02-24,164.9,49.69,True,1.0
1,Delhi North,5,Green Chilli,2026-02-25,166.4,49.04,True,1.0
1,Delhi North,5,Green Chilli,2026-02-26,165.4,51.3,True,1.0
1,Delhi North,5,Green Chilli,2026-02-27,188.1,50.88,True,1.0
1,Delhi North,5,Green Chilli,2026-02-28,183.0,52.04,True,1.0
1,Delhi North,5,Green Chilli,2026-03-01,139.9,50.63,True,1.0
1,Delhi North,5,Green Chilli,2026-03-02,149.2,51.76,True,1.0
1,Delhi North,5,Green Chilli,2026-03-03,136.3,51.34,True,1.0
1,Delhi North,5,Green Chilli,2026-03-04,173.9,48.39,True,1.0
1,Delhi North,5,Green Chilli,2026-03-05,163.7,46.95,True,1.0
1,Delhi North,5,Green Chilli,2026-03-06,162.1,49.12,True,1.0
1,Delhi North,5,Green Chilli,2026-03-07,199.1,49.06,True,1.0
1,Delhi North,5,Green Chilli,2026-03-08,152.9,50.63,True,1.0
1,Delhi North,5,Green Chilli,2026-03-09,132.0,51.11,True,1.0
1,Delhi North,5,Green Chilli,2026-03-10,142.3,48.78,True,1.0
1,Delhi North,5,Green Chilli,2026-03-11,163.1,47.09,True,1.0
1,Delhi North,5,Green Chilli,2026-03-12,177.6,47.37,True,1.0
1,Delhi North,5,Green Chilli,2026-03-13,212.4,47.91,True,1.0
1,Delhi North,5,Green Chilli,2026-03-14,207.8,47.08,True,1.0
1,Delhi North,5,Green Chilli,2026-03-15,132.4,48.11,True,1.0
1,Delhi North,5,Green Chilli,2026-03-16,150.8,47.82,True,1.0
1,Delhi North,5,Green Chilli,2026-03-17,155.4,46.86,True,1.0
1,Delhi North,5,Green Chilli,2026-03-18,181.8,47.52,True,1.0
1,Delhi North,5,Green Chilli,2026-03-19,167.0,46.75,True,1.0
1,Delhi North,5,Green Chilli,2026-03-20,194.2,45.13,True,1.0
1,Delhi North,5,Green Chilli,2026-03-21,176.2,47.97,True,1.0
1,Delhi North,5,Green Chilli,2026-03-22,93.5,45.23,True,1.0
1,Delhi North,5,Green Chilli,2026-03-23,167.4,43.76,True,1.0
1,Delhi North,5,Green Chilli,2026-03-24,132.4,45.88,True,1.0
1,Delhi North,5,Green Chilli,2026-03-25,186.9,46.63,True,1.0
1,Delhi North,5,Green Chilli,2026-03-26,144.2,46.03,True,1.0
1,Delhi North,5,Green Chilli,2026-03-27,194.6,48.97,True,1.0
1,Delhi North,5,Green Chilli,2026-03-28,204.1,47.8,True,1.0
1,Delhi North,5,Green Chilli,2026-03-29,122.3,47.36,True,1.0
1,Delhi North,5,Green Chilli,2026-03-30,154.3,47.18,True,1.0
1,Delhi North,5,Green Chilli,2026-03-31,192.8,47.84,True,1.0
1,Delhi North,5,Green Chilli,2026-04-01,173.9,48.38,True,1.0
1,Delhi North,5,Green Chilli,2026-04-02,137.4,49.68,True,1.0
1,Delhi North,5,Green Chilli,2026-04-03,178.1,47.99,True,1.0
1,Delhi North,5,Green Chilli,2026-04-04,204.8,47.38,True,1.0
1,Delhi North,5,Green Chilli,2026-04-05,129.0,46.59,True,1.0
1,Delhi North,5,Green Chilli,2026-04-06,121.4,44.68,True,1.0
1,Delhi North,5,Green Chilli,2026-04-07,133.3,44.61,True,1.0
1,Delhi North,5,Green Chilli,2026-04-08,151.4,45.38,True,1.0
1,Delhi North,5,Green Chilli,2026-04-09,141.2,45.61,True,1.0
1,Delhi North,5,Green Chilli,2026-04-10,176.4,47.49,True,1.0
1,Delhi North,5,Green Chilli,2026-04-11,159.9,47.13,True,1.0
1,Delhi North,5,Green Chilli,2026-04-12,126.5,45.29,True,1.0
1,Delhi North,5,Green Chilli,2026-04-13,152.3,44.6,True,1.0
1,Delhi North,5,Green Chilli,2026-04-14,161.1,43.73,True,1.0
1,Delhi North,5,Green Chilli,2026-04-15,218.9,43.36,True,1.0
1,Delhi North,5,Green Chilli,2026-04-16,183.5,43.7,True,1.0
1,Delhi North,5,Green Chilli,2026-04-17,152.3,44.99,True,1.0
1,Delhi North,5,Green Chilli,2026-04-18,200.4,46.02,True,1.0
1,Delhi North,5,Green Chilli,2026-04-19,131.2,44.41,True,1.0
1,Delhi North,5,Green Chilli,2026-04-20,119.7,44.96,True,1.0
1,Delhi North,5,Green Chilli,2026-04-21,170.7,44.69,True,1.0
1,Delhi North,5,Green Chilli,2026-04-22,237.3,44.11,True,1.0
1,Delhi North,5,Green Chilli,2026-04-23,181.3,43.29,True,1.0
1,Delhi North,5,Green Chilli,2026-04-24,203.9,42.61,True,1.0
1,Delhi North,5,Green Chilli,2026-04-25,198.0,42.35,True,1.0
1,Delhi North,5,Green Chilli,2026-04-26,132.1,44.08,True,1.0
1,Delhi North,5,Green Chilli,2026-04-27,181.9,45.17,True,1.0
1,Delhi North,5,Green Chilli,2026-04-28,172.9,45.76,True,1.0
1,Delhi North,5,Green Chilli,2026-04-29,181.7,42.24,True,1.0
1,Delhi North,5,Green Chilli,2026-04-30,155.6,44.12,True,1.0
1,Delhi North,5,Green Chilli,2026-05-01,184.2,44.25,True,1.0
1,Delhi North,5,Green Chilli,2026-05-02,238.0,45.03,True,1.0
1,Delhi North,5,Green Chilli,2026-05-03,114.1,44.22,True,1.0
1,Delhi North,5,Green Chilli,2026-05-04,150.8,44.08,True,1.0
1,Delhi North,5,Green Chilli,2026-05-05,151.2,45.41,True,1.0
1,Delhi North,5,Green Chilli,2026-05-06,158.1,45.92,True,1.0
1,Delhi North,5,Green Chilli,2026-05-07,186.7,43.74,True,1.0
1,Delhi North,5,Green Chilli,2026-05-08,173.4,42.42,True,1.0
1,Delhi North,5,Green Chilli,2026-05-09,237.4,42.98,True,1.0
1,Delhi North,5,Green Chilli,2026-05-10,143.9,43.04,True,1.0
1,Delhi North,5,Green Chilli,2026-05-11,155.4,41.74,True,1.0
1,Delhi North,5,Green Chilli,2026-05-12,176.6,41.8,True,1.0
1,Delhi North,5,Green Chilli,2026-05-13,160.2,41.08,True,1.0
1,Delhi North,5,Green Chilli,2026-05-14,168.9,42.04,True,1.0
1,Delhi North,5,Green Chilli,2026-05-15,214.4,44.82,True,1.0
1,Delhi North,5,Green Chilli,2026-05-16,202.3,42.77,True,1.0
1,Delhi North,5,Green Chilli,2026-05-17,157.3,42.99,True,1.0
1,Delhi North,5,Green Chilli,2026-05-18,151.4,43.08,True,1.0
1,Delhi North,5,Green Chilli,2026-05-19,189.1,42.37,True,1.0
1,Delhi North,5,Green Chilli,2026-05-20,156.8,41.63,True,1.0
1,Delhi North,5,Green Chilli,2026-05-21,135.6,41.14,True,1.0
1,Delhi North,5,Green Chilli,2026-05-22,164.9,39.49,True,1.0
1,Delhi North,5,Green Chilli,2026-05-23,232.0,37.79,True,1.0
1,Delhi North,5,Green Chilli,2026-05-24,162.7,37.81,True,1.0
1,Delhi North,5,Green Chilli,2026-05-25,153.9,38.08,True,1.0
1,Delhi North,5,Green Chilli,2026-05-26,180.3,39.74,True,1.0
1,Delhi North,5,Green Chilli,2026-05-27,183.2,38.83,True,1.0
1,Delhi North,5,Green Chilli,2026-05-28,204.2,38.81,True,1.0
1,Delhi North,5,Green Chilli,2026-05-29,159.5,40.58,True,1.0
1,Delhi North,5,Green Chilli,2026-05-30,179.0,41.52,True,1.0
1,Delhi North,5,Green Chilli,2026-05-31,115.7,41.78,True,1.0
1,Delhi North,5,Green Chilli,2026-06-01,193.8,42.7,True,1.0
1,Delhi North,5,Green Chilli,2026-06-02,188.9,45.3,True,1.0
1,Delhi North,5,Green Chilli,2026-06-03,163.8,43.61,True,1.0
1,Delhi North,5,Green Chilli,2026-06-04,198.9,43.31,True,1.0
1,Delhi North,5,Green Chilli,2026-06-05,191.4,42.18,True,1.0
1,Delhi North,5,Green Chilli,2026-06-06,232.9,41.33,True,1.0
1,Delhi North,5,Green Chilli,2026-06-07,157.3,39.89,True,1.0
1,Delhi North,5,Green Chilli,2026-06-08,165.1,41.89,True,1.0
1,Delhi North,5,Green Chilli,2026-06-09,187.8,41.5,True,1.0
1,Delhi North,5,Green Chilli,2026-06-10,197.2,42.83,True,1.0
1,Delhi North,5,Green Chilli,2026-06-11,294.5,42.35,True,1.0
1,Delhi North,5,Green Chilli,2026-06-12,234.4,40.52,True,1.0
1,Delhi North,5,Green Chilli,2026-06-13,240.7,40.28,True,1.0
1,Delhi North,5,Green Chilli,2026-06-14,166.8,40.82,True,1.0
1,Delhi North,5,Green Chilli,2026-06-15,158.4,40.68,True,1.0
1,Delhi North,5,Green Chilli,2026-06-16,200.6,38.28,True,1.0
1,Delhi North,5,Green Chilli,2026-06-17,220.3,38.64,True,1.0
1,Delhi North,5,Green Chilli,2026-06-18,185.2,38.43,True,1.0
1,Delhi North,5,Green Chilli,2026-06-19,201.7,38.24,True,1.0
1,Delhi North,5,Green Chilli,2026-06-20,254.8,37.07,True,1.0
1,Delhi North,5,Green Chilli,2026-06-21,160.3,39.8,True,1.0
1,Delhi North,5,Green Chilli,2026-06-22,214.9,40.75,True,1.0
1,Delhi North,5,Green Chilli,2026-06-23,180.6,39.32,True,1.0
1,Delhi North,5,Green Chilli,2026-06-24,195.3,39.01,True,1.0
1,Delhi North,5,Green Chilli,2026-06-25,170.5,40.5,True,1.0
1,Delhi North,5,Green Chilli,2026-06-26,198.5,38.24,True,1.0
1,Delhi North,5,Green Chilli,2026-06-27,250.0,40.24,True,1.0
1,Delhi North,5,Green Chilli,2026-06-28,151.0,40.27,True,1.0
1,Delhi North,5,Green Chilli,2026-06-29,181.6,40.41,True,1.0
1,Delhi North,5,Green Chilli,2026-06-30,191.0,39.77,True,1.0
1,Delhi North,5,Green Chilli,2026-07-01,201.3,40.0,True,1.0
1,Delhi North,5,Green Chilli,2026-07-02,150.9,41.94,True,1.0
1,Delhi North,5,Green Chilli,2026-07-03,183.1,41.11,True,1.0
1,Delhi North,5,Green Chilli,2026-07-04,226.0,39.62,True,1.0
1,Delhi North,5,Green Chilli,2026-07-05,185.2,38.79,True,1.0
1,Delhi North,5,Green Chilli,2026-07-06,192.6,39.96,True,1.0
1,Delhi North,5,Green Chilli,2026-07-07,207.0,39.91,True,1.0
1,Delhi North,5,Green Chilli,2026-07-08,182.3,39.82,True,1.0
1,Delhi North,5,Green Chilli,2026-07-09,216.9,38.88,True,1.0
1,Delhi North,5,Green Chilli,2026-07-10,196.3,40.43,True,1.0
1,Delhi North,5,Green Chilli,2026-07-11,248.0,40.06,True,1.0
1,Delhi North,5,Green Chilli,2026-07-12,147.5,38.74,True,1.0
1,Delhi North,5,Green Chilli,2026-07-13,174.1,36.84,True,1.0
1,Delhi North,5,Green Chilli,2026-07-14,239.0,36.1,True,1.0
1,Delhi North,5,Green Chilli,2026-07-15,193.6,37.29,True,1.0
1,Delhi North,5,Green Chilli,2026-07-16,208.4,36.77,True,1.0
1,Delhi North,5,Green Chilli,2026-07-17,181.9,35.23,True,1.0
1,Delhi North,5,Green Chilli,2026-07-18,271.6,35.38,True,1.0
1,Delhi North,5,Green Chilli,2026-07-19,189.0,36.19,True,1.0
1,Delhi North,5,Green Chilli,2026-07-20,255.6,37.56,True,1.0
1,Delhi North,5,Green Chilli,2026-07-21,176.9,35.26,True,1.0
1,Delhi North,5,Green Chilli,2026-07-22,246.9,36.22,True,1.0
1,Delhi North,5,Green Chilli,2026-07-23,237.2,37.92,True,1.0
1,Delhi North,5,Green Chilli,2026-07-25,213.9,37.08,True,1.0
1,Delhi North,5,Green Chilli,2026-07-26,221.1,37.8,True,1.0
1,Delhi North,5,Green Chilli,2026-07-27,188.8,37.04,True,1.0
1,Delhi North,5,Green Chilli,2026-07-28,206.9,36.6,True,1.0
1,Delhi North,5,Green Chilli,2026-07-29,214.9,37.14,True,1.0
1,Delhi North,5,Green Chilli,2026-07-30,194.5,37.85,True,1.0
1,Delhi North,5,Green Chilli,2026-07-31,241.2,38.8,True,1.0
1,Delhi North,5,Green Chilli,2026-08-01,223.8,38.86,True,1.0
1,Delhi North,5,Green Chilli,2026-08-02,181.2,38.9,True,1.0
1,Delhi North,5,Green Chilli,2026-08-03,202.2,39.21,True,1.0
1,Delhi North,5,Green Chilli,2026-08-04,255.2,38.2,True,1.0
1,Delhi North,5,Green Chilli,2026-08-05,273.8,36.23,True,1.0
1,Delhi North,5,Green Chilli,2026-08-06,254.7,36.13,True,1.0
1,Delhi North,5,Green Chilli,2026-08-07,302.7,36.5,True,1.0
1,Delhi North,5,Green Chilli,2026-08-08,343.2,36.43,True,1.0
1,Delhi North,5,Green Chilli,2026-08-09,156.8,36.06,True,1.0
1,Delhi North,5,Green Chilli,2026-08-10,206.4,38.15,True,1.0
1,Delhi North,5,Green Chilli,2026-08-11,250.4,37.6,True,1.0
1,Delhi North,5,Green Chilli,2026-08-12,202.5,37.73,True,1.0
1,Delhi North,5,Green Chilli,2026-08-13,190.7,38.87,True,1.0
1,Delhi North,5,Green Chilli,2026-08-14,297.3,39.55,True,1.0
1,Delhi North,5,Green Chilli,2026-08-15,256.3,38.74,True,1.0
1,Delhi North,5,Green Chilli,2026-08-16,196.9,38.02,True,1.0
1,Delhi North,5,Green Chilli,2026-08-17,214.8,38.43,True,1.0
1,Delhi North,5,Green Chilli,2026-08-18,199.7,38.05,True,1.0
1,Delhi North,5,Green Chilli,2026-08-19,256.9,38.42,True,1.0
1,Delhi North,5,Green Chilli,2026-08-20,240.7,37.9,True,1.0
1,Delhi North,5,Green Chilli,2026-08-21,276.8,38.95,True,1.0
1,Delhi North,5,Green Chilli,2026-08-22,224.9,37.7,True,1.0
1,Delhi North,5,Green Chilli,2026-08-23,165.5,38.15,True,1.0
1,Delhi North,5,Green Chilli,2026-08-24,415.9,39.05,True,1.0
1,Delhi North,5,Green Chilli,2026-08-25,267.6,39.72,True,1.0
1,Delhi North,5,Green Chilli,2026-08-26,261.7,42.72,True,1.0
1,Delhi North,5,Green Chilli,2026-08-27,214.3,41.71,True,1.0
1,Delhi North,5,Green Chilli,2026-08-28,268.2,41.48,True,1.0
1,Delhi North,5,Green Chilli,2026-08-29,216.2,41.06,True,1.0
1,Delhi North,5,Green Chilli,2026-08-30,195.4,43.19,True,1.0
1,Delhi North,5,Green Chilli,2026-08-31,232.8,43.64,True,1.0
1,Delhi North,5,Green Chilli,2026-09-01,297.9,45.16,True,1.0
1,Delhi North,5,Green Chilli,2026-09-02,207.4,43.08,True,1.0
1,Delhi North,5,Green Chilli,2026-09-03,244.0,42.6,True,1.0
1,Delhi North,5,Green Chilli,2026-09-04,234.7,42.16,True,1.0
1,Delhi North,5,Green Chilli,2026-09-05,200.5,40.5,True,1.0
1,Delhi North,5,Green Chilli,2026-09-06,192.8,41.06,True,1.0
1,Delhi North,5,Green Chilli,2026-09-07,194.5,40.5,True,1.0
1,Delhi North,5,Green Chilli,2026-09-08,193.6,41.58,True,1.0
1,Delhi North,5,Green Chilli,2026-09-09,234.7,41.27,True,1.0
1,Delhi North,5,Green Chilli,2026-09-10,264.1,40.5,True,1.0
1,Delhi North,5,Green Chilli,2026-09-11,234.3,40.5,True,1.0
1,Delhi North,5,Green Chilli,2026-09-12,255.1,40.5,True,1.0
1,Delhi North,5,Green Chilli,2026-09-13,206.2,42.73,True,1.0
1,Delhi North,5,Green Chilli,2026-09-14,220.6,43.52,True,1.0
1,Delhi North,5,Green Chilli,2026-09-15,221.2,43.15,True,1.0
1,Delhi North,5,Green Chilli,2026-09-16,271.1,43.89,True,1.0
1,Delhi North,5,Green Chilli,2026-09-17,258.5,43.56,True,1.0
1,Delhi North,5,Green Chilli,2026-09-18,245.9,42.07,True,1.0
1,Delhi North,5,Green Chilli,2026-09-19,250.3,42.64,True,1.0
1,Delhi North,5,Green Chilli,2026-09-20,190.3,43.63,True,1.0
1,Delhi North,5,Green Chilli,2026-09-21,214.7,47.23,True,1.0
1,Delhi North,5,Green Chilli,2026-09-22,226.7,46.18,True,1.0
1,Delhi North,5,Green Chilli,2026-09-23,253.7,44.49,True,1.0
1,Delhi North,5,Green Chilli,2026-09-24,265.9,45.16,True,1.0
1,Delhi North,5,Green Chilli,2026-09-25,271.7,45.36,True,1.0
1,Delhi North,5,Green Chilli,2026-09-26,316.5,46.7,True,1.0
1,Delhi North,5,Green Chilli,2026-09-27,214.7,46.58,True,1.0
1,Delhi North,5,Green Chilli,2026-09-28,256.0,43.38,True,1.0
1,Delhi North,5,Green Chilli,2026-09-29,214.4,43.29,True,1.0
1,Delhi North,5,Green Chilli,2026-09-30,215.7,44.95,True,1.0
2,Gurugram,1,Tomato,2024-10-01,847.8,26.35,True,1.0
2,Gurugram,1,Tomato,2024-10-02,855.6,27.42,True,1.0
2,Gurugram,1,Tomato,2024-10-03,680.9,27.62,True,1.0
2,Gurugram,1,Tomato,2024-10-04,849.6,26.36,True,1.0
2,Gurugram,1,Tomato,2024-10-05,827.6,26.19,True,1.0
2,Gurugram,1,Tomato,2024-10-06,533.3,27.77,True,1.0
2,Gurugram,1,Tomato,2024-10-07,743.2,25.73,True,1.0
2,Gurugram,1,Tomato,2024-10-08,790.8,25.82,True,1.0
2,Gurugram,1,Tomato,2024-10-09,598.3,27.15,True,1.0
2,Gurugram,1,Tomato,2024-10-10,636.3,26.44,True,1.0
2,Gurugram,1,Tomato,2024-10-11,907.3,26.08,True,1.0
2,Gurugram,1,Tomato,2024-10-12,773.1,26.26,True,1.0
2,Gurugram,1,Tomato,2024-10-13,569.9,27.58,True,1.0
2,Gurugram,1,Tomato,2024-10-14,610.7,26.85,True,1.0
2,Gurugram,1,Tomato,2024-10-15,694.1,26.48,True,1.0
2,Gurugram,1,Tomato,2024-10-16,728.4,26.21,True,1.0
2,Gurugram,1,Tomato,2024-10-18,834.8,29.38,True,1.0
2,Gurugram,1,Tomato,2024-10-19,758.5,29.32,True,1.0
2,Gurugram,1,Tomato,2024-10-21,621.5,28.62,True,1.0
2,Gurugram,1,Tomato,2024-10-22,653.0,29.13,True,1.0
2,Gurugram,1,Tomato,2024-10-23,581.5,27.5,True,1.0
2,Gurugram,1,Tomato,2024-10-24,896.0,28.03,True,1.0
2,Gurugram,1,Tomato,2024-10-25,569.1,26.49,True,1.0
2,Gurugram,1,Tomato,2024-10-26,877.3,25.89,True,1.0
2,Gurugram,1,Tomato,2024-10-27,580.0,26.62,True,1.0
2,Gurugram,1,Tomato,2024-10-28,595.9,25.36,True,1.0
2,Gurugram,1,Tomato,2024-10-29,745.5,25.42,True,1.0
2,Gurugram,1,Tomato,2024-10-30,636.4,24.93,True,1.0
2,Gurugram,1,Tomato,2024-10-31,627.3,24.99,True,1.0
2,Gurugram,1,Tomato,2024-11-01,644.7,23.27,True,1.0
2,Gurugram,1,Tomato,2024-11-02,785.6,22.77,True,1.0
2,Gurugram,1,Tomato,2024-11-03,583.0,23.11,True,1.0
2,Gurugram,1,Tomato,2024-11-04,577.5,24.45,True,1.0
2,Gurugram,1,Tomato,2024-11-05,898.0,24.62,True,1.0
2,Gurugram,1,Tomato,2024-11-06,619.7,24.84,True,1.0
2,Gurugram,1,Tomato,2024-11-07,501.8,25.48,True,1.0
2,Gurugram,1,Tomato,2024-11-08,861.1,24.77,True,1.0
2,Gurugram,1,Tomato,2024-11-11,664.8,23.48,True,1.0
2,Gurugram,1,Tomato,2024-11-12,655.2,23.65,True,1.0
2,Gurugram,1,Tomato,2024-11-13,684.0,24.41,True,1.0
2,Gurugram,1,Tomato,2024-11-14,728.6,24.77,True,1.0
2,Gurugram,1,Tomato,2024-11-15,726.2,24.75,True,1.0
2,Gurugram,1,Tomato,2024-11-16,764.8,26.48,True,1.0
2,Gurugram,1,Tomato,2024-11-17,410.7,26.21,True,1.0
2,Gurugram,1,Tomato,2024-11-18,662.0,26.42,True,1.0
2,Gurugram,1,Tomato,2024-11-19,666.1,27.52,True,1.0
2,Gurugram,1,Tomato,2024-11-20,680.2,25.57,True,1.0
2,Gurugram,1,Tomato,2024-11-21,699.4,24.45,True,1.0
2,Gurugram,1,Tomato,2024-11-22,855.4,25.63,True,1.0
2,Gurugram,1,Tomato,2024-11-23,738.5,24.62,True,1.0
2,Gurugram,1,Tomato,2024-11-24,571.5,24.48,True,1.0
2,Gurugram,1,Tomato,2024-11-25,628.5,25.1,True,1.0
2,Gurugram,1,Tomato,2024-11-26,632.5,25.38,True,1.0
2,Gurugram,1,Tomato,2024-11-28,618.0,26.57,True,1.0
2,Gurugram,1,Tomato,2024-11-29,650.4,26.48,True,1.0
2,Gurugram,1,Tomato,2024-11-30,937.8,25.04,True,1.0
2,Gurugram,1,Tomato,2024-12-01,463.3,25.16,True,1.0
2,Gurugram,1,Tomato,2024-12-02,640.0,24.88,True,1.0
2,Gurugram,1,Tomato,2024-12-03,715.7,23.53,True,1.0
2,Gurugram,1,Tomato,2024-12-04,655.1,24.45,True,1.0
2,Gurugram,1,Tomato,2024-12-05,702.1,24.67,True,1.0
2,Gurugram,1,Tomato,2024-12-06,620.8,24.26,True,1.0
2,Gurugram,1,Tomato,2024-12-07,638.1,23.76,True,1.0
2,Gurugram,1,Tomato,2024-12-08,532.2,22.77,True,1.0
2,Gurugram,1,Tomato,2024-12-09,649.6,22.97,True,1.0
2,Gurugram,1,Tomato,2024-12-10,604.2,23.27,True,1.0
2,Gurugram,1,Tomato,2024-12-11,752.0,22.61,True,1.0
2,Gurugram,1,Tomato,2024-12-12,700.9,23.44,True,1.0
2,Gurugram,1,Tomato,2024-12-13,687.4,22.51,True,1.0
2,Gurugram,1,Tomato,2024-12-14,995.8,21.23,True,1.0
2,Gurugram,1,Tomato,2024-12-15,554.6,22.28,True,1.0
2,Gurugram,1,Tomato,2024-12-16,583.6,22.1,True,1.0
2,Gurugram,1,Tomato,2024-12-17,807.7,22.13,True,1.0
2,Gurugram,1,Tomato,2024-12-18,815.2,21.69,True,1.0
2,Gurugram,1,Tomato,2024-12-19,794.9,20.9,True,1.0
2,Gurugram,1,Tomato,2024-12-20,795.7,22.08,True,1.0
2,Gurugram,1,Tomato,2024-12-21,763.2,21.68,True,1.0
2,Gurugram,1,Tomato,2024-12-22,537.7,22.88,True,1.0
2,Gurugram,1,Tomato,2024-12-23,673.2,23.16,True,1.0
2,Gurugram,1,Tomato,2024-12-24,669.6,22.6,True,1.0
2,Gurugram,1,Tomato,2024-12-25,771.6,21.72,True,1.0
2,Gurugram,1,Tomato,2024-12-26,763.8,21.32,True,1.0
2,Gurugram,1,Tomato,2024-12-27,729.4,20.74,True,1.0
2,Gurugram,1,Tomato,2024-12-28,912.5,22.33,True,1.0
2,Gurugram,1,Tomato,2024-12-29,636.6,22.24,True,1.0
2,Gurugram,1,Tomato,2024-12-30,656.1,22.8,True,1.0
2,Gurugram,1,Tomato,2024-12-31,761.5,21.63,True,1.0
2,Gurugram,1,Tomato,2025-01-01,761.0,21.75,True,1.0
2,Gurugram,1,Tomato,2025-01-02,858.9,22.42,True,1.0
2,Gurugram,1,Tomato,2025-01-03,832.1,21.91,True,1.0
2,Gurugram,1,Tomato,2025-01-04,812.0,22.4,True,1.0
2,Gurugram,1,Tomato,2025-01-05,533.9,21.4,True,1.0
2,Gurugram,1,Tomato,2025-01-06,873.0,20.55,True,1.0
2,Gurugram,1,Tomato,2025-01-07,790.7,20.98,True,1.0
2,Gurugram,1,Tomato,2025-01-08,633.1,20.81,True,1.0
2,Gurugram,1,Tomato,2025-01-09,923.0,21.29,True,1.0
2,Gurugram,1,Tomato,2025-01-10,782.9,20.05,True,1.0
2,Gurugram,1,Tomato,2025-01-11,712.7,20.75,True,1.0
2,Gurugram,1,Tomato,2025-01-12,544.1,22.42,True,1.0
2,Gurugram,1,Tomato,2025-01-13,797.4,21.94,True,1.0
2,Gurugram,1,Tomato,2025-01-14,748.3,21.63,True,1.0
2,Gurugram,1,Tomato,2025-01-15,685.1,21.49,True,1.0
2,Gurugram,1,Tomato,2025-01-16,646.1,20.17,True,1.0
2,Gurugram,1,Tomato,2025-01-17,880.2,20.58,True,1.0
2,Gurugram,1,Tomato,2025-01-18,830.1,19.69,True,1.0
2,Gurugram,1,Tomato,2025-01-19,653.8,19.73,True,1.0
2,Gurugram,1,Tomato,2025-01-20,734.7,20.7,True,1.0
2,Gurugram,1,Tomato,2025-01-21,755.5,20.23,True,1.0
2,Gurugram,1,Tomato,2025-01-22,691.1,20.6,True,1.0
2,Gurugram,1,Tomato,2025-01-23,885.6,21.17,True,1.0
2,Gurugram,1,Tomato,2025-01-24,809.3,21.11,True,1.0
2,Gurugram,1,Tomato,2025-01-25,956.7,20.09,True,1.0
2,Gurugram,1,Tomato,2025-01-26,784.7,19.98,True,1.0
2,Gurugram,1,Tomato,2025-01-27,879.0,21.24,True,1.0
2,Gurugram,1,Tomato,2025-01-28,1107.5,19.77,True,1.0
2,Gurugram,1,Tomato,2025-01-29,1408.8,19.76,True,1.0
2,Gurugram,1,Tomato,2025-01-30,960.5,19.58,True,1.0
2,Gurugram,1,Tomato,2025-01-31,1189.0,19.83,True,1.0
2,Gurugram,1,Tomato,2025-02-01,1241.9,20.36,True,1.0
2,Gurugram,1,Tomato,2025-02-02,603.4,21.24,True,1.0
2,Gurugram,1,Tomato,2025-02-03,847.1,20.73,True,1.0
2,Gurugram,1,Tomato,2025-02-04,800.9,21.02,True,1.0
2,Gurugram,1,Tomato,2025-02-05,871.1,21.02,True,1.0
2,Gurugram,1,Tomato,2025-02-06,842.5,21.0,True,1.0
2,Gurugram,1,Tomato,2025-02-07,1053.9,20.36,True,1.0
2,Gurugram,1,Tomato,2025-02-08,966.0,19.68,True,1.0
2,Gurugram,1,Tomato,2025-02-09,764.6,19.15,True,1.0
2,Gurugram,1,Tomato,2025-02-10,915.6,18.97,True,1.0
2,Gurugram,1,Tomato,2025-02-11,1273.8,19.43,True,1.0
2,Gurugram,1,Tomato,2025-02-12,1122.8,20.0,True,1.0
2,Gurugram,1,Tomato,2025-02-13,993.6,20.15,True,1.0
2,Gurugram,1,Tomato,2025-02-14,1115.2,19.76,True,1.0
2,Gurugram,1,Tomato,2025-02-15,921.9,20.84,True,1.0
2,Gurugram,1,Tomato,2025-02-16,973.4,21.45,True,1.0
2,Gurugram,1,Tomato,2025-02-17,870.0,20.74,True,1.0
2,Gurugram,1,Tomato,2025-02-18,885.5,19.99,True,1.0
2,Gurugram,1,Tomato,2025-02-19,1011.7,20.01,True,1.0
2,Gurugram,1,Tomato,2025-02-20,829.6,20.69,True,1.0
2,Gurugram,1,Tomato,2025-02-21,1018.6,20.61,True,1.0
2,Gurugram,1,Tomato,2025-02-22,1004.4,20.69,True,1.0
2,Gurugram,1,Tomato,2025-02-23,699.2,20.3,True,1.0
2,Gurugram,1,Tomato,2025-02-24,740.4,20.41,True,1.0
2,Gurugram,1,Tomato,2025-02-25,999.3,21.14,True,1.0
2,Gurugram,1,Tomato,2025-02-26,908.0,20.58,True,1.0
2,Gurugram,1,Tomato,2025-02-27,913.5,20.43,True,1.0
2,Gurugram,1,Tomato,2025-02-28,1176.6,20.38,True,1.0
2,Gurugram,1,Tomato,2025-03-01,1072.4,20.37,True,1.0
2,Gurugram,1,Tomato,2025-03-02,932.1,19.4,True,1.0
2,Gurugram,1,Tomato,2025-03-03,1060.0,18.51,True,1.0
2,Gurugram,1,Tomato,2025-03-04,982.4,18.35,True,1.0
2,Gurugram,1,Tomato,2025-03-05,921.9,18.87,True,1.0
2,Gurugram,1,Tomato,2025-03-06,1167.2,19.46,True,1.0
2,Gurugram,1,Tomato,2025-03-07,1067.0,19.29,True,1.0
2,Gurugram,1,Tomato,2025-03-08,1169.0,20.24,True,1.0
2,Gurugram,1,Tomato,2025-03-09,976.7,20.05,True,1.0
2,Gurugram,1,Tomato,2025-03-10,981.4,20.01,True,1.0
2,Gurugram,1,Tomato,2025-03-11,1012.1,19.87,True,1.0
2,Gurugram,1,Tomato,2025-03-12,1127.4,19.96,True,1.0
2,Gurugram,1,Tomato,2025-03-13,1031.3,20.37,True,1.0
2,Gurugram,1,Tomato,2025-03-14,1161.1,20.63,True,1.0
2,Gurugram,1,Tomato,2025-03-15,1523.2,19.92,True,1.0
2,Gurugram,1,Tomato,2025-03-16,883.0,20.83,True,1.0
2,Gurugram,1,Tomato,2025-03-17,1091.3,19.96,True,1.0
2,Gurugram,1,Tomato,2025-03-18,1027.5,20.03,True,1.0
2,Gurugram,1,Tomato,2025-03-19,1103.6,19.89,True,1.0
2,Gurugram,1,Tomato,2025-03-20,1055.1,19.37,True,1.0
2,Gurugram,1,Tomato,2025-03-21,1231.7,19.55,True,1.0
2,Gurugram,1,Tomato,2025-03-22,1356.1,19.32,True,1.0
2,Gurugram,1,Tomato,2025-03-23,1024.3,19.62,True,1.0
2,Gurugram,1,Tomato,2025-03-24,846.2,20.03,True,1.0
2,Gurugram,1,Tomato,2025-03-25,1290.2,20.96,True,1.0
2,Gurugram,1,Tomato,2025-03-26,890.6,20.94,True,1.0
2,Gurugram,1,Tomato,2025-03-27,1007.5,20.4,True,1.0
2,Gurugram,1,Tomato,2025-03-28,1003.3,20.16,True,1.0
2,Gurugram,1,Tomato,2025-03-29,1188.5,20.32,True,1.0
2,Gurugram,1,Tomato,2025-03-30,1029.7,20.41,True,1.0
2,Gurugram,1,Tomato,2025-03-31,1024.7,21.3,True,1.0
2,Gurugram,1,Tomato,2025-04-01,1085.6,21.92,True,1.0
2,Gurugram,1,Tomato,2025-04-02,1024.8,21.28,True,1.0
2,Gurugram,1,Tomato,2025-04-03,1088.8,20.75,True,1.0
2,Gurugram,1,Tomato,2025-04-04,971.3,19.26,True,1.0
2,Gurugram,1,Tomato,2025-04-05,1317.1,19.37,True,1.0
2,Gurugram,1,Tomato,2025-04-06,904.7,19.23,True,1.0
2,Gurugram,1,Tomato,2025-04-07,912.3,19.48,True,1.0
2,Gurugram,1,Tomato,2025-04-08,1091.7,20.1,True,1.0
2,Gurugram,1,Tomato,2025-04-09,950.2,20.43,True,1.0
2,Gurugram,1,Tomato,2025-04-10,1272.9,20.56,True,1.0
2,Gurugram,1,Tomato,2025-04-11,1331.6,20.8,True,1.0
2,Gurugram,1,Tomato,2025-04-12,1179.2,20.8,True,1.0
2,Gurugram,1,Tomato,2025-04-13,821.6,21.0,True,1.0
2,Gurugram,1,Tomato,2025-04-14,1178.2,19.18,True,1.0
2,Gurugram,1,Tomato,2025-04-15,1189.6,19.61,True,1.0
2,Gurugram,1,Tomato,2025-04-16,1119.6,20.02,True,1.0
2,Gurugram,1,Tomato,2025-04-17,1074.9,20.2,True,1.0
2,Gurugram,1,Tomato,2025-04-18,1290.0,20.41,True,1.0
2,Gurugram,1,Tomato,2025-04-19,1147.6,21.12,True,1.0
2,Gurugram,1,Tomato,2025-04-20,987.2,20.86,True,1.0
2,Gurugram,1,Tomato,2025-04-21,901.9,22.43,True,1.0
2,Gurugram,1,Tomato,2025-04-22,995.4,22.61,True,1.0
2,Gurugram,1,Tomato,2025-04-23,1877.2,22.31,True,1.0
2,Gurugram,1,Tomato,2025-04-24,1177.2,21.99,True,1.0
2,Gurugram,1,Tomato,2025-04-25,1295.2,21.87,True,1.0
2,Gurugram,1,Tomato,2025-04-26,1438.5,21.29,True,1.0
2,Gurugram,1,Tomato,2025-04-27,754.1,21.41,True,1.0
2,Gurugram,1,Tomato,2025-04-28,1080.6,21.74,True,1.0
2,Gurugram,1,Tomato,2025-04-29,1316.6,22.19,True,1.0
2,Gurugram,1,Tomato,2025-04-30,1208.1,22.52,True,1.0
2,Gurugram,1,Tomato,2025-05-01,1074.4,22.23,True,1.0
2,Gurugram,1,Tomato,2025-05-02,1512.2,21.34,True,1.0
2,Gurugram,1,Tomato,2025-05-03,1348.4,21.21,True,1.0
2,Gurugram,1,Tomato,2025-05-04,793.8,22.55,True,1.0
2,Gurugram,1,Tomato,2025-05-05,978.1,23.09,True,1.0
2,Gurugram,1,Tomato,2025-05-06,1177.8,23.15,True,1.0
2,Gurugram,1,Tomato,2025-05-07,1097.1,22.47,True,1.0
2,Gurugram,1,Tomato,2025-05-08,1221.6,22.51,True,1.0
2,Gurugram,1,Tomato,2025-05-09,1179.1,21.77,True,1.0
2,Gurugram,1,Tomato,2025-05-10,1159.5,21.71,True,1.0
2,Gurugram,1,Tomato,2025-05-11,895.7,21.88,True,1.0
2,Gurugram,1,Tomato,2025-05-12,1245.3,21.95,True,1.0
2,Gurugram,1,Tomato,2025-05-13,1138.3,22.86,True,1.0
2,Gurugram,1,Tomato,2025-05-14,1249.2,22.0,True,1.0
2,Gurugram,1,Tomato,2025-05-15,1212.7,21.78,True,1.0
2,Gurugram,1,Tomato,2025-05-16,1198.9,21.33,True,1.0
2,Gurugram,1,Tomato,2025-05-17,2043.7,21.12,True,1.0
2,Gurugram,1,Tomato,2025-05-18,1257.0,21.83,True,1.0
2,Gurugram,1,Tomato,2025-05-19,1298.8,21.29,True,1.0
2,Gurugram,1,Tomato,2025-05-20,1152.1,22.39,True,1.0
2,Gurugram,1,Tomato,2025-05-21,1286.4,22.56,True,1.0
2,Gurugram,1,Tomato,2025-05-22,1132.1,22.91,True,1.0
2,Gurugram,1,Tomato,2025-05-23,1469.4,23.35,True,1.0
2,Gurugram,1,Tomato,2025-05-24,1428.2,23.18,True,1.0
2,Gurugram,1,Tomato,2025-05-25,1008.9,24.06,True,1.0
2,Gurugram,1,Tomato,2025-05-26,1129.9,23.87,True,1.0
2,Gurugram,1,Tomato,2025-05-27,1218.6,24.31,True,1.0
2,Gurugram,1,Tomato,2025-05-28,1189.2,24.08,True,1.0
2,Gurugram,1,Tomato,2025-05-29,995.2,24.29,True,1.0
2,Gurugram,1,Tomato,2025-05-30,1373.9,24.45,True,1.0
2,Gurugram,1,Tomato,2025-05-31,1404.4,24.56,True,1.0
2,Gurugram,1,Tomato,2025-06-01,937.3,23.81,True,1.0
2,Gurugram,1,Tomato,2025-06-02,1093.8,24.28,True,1.0
2,Gurugram,1,Tomato,2025-06-03,1328.5,24.12,True,1.0
2,Gurugram,1,Tomato,2025-06-04,1139.3,24.68,True,1.0
2,Gurugram,1,Tomato,2025-06-05,1262.0,23.19,True,1.0
2,Gurugram,1,Tomato,2025-06-06,1619.9,22.65,True,1.0
2,Gurugram,1,Tomato,2025-06-07,1370.1,23.5,True,1.0
2,Gurugram,1,Tomato,2025-06-08,990.9,25.2,True,1.0
2,Gurugram,1,Tomato,2025-06-09,781.4,25.71,True,1.0
2,Gurugram,1,Tomato,2025-06-10,962.9,24.99,True,1.0
2,Gurugram,1,Tomato,2025-06-11,1074.4,23.82,True,1.0
2,Gurugram,1,Tomato,2025-06-12,1199.8,24.72,True,1.0
2,Gurugram,1,Tomato,2025-06-13,1517.9,24.79,True,1.0
2,Gurugram,1,Tomato,2025-06-14,1203.2,25.35,True,1.0
2,Gurugram,1,Tomato,2025-06-15,1028.4,25.42,True,1.0
2,Gurugram,1,Tomato,2025-06-16,943.8,25.43,True,1.0
2,Gurugram,1,Tomato,2025-06-17,879.2,27.67,True,1.0
2,Gurugram,1,Tomato,2025-06-18,930.2,27.0,True,1.0
2,Gurugram,1,Tomato,2025-06-19,1130.3,26.45,True,1.0
2,Gurugram,1,Tomato,2025-06-21,1434.0,25.56,True,1.0
2,Gurugram,1,Tomato,2025-06-22,1029.0,26.36,True,1.0
2,Gurugram,1,Tomato,2025-06-23,1314.3,25.94,True,1.0
2,Gurugram,1,Tomato,2025-06-24,910.1,26.4,True,1.0
2,Gurugram,1,Tomato,2025-06-25,1256.6,26.49,True,1.0
2,Gurugram,1,Tomato,2025-06-26,977.6,27.28,True,1.0
2,Gurugram,1,Tomato,2025-06-27,1122.5,27.25,True,1.0
2,Gurugram,1,Tomato,2025-06-28,1203.1,26.0,True,1.0
2,Gurugram,1,Tomato,2025-06-29,732.1,25.1,True,1.0
2,Gurugram,1,Tomato,2025-06-30,1106.0,26.49,True,1.0
2,Gurugram,1,Tomato,2025-07-01,1037.6,25.99,True,1.0
2,Gurugram,1,Tomato,2025-07-02,1189.1,25.15,True,1.0
2,Gurugram,1,Tomato,2025-07-03,1017.7,25.05,True,1.0
2,Gurugram,1,Tomato,2025-07-04,1101.6,26.42,True,1.0
2,Gurugram,1,Tomato,2025-07-05,1265.4,25.41,True,1.0
2,Gurugram,1,Tomato,2025-07-06,834.8,25.14,True,1.0
2,Gurugram,1,Tomato,2025-07-07,1130.8,25.11,True,1.0
2,Gurugram,1,Tomato,2025-07-08,1214.0,24.69,True,1.0
2,Gurugram,1,Tomato,2025-07-09,1096.1,24.47,True,1.0
2,Gurugram,1,Tomato,2025-07-10,1211.2,24.09,True,1.0
2,Gurugram,1,Tomato,2025-07-11,1102.2,24.58,True,1.0
2,Gurugram,1,Tomato,2025-07-12,1157.1,25.01,True,1.0
2,Gurugram,1,Tomato,2025-07-13,1061.1,25.1,True,1.0
2,Gurugram,1,Tomato,2025-07-14,1068.8,24.49,True,1.0
2,Gurugram,1,Tomato,2025-07-15,911.4,26.17,True,1.0
2,Gurugram,1,Tomato,2025-07-16,1004.8,25.47,True,1.0
2,Gurugram,1,Tomato,2025-07-17,942.4,26.19,True,1.0
2,Gurugram,1,Tomato,2025-07-18,1204.8,25.7,True,1.0
2,Gurugram,1,Tomato,2025-07-19,969.1,26.67,True,1.0
2,Gurugram,1,Tomato,2025-07-20,769.5,27.61,True,1.0
2,Gurugram,1,Tomato,2025-07-21,991.5,26.86,True,1.0
2,Gurugram,1,Tomato,2025-07-22,1142.7,25.59,True,1.0
2,Gurugram,1,Tomato,2025-07-23,1180.3,26.66,True,1.0
2,Gurugram,1,Tomato,2025-07-24,856.8,28.39,True,1.0
2,Gurugram,1,Tomato,2025-07-25,1162.2,28.47,True,1.0
2,Gurugram,1,Tomato,2025-07-26,1080.5,28.33,True,1.0
2,Gurugram,1,Tomato,2025-07-27,628.5,28.78,True,1.0
2,Gurugram,1,Tomato,2025-07-28,858.8,29.07,True,1.0
2,Gurugram,1,Tomato,2025-07-29,1226.3,27.98,True,1.0
2,Gurugram,1,Tomato,2025-07-30,937.1,27.38,True,1.0
2,Gurugram,1,Tomato,2025-07-31,887.3,27.98,True,1.0
2,Gurugram,1,Tomato,2025-08-01,902.7,27.81,True,1.0
2,Gurugram,1,Tomato,2025-08-02,1201.4,28.88,True,1.0
2,Gurugram,1,Tomato,2025-08-03,863.3,28.0,True,1.0
2,Gurugram,1,Tomato,2025-08-04,816.8,28.57,True,1.0
2,Gurugram,1,Tomato,2025-08-05,1056.4,28.65,True,1.0
2,Gurugram,1,Tomato,2025-08-06,915.9,28.33,True,1.0
2,Gurugram,1,Tomato,2025-08-07,1063.4,29.18,True,1.0
2,Gurugram,1,Tomato,2025-08-08,1141.8,29.38,True,1.0
2,Gurugram,1,Tomato,2025-08-09,979.8,28.14,True,1.0
2,Gurugram,1,Tomato,2025-08-10,728.9,28.63,True,1.0
2,Gurugram,1,Tomato,2025-08-11,929.7,29.59,True,1.0
2,Gurugram,1,Tomato,2025-08-12,1113.0,29.02,True,1.0
2,Gurugram,1,Tomato,2025-08-13,1261.6,28.53,True,1.0
2,Gurugram,1,Tomato,2025-08-14,871.9,27.86,True,1.0
2,Gurugram,1,Tomato,2025-08-15,1258.8,27.93,True,1.0
2,Gurugram,1,Tomato,2025-08-16,1270.9,28.54,True,1.0
2,Gurugram,1,Tomato,2025-08-17,890.3,27.77,True,1.0
2,Gurugram,1,Tomato,2025-08-18,753.5,26.83,True,1.0
2,Gurugram,1,Tomato,2025-08-19,986.0,26.93,True,1.0
2,Gurugram,1,Tomato,2025-08-20,895.4,26.24,True,1.0
2,Gurugram,1,Tomato,2025-08-21,894.5,27.22,True,1.0
2,Gurugram,1,Tomato,2025-08-22,991.4,27.17,True,1.0
2,Gurugram,1,Tomato,2025-08-23,1033.3,26.13,True,1.0
2,Gurugram,1,Tomato,2025-08-24,761.6,26.47,True,1.0
2,Gurugram,1,Tomato,2025-08-25,726.3,26.83,True,1.0
2,Gurugram,1,Tomato,2025-08-26,887.0,27.59,True,1.0
2,Gurugram,1,Tomato,2025-08-27,912.3,27.66,True,1.0
2,Gurugram,1,Tomato,2025-08-28,790.0,29.34,True,1.0
2,Gurugram,1,Tomato,2025-08-29,866.2,28.57,True,1.0
2,Gurugram,1,Tomato,2025-08-30,1029.0,28.41,True,1.0
2,Gurugram,1,Tomato,2025-08-31,706.9,28.26,True,1.0
2,Gurugram,1,Tomato,2025-09-01,825.8,28.01,True,1.0
2,Gurugram,1,Tomato,2025-09-02,914.7,28.18,True,1.0
2,Gurugram,1,Tomato,2025-09-03,896.2,28.62,True,1.0
2,Gurugram,1,Tomato,2025-09-05,819.6,27.87,True,1.0
2,Gurugram,1,Tomato,2025-09-06,836.0,27.55,True,1.0
2,Gurugram,1,Tomato,2025-09-07,836.7,27.37,True,1.0
2,Gurugram,1,Tomato,2025-09-08,771.8,28.34,True,1.0
2,Gurugram,1,Tomato,2025-09-09,764.2,27.98,True,1.0
2,Gurugram,1,Tomato,2025-09-10,790.2,26.54,True,1.0
2,Gurugram,1,Tomato,2025-09-11,1157.0,27.05,True,1.0
2,Gurugram,1,Tomato,2025-09-12,996.6,27.32,True,1.0
2,Gurugram,1,Tomato,2025-09-13,913.3,27.67,True,1.0
2,Gurugram,1,Tomato,2025-09-14,612.6,26.96,True,1.0
2,Gurugram,1,Tomato,2025-09-15,799.5,28.63,True,1.0
2,Gurugram,1,Tomato,2025-09-16,668.4,28.17,True,1.0
2,Gurugram,1,Tomato,2025-09-17,827.1,27.95,True,1.0
2,Gurugram,1,Tomato,2025-09-18,959.0,27.23,True,1.0
2,Gurugram,1,Tomato,2025-09-19,894.4,26.7,True,1.0
2,Gurugram,1,Tomato,2025-09-20,1010.7,26.11,True,1.0
2,Gurugram,1,Tomato,2025-09-21,776.1,26.32,True,1.0
2,Gurugram,1,Tomato,2025-09-22,897.7,26.03,True,1.0
2,Gurugram,1,Tomato,2025-09-23,634.4,28.14,True,1.0
2,Gurugram,1,Tomato,2025-09-24,916.8,26.54,True,1.0
2,Gurugram,1,Tomato,2025-09-25,897.1,26.03,True,1.0
2,Gurugram,1,Tomato,2025-09-26,798.2,26.21,True,1.0
2,Gurugram,1,Tomato,2025-09-27,784.5,27.14,True,1.0
2,Gurugram,1,Tomato,2025-09-28,658.0,26.95,True,1.0
2,Gurugram,1,Tomato,2025-09-29,725.5,27.66,True,1.0
2,Gurugram,1,Tomato,2025-09-30,655.8,26.84,True,1.0
2,Gurugram,1,Tomato,2025-10-01,679.6,27.07,True,1.0
2,Gurugram,1,Tomato,2025-10-02,612.7,28.57,True,1.0
2,Gurugram,1,Tomato,2025-10-03,979.4,27.44,True,1.0
2,Gurugram,1,Tomato,2025-10-04,1037.3,27.74,True,1.0
2,Gurugram,1,Tomato,2025-10-05,715.4,27.77,True,1.0
2,Gurugram,1,Tomato,2025-10-06,778.3,25.89,True,1.0
2,Gurugram,1,Tomato,2025-10-07,665.3,25.84,True,1.0
2,Gurugram,1,Tomato,2025-10-08,777.6,27.09,True,1.0
2,Gurugram,1,Tomato,2025-10-09,799.8,27.2,True,1.0
2,Gurugram,1,Tomato,2025-10-10,797.4,26.23,True,1.0
2,Gurugram,1,Tomato,2025-10-11,724.9,26.99,True,1.0
2,Gurugram,1,Tomato,2025-10-12,578.9,26.61,True,1.0
2,Gurugram,1,Tomato,2025-10-13,804.6,26.97,True,1.0
2,Gurugram,1,Tomato,2025-10-14,771.6,27.23,True,1.0
2,Gurugram,1,Tomato,2025-10-15,750.2,26.25,True,1.0
2,Gurugram,1,Tomato,2025-10-16,704.8,27.0,True,1.0
2,Gurugram,1,Tomato,2025-10-17,884.6,26.14,True,1.0
2,Gurugram,1,Tomato,2025-10-18,844.9,25.32,True,1.0
2,Gurugram,1,Tomato,2025-10-19,594.4,25.05,True,1.0
2,Gurugram,1,Tomato,2025-10-20,621.3,25.23,True,1.0
2,Gurugram,1,Tomato,2025-10-22,740.0,25.32,True,1.0
2,Gurugram,1,Tomato,2025-10-23,743.9,26.18,True,1.0
2,Gurugram,1,Tomato,2025-10-24,913.5,26.4,True,1.0
2,Gurugram,1,Tomato,2025-10-25,755.9,25.82,True,1.0
2,Gurugram,1,Tomato,2025-10-26,508.4,26.59,True,1.0
2,Gurugram,1,Tomato,2025-10-27,583.6,27.33,True,1.0
2,Gurugram,1,Tomato,2025-10-28,860.2,26.86,True,1.0
2,Gurugram,1,Tomato,2025-10-29,749.5,26.43,True,1.0
2,Gurugram,1,Tomato,2025-10-30,809.8,24.97,True,1.0
2,Gurugram,1,Tomato,2025-10-31,770.2,24.94,True,1.0
2,Gurugram,1,Tomato,2025-11-01,1019.2,24.97,True,1.0
2,Gurugram,1,Tomato,2025-11-02,691.0,25.37,True,1.0
2,Gurugram,1,Tomato,2025-11-03,717.6,25.33,True,1.0
2,Gurugram,1,Tomato,2025-11-04,676.8,25.58,True,1.0
2,Gurugram,1,Tomato,2025-11-05,670.9,26.7,True,1.0
2,Gurugram,1,Tomato,2025-11-06,783.6,25.92,True,1.0
2,Gurugram,1,Tomato,2025-11-07,685.5,25.4,True,1.0
2,Gurugram,1,Tomato,2025-11-08,742.7,24.44,True,1.0
2,Gurugram,1,Tomato,2025-11-09,527.4,24.67,True,1.0
2,Gurugram,1,Tomato,2025-11-10,645.3,25.52,True,1.0
2,Gurugram,1,Tomato,2025-11-11,829.2,24.15,True,1.0
2,Gurugram,1,Tomato,2025-11-12,757.2,23.95,True,1.0
2,Gurugram,1,Tomato,2025-11-13,627.3,24.27,True,1.0
2,Gurugram,1,Tomato,2025-11-14,955.6,25.05,True,1.0
2,Gurugram,1,Tomato,2025-11-15,888.8,25.26,True,1.0
2,Gurugram,1,Tomato,2025-11-16,690.1,25.34,True,1.0
2,Gurugram,1,Tomato,2025-11-17,676.7,24.97,True,1.0
2,Gurugram,1,Tomato,2025-11-18,457.2,25.2,True,1.0
2,Gurugram,1,Tomato,2025-11-19,913.4,25.73,True,1.0
2,Gurugram,1,Tomato,2025-11-20,729.2,24.14,True,1.0
2,Gurugram,1,Tomato,2025-11-21,963.5,24.72,True,1.0
2,Gurugram,1,Tomato,2025-11-22,900.2,24.53,True,1.0
2,Gurugram,1,Tomato,2025-11-23,693.7,24.07,True,1.0
2,Gurugram,1,Tomato,2025-11-24,563.8,22.48,True,1.0
2,Gurugram,1,Tomato,2025-11-25,557.3,22.06,True,1.0
2,Gurugram,1,Tomato,2025-11-26,674.7,23.76,True,1.0
2,Gurugram,1,Tomato,2025-11-27,690.6,23.35,True,1.0
2,Gurugram,1,Tomato,2025-11-28,920.9,22.79,True,1.0
2,Gurugram,1,Tomato,2025-11-29,863.6,22.79,True,1.0
2,Gurugram,1,Tomato,2025-11-30,539.8,22.58,True,1.0
2,Gurugram,1,Tomato,2025-12-01,627.8,22.98,True,1.0
2,Gurugram,1,Tomato,2025-12-02,772.8,24.19,True,1.0
2,Gurugram,1,Tomato,2025-12-03,679.3,23.59,True,1.0
2,Gurugram,1,Tomato,2025-12-04,674.2,23.65,True,1.0
2,Gurugram,1,Tomato,2025-12-05,644.9,22.81,True,1.0
2,Gurugram,1,Tomato,2025-12-06,810.0,23.97,True,1.0
2,Gurugram,1,Tomato,2025-12-07,479.2,23.88,True,1.0
2,Gurugram,1,Tomato,2025-12-08,662.8,22.94,True,1.0
2,Gurugram,1,Tomato,2025-12-09,658.6,23.59,True,1.0
2,Gurugram,1,Tomato,2025-12-10,763.7,24.23,True,1.0
2,Gurugram,1,Tomato,2025-12-11,862.4,23.95,True,1.0
2,Gurugram,1,Tomato,2025-12-12,800.7,22.54,True,1.0
2,Gurugram,1,Tomato,2025-12-13,705.2,23.81,True,1.0
2,Gurugram,1,Tomato,2025-12-14,543.2,23.69,True,1.0
2,Gurugram,1,Tomato,2025-12-15,559.8,24.17,True,1.0
2,Gurugram,1,Tomato,2025-12-16,755.5,23.32,True,1.0
2,Gurugram,1,Tomato,2025-12-17,750.3,22.82,True,1.0
2,Gurugram,1,Tomato,2025-12-18,684.4,22.79,True,1.0
2,Gurugram,1,Tomato,2025-12-19,742.7,23.4,True,1.0
2,Gurugram,1,Tomato,2025-12-20,803.9,23.17,True,1.0
2,Gurugram,1,Tomato,2025-12-21,589.9,22.09,True,1.0
2,Gurugram,1,Tomato,2025-12-22,799.0,22.29,True,1.0
2,Gurugram,1,Tomato,2025-12-23,789.3,23.3,True,1.0
2,Gurugram,1,Tomato,2025-12-24,675.6,22.97,True,1.0
2,Gurugram,1,Tomato,2025-12-25,851.1,22.76,True,1.0
2,Gurugram,1,Tomato,2025-12-26,619.9,21.72,True,1.0
2,Gurugram,1,Tomato,2025-12-27,813.4,20.91,True,1.0
2,Gurugram,1,Tomato,2025-12-28,607.6,20.8,True,1.0
2,Gurugram,1,Tomato,2025-12-29,640.2,20.88,True,1.0
2,Gurugram,1,Tomato,2025-12-30,880.8,21.19,True,1.0
2,Gurugram,1,Tomato,2025-12-31,711.0,21.42,True,1.0
2,Gurugram,1,Tomato,2026-01-01,804.9,22.46,True,1.0
2,Gurugram,1,Tomato,2026-01-02,845.9,22.21,True,1.0
2,Gurugram,1,Tomato,2026-01-03,932.1,22.65,True,1.0
2,Gurugram,1,Tomato,2026-01-04,676.2,22.24,True,1.0
2,Gurugram,1,Tomato,2026-01-05,720.0,22.89,True,1.0
2,Gurugram,1,Tomato,2026-01-06,736.1,21.23,True,1.0
2,Gurugram,1,Tomato,2026-01-07,656.3,20.87,True,1.0
2,Gurugram,1,Tomato,2026-01-08,749.7,21.55,True,1.0
2,Gurugram,1,Tomato,2026-01-09,914.0,21.32,True,1.0
2,Gurugram,1,Tomato,2026-01-10,1030.7,21.81,True,1.0
2,Gurugram,1,Tomato,2026-01-11,620.3,21.81,True,1.0
2,Gurugram,1,Tomato,2026-01-12,780.3,22.14,True,1.0
2,Gurugram,1,Tomato,2026-01-13,848.6,22.15,True,1.0
2,Gurugram,1,Tomato,2026-01-14,707.7,22.18,True,1.0
2,Gurugram,1,Tomato,2026-01-15,674.3,22.71,True,1.0
2,Gurugram,1,Tomato,2026-01-16,677.2,22.74,True,1.0
2,Gurugram,1,Tomato,2026-01-17,844.4,22.75,True,1.0
2,Gurugram,1,Tomato,2026-01-18,772.0,22.12,True,1.0
2,Gurugram,1,Tomato,2026-01-19,844.5,21.31,True,1.0
2,Gurugram,1,Tomato,2026-01-20,861.6,20.7,True,1.0
2,Gurugram,1,Tomato,2026-01-21,838.3,21.1,True,1.0
2,Gurugram,1,Tomato,2026-01-22,877.7,19.51,True,1.0
2,Gurugram,1,Tomato,2026-01-23,807.3,19.07,True,1.0
2,Gurugram,1,Tomato,2026-01-24,973.1,18.94,True,1.0
2,Gurugram,1,Tomato,2026-01-25,839.4,19.23,True,1.0
2,Gurugram,1,Tomato,2026-01-26,815.5,18.14,True,1.0
2,Gurugram,1,Tomato,2026-01-27,792.8,19.46,True,1.0
2,Gurugram,1,Tomato,2026-01-28,756.1,20.04,True,1.0
2,Gurugram,1,Tomato,2026-01-29,841.8,21.28,True,1.0
2,Gurugram,1,Tomato,2026-01-30,1154.0,21.6,True,1.0
2,Gurugram,1,Tomato,2026-01-31,960.9,21.8,True,1.0
2,Gurugram,1,Tomato,2026-02-01,760.2,22.71,True,1.0
2,Gurugram,1,Tomato,2026-02-02,915.7,21.55,True,1.0
2,Gurugram,1,Tomato,2026-02-03,891.6,20.22,True,1.0
2,Gurugram,1,Tomato,2026-02-04,871.0,20.04,True,1.0
2,Gurugram,1,Tomato,2026-02-05,900.8,19.58,True,1.0
2,Gurugram,1,Tomato,2026-02-06,873.4,19.57,True,1.0
2,Gurugram,1,Tomato,2026-02-07,828.1,19.11,True,1.0
2,Gurugram,1,Tomato,2026-02-08,846.9,19.69,True,1.0
2,Gurugram,1,Tomato,2026-02-09,782.1,20.06,True,1.0
2,Gurugram,1,Tomato,2026-02-10,1108.5,20.01,True,1.0
2,Gurugram,1,Tomato,2026-02-11,1011.8,20.16,True,1.0
2,Gurugram,1,Tomato,2026-02-12,949.3,20.0,True,1.0
2,Gurugram,1,Tomato,2026-02-13,1137.3,20.4,True,1.0
2,Gurugram,1,Tomato,2026-02-14,936.3,20.28,True,1.0
2,Gurugram,1,Tomato,2026-02-15,802.3,20.0,True,1.0
2,Gurugram,1,Tomato,2026-02-16,898.9,20.49,True,1.0
2,Gurugram,1,Tomato,2026-02-17,992.3,21.04,True,1.0
2,Gurugram,1,Tomato,2026-02-18,870.6,21.47,True,1.0
2,Gurugram,1,Tomato,2026-02-19,783.1,20.38,True,1.0
2,Gurugram,1,Tomato,2026-02-20,892.3,19.9,True,1.0
2,Gurugram,1,Tomato,2026-02-21,1457.6,18.93,True,1.0
2,Gurugram,1,Tomato,2026-02-22,748.8,19.06,True,1.0
2,Gurugram,1,Tomato,2026-02-23,719.5,19.51,True,1.0
2,Gurugram,1,Tomato,2026-02-24,978.3,19.52,True,1.0
2,Gurugram,1,Tomato,2026-02-25,767.1,20.71,True,1.0
2,Gurugram,1,Tomato,2026-02-26,963.5,20.2,True,1.0
2,Gurugram,1,Tomato,2026-02-27,1033.2,19.46,True,1.0
2,Gurugram,1,Tomato,2026-02-28,1107.0,19.88,True,1.0
2,Gurugram,1,Tomato,2026-03-01,763.6,19.94,True,1.0
2,Gurugram,1,Tomato,2026-03-02,896.6,20.22,True,1.0
2,Gurugram,1,Tomato,2026-03-03,976.5,20.27,True,1.0
2,Gurugram,1,Tomato,2026-03-04,1080.6,20.28,True,1.0
2,Gurugram,1,Tomato,2026-03-05,1134.1,18.96,True,1.0
2,Gurugram,1,Tomato,2026-03-06,1072.5,18.82,True,1.0
2,Gurugram,1,Tomato,2026-03-07,1285.9,18.81,True,1.0
2,Gurugram,1,Tomato,2026-03-08,971.4,18.93,True,1.0
2,Gurugram,1,Tomato,2026-03-09,1286.2,18.96,True,1.0
2,Gurugram,1,Tomato,2026-03-11,1232.9,19.94,True,1.0
2,Gurugram,1,Tomato,2026-03-12,966.4,19.3,True,1.0
2,Gurugram,1,Tomato,2026-03-13,1191.3,19.88,True,1.0
2,Gurugram,1,Tomato,2026-03-14,1091.5,20.24,True,1.0
2,Gurugram,1,Tomato,2026-03-15,789.9,20.43,True,1.0
2,Gurugram,1,Tomato,2026-03-16,807.3,19.5,True,1.0
2,Gurugram,1,Tomato,2026-03-17,1002.7,19.91,True,1.0
2,Gurugram,1,Tomato,2026-03-18,1040.0,20.0,True,1.0
2,Gurugram,1,Tomato,2026-03-19,878.4,20.58,True,1.0
2,Gurugram,1,Tomato,2026-03-20,958.6,21.51,True,1.0
2,Gurugram,1,Tomato,2026-03-21,991.5,22.07,True,1.0
2,Gurugram,1,Tomato,2026-03-22,757.6,21.55,True,1.0
2,Gurugram,1,Tomato,2026-03-23,802.7,21.13,True,1.0
2,Gurugram,1,Tomato,2026-03-24,1103.1,21.24,True,1.0
2,Gurugram,1,Tomato,2026-03-25,1073.9,20.28,True,1.0
2,Gurugram,1,Tomato,2026-03-26,1018.1,19.46,True,1.0
2,Gurugram,1,Tomato,2026-03-27,1171.1,19.46,True,1.0
2,Gurugram,1,Tomato,2026-03-28,1437.3,20.42,True,1.0
2,Gurugram,1,Tomato,2026-03-29,917.1,20.23,True,1.0
2,Gurugram,1,Tomato,2026-03-30,1237.9,21.18,True,1.0
2,Gurugram,1,Tomato,2026-03-31,1105.4,19.36,True,1.0
2,Gurugram,1,Tomato,2026-04-01,1350.5,18.83,True,1.0
2,Gurugram,1,Tomato,2026-04-02,951.1,19.26,True,1.0
2,Gurugram,1,Tomato,2026-04-03,1162.4,20.16,True,1.0
2,Gurugram,1,Tomato,2026-04-04,1253.3,20.27,True,1.0
2,Gurugram,1,Tomato,2026-04-05,1060.5,20.34,True,1.0
2,Gurugram,1,Tomato,2026-04-06,1004.9,20.38,True,1.0
2,Gurugram,1,Tomato,2026-04-07,1225.0,19.5,True,1.0
2,Gurugram,1,Tomato,2026-04-08,1137.2,20.56,True,1.0
2,Gurugram,1,Tomato,2026-04-09,1409.9,20.25,True,1.0
2,Gurugram,1,Tomato,2026-04-10,1796.8,21.1,True,1.0
2,Gurugram,1,Tomato,2026-04-11,1458.4,21.02,True,1.0
2,Gurugram,1,Tomato,2026-04-12,855.3,21.67,True,1.0
2,Gurugram,1,Tomato,2026-04-13,1058.4,21.7,True,1.0
2,Gurugram,1,Tomato,2026-04-14,906.4,21.47,True,1.0
2,Gurugram,1,Tomato,2026-04-15,1153.0,21.52,True,1.0
2,Gurugram,1,Tomato,2026-04-16,1086.6,20.55,True,1.0
2,Gurugram,1,Tomato,2026-04-17,1274.3,20.77,True,1.0
2,Gurugram,1,Tomato,2026-04-18,1290.4,22.0,True,1.0
2,Gurugram,1,Tomato,2026-04-19,850.3,22.65,True,1.0
2,Gurugram,1,Tomato,2026-04-20,1107.9,21.67,True,1.0
2,Gurugram,1,Tomato,2026-04-21,1387.1,21.94,True,1.0
2,Gurugram,1,Tomato,2026-04-22,1793.1,21.99,True,1.0
2,Gurugram,1,Tomato,2026-04-23,1344.8,22.4,True,1.0
2,Gurugram,1,Tomato,2026-04-24,1286.8,22.25,True,1.0
2,Gurugram,1,Tomato,2026-04-25,1352.7,21.95,True,1.0
2,Gurugram,1,Tomato,2026-04-26,847.5,22.76,True,1.0
2,Gurugram,1,Tomato,2026-04-27,954.2,22.63,True,1.0
2,Gurugram,1,Tomato,2026-04-28,1012.6,23.24,True,1.0
2,Gurugram,1,Tomato,2026-04-29,1252.7,23.51,True,1.0
2,Gurugram,1,Tomato,2026-04-30,1393.5,22.86,True,1.0
2,Gurugram,1,Tomato,2026-05-01,1460.5,22.53,True,1.0
2,Gurugram,1,Tomato,2026-05-02,1584.6,23.7,True,1.0
2,Gurugram,1,Tomato,2026-05-03,708.1,23.39,True,1.0
2,Gurugram,1,Tomato,2026-05-04,966.5,22.58,True,1.0
2,Gurugram,1,Tomato,2026-05-05,1146.3,21.76,True,1.0
2,Gurugram,1,Tomato,2026-05-06,1184.2,22.59,True,1.0
2,Gurugram,1,Tomato,2026-05-07,1327.4,22.68,True,1.0
2,Gurugram,1,Tomato,2026-05-08,1132.0,22.15,True,1.0
2,Gurugram,1,Tomato,2026-05-09,1132.3,22.74,True,1.0
2,Gurugram,1,Tomato,2026-05-10,1333.9,22.84,True,1.0
2,Gurugram,1,Tomato,2026-05-11,1046.6,21.78,True,1.0
2,Gurugram,1,Tomato,2026-05-12,1217.9,22.48,True,1.0
2,Gurugram,1,Tomato,2026-05-13,1272.2,23.5,True,1.0
2,Gurugram,1,Tomato,2026-05-14,950.5,25.12,True,1.0
2,Gurugram,1,Tomato,2026-05-15,1135.4,24.52,True,1.0
2,Gurugram,1,Tomato,2026-05-16,1230.8,24.27,True,1.0
2,Gurugram,1,Tomato,2026-05-17,955.2,25.08,True,1.0
2,Gurugram,1,Tomato,2026-05-18,925.2,24.65,True,1.0
2,Gurugram,1,Tomato,2026-05-19,935.1,24.45,True,1.0
2,Gurugram,1,Tomato,2026-05-20,1172.5,23.72,True,1.0
2,Gurugram,1,Tomato,2026-05-21,1806.0,22.73,True,1.0
2,Gurugram,1,Tomato,2026-05-22,1224.0,23.59,True,1.0
2,Gurugram,1,Tomato,2026-05-23,1421.5,22.77,True,1.0
2,Gurugram,1,Tomato,2026-05-25,1054.4,23.29,True,1.0
2,Gurugram,1,Tomato,2026-05-26,1324.3,23.64,True,1.0
2,Gurugram,1,Tomato,2026-05-27,1150.8,23.48,True,1.0
2,Gurugram,1,Tomato,2026-05-28,1108.6,24.45,True,1.0
2,Gurugram,1,Tomato,2026-05-29,1249.8,24.55,True,1.0
2,Gurugram,1,Tomato,2026-05-30,1305.3,25.84,True,1.0
2,Gurugram,1,Tomato,2026-05-31,1016.1,24.58,True,1.0
2,Gurugram,1,Tomato,2026-06-01,1062.9,24.79,True,1.0
2,Gurugram,1,Tomato,2026-06-02,913.0,24.7,True,1.0
2,Gurugram,1,Tomato,2026-06-03,1174.3,24.83,True,1.0
2,Gurugram,1,Tomato,2026-06-04,1055.5,25.89,True,1.0
2,Gurugram,1,Tomato,2026-06-05,992.7,25.93,True,1.0
2,Gurugram,1,Tomato,2026-06-06,1279.6,24.72,True,1.0
2,Gurugram,1,Tomato,2026-06-07,944.6,25.11,True,1.0
2,Gurugram,1,Tomato,2026-06-08,1177.9,24.72,True,1.0
2,Gurugram,1,Tomato,2026-06-09,1080.4,24.44,True,1.0
2,Gurugram,1,Tomato,2026-06-10,1209.5,25.34,True,1.0
2,Gurugram,1,Tomato,2026-06-11,1333.1,24.81,True,1.0
2,Gurugram,1,Tomato,2026-06-12,1414.1,24.63,True,1.0
2,Gurugram,1,Tomato,2026-06-13,1587.5,24.81,True,1.0
2,Gurugram,1,Tomato,2026-06-14,967.3,25.62,True,1.0
2,Gurugram,1,Tomato,2026-06-15,955.3,25.95,True,1.0
2,Gurugram,1,Tomato,2026-06-16,1311.1,25.61,True,1.0
2,Gurugram,1,Tomato,2026-06-17,1032.2,25.36,True,1.0
2,Gurugram,1,Tomato,2026-06-18,1260.4,24.58,True,1.0
2,Gurugram,1,Tomato,2026-06-19,1053.6,24.34,True,1.0
2,Gurugram,1,Tomato,2026-06-20,1322.1,24.26,True,1.0
2,Gurugram,1,Tomato,2026-06-21,1071.4,24.58,True,1.0
2,Gurugram,1,Tomato,2026-06-22,1046.5,26.39,True,1.0
2,Gurugram,1,Tomato,2026-06-23,1363.7,25.72,True,1.0
2,Gurugram,1,Tomato,2026-06-24,1191.7,25.56,True,1.0
2,Gurugram,1,Tomato,2026-06-25,1205.0,24.22,True,1.0
2,Gurugram,1,Tomato,2026-06-26,905.9,25.18,True,1.0
2,Gurugram,1,Tomato,2026-06-27,1277.2,24.33,True,1.0
2,Gurugram,1,Tomato,2026-06-28,881.5,24.23,True,1.0
2,Gurugram,1,Tomato,2026-06-29,880.1,25.56,True,1.0
2,Gurugram,1,Tomato,2026-06-30,1053.5,24.27,True,1.0
2,Gurugram,1,Tomato,2026-07-01,998.6,24.94,True,1.0
2,Gurugram,1,Tomato,2026-07-02,1098.3,25.96,True,1.0
2,Gurugram,1,Tomato,2026-07-03,1118.7,27.27,True,1.0
2,Gurugram,1,Tomato,2026-07-04,1532.2,26.34,True,1.0
2,Gurugram,1,Tomato,2026-07-05,814.8,25.95,True,1.0
2,Gurugram,1,Tomato,2026-07-06,1260.9,27.53,True,1.0
2,Gurugram,1,Tomato,2026-07-07,1233.3,27.26,True,1.0
2,Gurugram,1,Tomato,2026-07-08,1014.5,26.54,True,1.0
2,Gurugram,1,Tomato,2026-07-09,1161.6,26.08,True,1.0
2,Gurugram,1,Tomato,2026-07-10,961.4,25.59,True,1.0
2,Gurugram,1,Tomato,2026-07-11,1437.2,25.65,True,1.0
2,Gurugram,1,Tomato,2026-07-12,854.8,26.86,True,1.0
2,Gurugram,1,Tomato,2026-07-13,1155.9,27.59,True,1.0
2,Gurugram,1,Tomato,2026-07-14,1097.0,26.53,True,1.0
2,Gurugram,1,Tomato,2026-07-15,1261.5,26.86,True,1.0
2,Gurugram,1,Tomato,2026-07-16,1061.5,26.64,True,1.0
2,Gurugram,1,Tomato,2026-07-17,1081.7,27.42,True,1.0
2,Gurugram,1,Tomato,2026-07-18,1256.8,27.24,True,1.0
2,Gurugram,1,Tomato,2026-07-19,909.5,27.55,True,1.0
2,Gurugram,1,Tomato,2026-07-20,1257.9,27.36,True,1.0
2,Gurugram,1,Tomato,2026-07-21,1210.9,25.71,True,1.0
2,Gurugram,1,Tomato,2026-07-22,1248.4,26.25,True,1.0
2,Gurugram,1,Tomato,2026-07-23,1120.1,25.66,True,1.0
2,Gurugram,1,Tomato,2026-07-24,1239.7,26.77,True,1.0
2,Gurugram,1,Tomato,2026-07-25,1254.5,26.48,True,1.0
2,Gurugram,1,Tomato,2026-07-26,1009.0,26.35,True,1.0
2,Gurugram,1,Tomato,2026-07-27,954.8,26.72,True,1.0
2,Gurugram,1,Tomato,2026-07-28,1100.8,27.44,True,1.0
2,Gurugram,1,Tomato,2026-07-29,1275.0,27.39,True,1.0
2,Gurugram,1,Tomato,2026-07-30,912.1,28.81,True,1.0
2,Gurugram,1,Tomato,2026-07-31,813.2,29.86,True,1.0
2,Gurugram,1,Tomato,2026-08-01,1247.5,30.69,True,1.0
2,Gurugram,1,Tomato,2026-08-02,772.7,29.6,True,1.0
2,Gurugram,1,Tomato,2026-08-03,811.2,27.86,True,1.0
2,Gurugram,1,Tomato,2026-08-04,953.4,28.86,True,1.0
2,Gurugram,1,Tomato,2026-08-05,874.3,28.23,True,1.0
2,Gurugram,1,Tomato,2026-08-06,1216.1,28.17,True,1.0
2,Gurugram,1,Tomato,2026-08-07,1120.1,28.62,True,1.0
2,Gurugram,1,Tomato,2026-08-08,891.7,27.15,True,1.0
2,Gurugram,1,Tomato,2026-08-09,746.4,28.71,True,1.0
2,Gurugram,1,Tomato,2026-08-10,767.0,29.23,True,1.0
2,Gurugram,1,Tomato,2026-08-11,1006.2,29.16,True,1.0
2,Gurugram,1,Tomato,2026-08-12,1308.7,29.57,True,1.0
2,Gurugram,1,Tomato,2026-08-13,936.1,29.58,True,1.0
2,Gurugram,1,Tomato,2026-08-14,1193.7,29.23,True,1.0
2,Gurugram,1,Tomato,2026-08-15,1246.4,28.64,True,1.0
2,Gurugram,1,Tomato,2026-08-16,782.3,27.89,True,1.0
2,Gurugram,1,Tomato,2026-08-17,909.1,28.2,True,1.0
2,Gurugram,1,Tomato,2026-08-18,934.2,28.48,True,1.0
2,Gurugram,1,Tomato,2026-08-19,994.2,29.27,True,1.0
2,Gurugram,1,Tomato,2026-08-20,892.5,29.11,True,1.0
2,Gurugram,1,Tomato,2026-08-21,1088.4,28.13,True,1.0
2,Gurugram,1,Tomato,2026-08-22,1064.7,26.91,True,1.0
2,Gurugram,1,Tomato,2026-08-23,880.6,27.19,True,1.0
2,Gurugram,1,Tomato,2026-08-24,781.6,27.47,True,1.0
2,Gurugram,1,Tomato,2026-08-25,1044.5,27.61,True,1.0
2,Gurugram,1,Tomato,2026-08-26,902.2,26.6,True,1.0
2,Gurugram,1,Tomato,2026-08-27,969.3,27.91,True,1.0
2,Gurugram,1,Tomato,2026-08-28,1229.6,28.87,True,1.0
2,Gurugram,1,Tomato,2026-08-29,894.9,28.0,True,1.0
2,Gurugram,1,Tomato,2026-08-30,792.6,28.72,True,1.0
2,Gurugram,1,Tomato,2026-08-31,1029.7,29.35,True,1.0
2,Gurugram,1,Tomato,2026-09-01,1035.5,26.4,True,1.0
2,Gurugram,1,Tomato,2026-09-02,816.3,26.4,True,1.0
2,Gurugram,1,Tomato,2026-09-03,823.7,26.4,True,1.0
2,Gurugram,1,Tomato,2026-09-04,929.8,26.4,True,1.0
2,Gurugram,1,Tomato,2026-09-05,1127.8,26.4,True,1.0
2,Gurugram,1,Tomato,2026-09-06,901.2,26.4,True,1.0
2,Gurugram,1,Tomato,2026-09-07,943.0,26.4,True,1.0
2,Gurugram,1,Tomato,2026-09-08,944.8,26.4,True,1.0
2,Gurugram,1,Tomato,2026-09-09,755.8,26.4,True,1.0
2,Gurugram,1,Tomato,2026-09-10,1062.1,26.4,True,1.0
2,Gurugram,1,Tomato,2026-09-11,891.9,26.4,True,1.0
2,Gurugram,1,Tomato,2026-09-12,939.5,26.4,True,1.0
2,Gurugram,1,Tomato,2026-09-13,662.5,26.4,True,1.0
2,Gurugram,1,Tomato,2026-09-14,889.0,26.4,True,1.0
2,Gurugram,1,Tomato,2026-09-15,772.6,26.4,True,1.0
2,Gurugram,1,Tomato,2026-09-16,732.5,26.4,True,1.0
2,Gurugram,1,Tomato,2026-09-17,939.7,26.4,True,1.0
2,Gurugram,1,Tomato,2026-09-18,882.7,26.4,True,1.0
2,Gurugram,1,Tomato,2026-09-19,989.2,26.4,True,1.0
2,Gurugram,1,Tomato,2026-09-20,621.4,26.4,True,1.0
2,Gurugram,1,Tomato,2026-09-21,738.1,26.4,True,1.0
2,Gurugram,1,Tomato,2026-09-22,795.4,26.4,True,1.0
2,Gurugram,1,Tomato,2026-09-23,1044.5,26.4,True,1.0
2,Gurugram,1,Tomato,2026-09-24,797.8,26.4,True,1.0
2,Gurugram,1,Tomato,2026-09-25,1066.2,26.4,True,1.0
2,Gurugram,1,Tomato,2026-09-26,1038.7,26.4,True,1.0
2,Gurugram,1,Tomato,2026-09-27,617.1,26.4,True,1.0
2,Gurugram,1,Tomato,2026-09-28,907.4,26.4,True,1.0
2,Gurugram,1,Tomato,2026-09-29,741.2,26.4,True,1.0
2,Gurugram,1,Tomato,2026-09-30,845.8,26.4,True,1.0
2,Gurugram,2,Onion,2024-10-01,1218.9,23.86,True,1.0
2,Gurugram,2,Onion,2024-10-02,1609.3,26.51,True,1.0
2,Gurugram,2,Onion,2024-10-03,1683.6,25.49,True,1.0
2,Gurugram,2,Onion,2024-10-04,2008.0,25.06,True,1.0
2,Gurugram,2,Onion,2024-10-05,1894.0,23.13,True,1.0
2,Gurugram,2,Onion,2024-10-06,1409.9,24.2,True,1.0
2,Gurugram,2,Onion,2024-10-07,1467.1,23.82,True,1.0
2,Gurugram,2,Onion,2024-10-08,1298.3,23.9,True,1.0
2,Gurugram,2,Onion,2024-10-09,1552.5,23.64,True,1.0
2,Gurugram,2,Onion,2024-10-10,1607.2,23.72,True,1.0
2,Gurugram,2,Onion,2024-10-11,1686.2,23.68,True,1.0
2,Gurugram,2,Onion,2024-10-12,1601.4,23.82,True,1.0
2,Gurugram,2,Onion,2024-10-13,1309.4,23.92,True,1.0
2,Gurugram,2,Onion,2024-10-15,1423.2,23.91,True,1.0
2,Gurugram,2,Onion,2024-10-16,1199.0,24.94,True,1.0
2,Gurugram,2,Onion,2024-10-17,1769.6,25.37,True,1.0
2,Gurugram,2,Onion,2024-10-18,1746.7,25.69,True,1.0
2,Gurugram,2,Onion,2024-10-19,1621.6,24.74,True,1.0
2,Gurugram,2,Onion,2024-10-20,1275.9,25.51,True,1.0
2,Gurugram,2,Onion,2024-10-21,1396.8,25.97,True,1.0
2,Gurugram,2,Onion,2024-10-22,1346.4,25.06,True,1.0
2,Gurugram,2,Onion,2024-10-23,1341.8,25.94,True,1.0
2,Gurugram,2,Onion,2024-10-24,1464.9,24.95,True,1.0
2,Gurugram,2,Onion,2024-10-25,1720.6,23.49,True,1.0
2,Gurugram,2,Onion,2024-10-26,1631.4,24.49,True,1.0
2,Gurugram,2,Onion,2024-10-27,1197.5,24.35,True,1.0
2,Gurugram,2,Onion,2024-10-28,1489.3,25.03,True,1.0
2,Gurugram,2,Onion,2024-10-29,1301.1,24.28,True,1.0
2,Gurugram,2,Onion,2024-10-30,1392.3,23.43,True,1.0
2,Gurugram,2,Onion,2024-10-31,1390.7,24.53,True,1.0
2,Gurugram,2,Onion,2024-11-01,1393.2,23.5,True,1.0
2,Gurugram,2,Onion,2024-11-02,1612.9,22.7,True,1.0
2,Gurugram,2,Onion,2024-11-04,1255.6,20.87,True,1.0
2,Gurugram,2,Onion,2024-11-05,1301.8,21.2,True,1.0
2,Gurugram,2,Onion,2024-11-06,1285.9,20.75,True,1.0
2,Gurugram,2,Onion,2024-11-07,1513.4,21.72,True,1.0
2,Gurugram,2,Onion,2024-11-08,1657.6,21.06,True,1.0
2,Gurugram,2,Onion,2024-11-09,1396.1,21.29,True,1.0
2,Gurugram,2,Onion,2024-11-10,993.5,23.66,True,1.0
2,Gurugram,2,Onion,2024-11-11,989.5,24.06,True,1.0
2,Gurugram,2,Onion,2024-11-12,1396.1,24.14,True,1.0
2,Gurugram,2,Onion,2024-11-13,1111.0,23.06,True,1.0
2,Gurugram,2,Onion,2024-11-14,1568.4,23.23,True,1.0
2,Gurugram,2,Onion,2024-11-15,1584.6,23.54,True,1.0
2,Gurugram,2,Onion,2024-11-16,1335.0,22.66,True,1.0
2,Gurugram,2,Onion,2024-11-17,1010.5,23.17,True,1.0
2,Gurugram,2,Onion,2024-11-18,1184.0,24.26,True,1.0
2,Gurugram,2,Onion,2024-11-19,1527.4,23.98,True,1.0
2,Gurugram,2,Onion,2024-11-20,1206.9,23.87,True,1.0
2,Gurugram,2,Onion,2024-11-21,1227.8,22.58,True,1.0
2,Gurugram,2,Onion,2024-11-22,1390.0,22.11,True,1.0
2,Gurugram,2,Onion,2024-11-23,1441.3,23.36,True,1.0
2,Gurugram,2,Onion,2024-11-24,1081.9,23.11,True,1.0
2,Gurugram,2,Onion,2024-11-25,1194.0,22.76,True,1.0
2,Gurugram,2,Onion,2024-11-26,1386.1,22.66,True,1.0
2,Gurugram,2,Onion,2024-11-27,1184.0,23.0,True,1.0
2,Gurugram,2,Onion,2024-11-28,1433.2,22.52,True,1.0
2,Gurugram,2,Onion,2024-11-29,1517.9,23.01,True,1.0
2,Gurugram,2,Onion,2024-11-30,1464.0,22.38,True,1.0
2,Gurugram,2,Onion,2024-12-01,894.9,23.33,True,1.0
2,Gurugram,2,Onion,2024-12-02,1205.7,22.78,True,1.0
2,Gurugram,2,Onion,2024-12-03,1363.7,23.97,True,1.0
2,Gurugram,2,Onion,2024-12-04,1237.6,23.91,True,1.0
2,Gurugram,2,Onion,2024-12-05,1126.2,23.29,True,1.0
2,Gurugram,2,Onion,2024-12-06,1270.5,24.04,True,1.0
2,Gurugram,2,Onion,2024-12-07,1581.7,23.02,True,1.0
2,Gurugram,2,Onion,2024-12-08,1055.6,22.86,True,1.0
2,Gurugram,2,Onion,2024-12-09,1496.5,23.09,True,1.0
2,Gurugram,2,Onion,2024-12-10,1087.0,23.17,True,1.0
2,Gurugram,2,Onion,2024-12-11,1160.1,22.0,True,1.0
2,Gurugram,2,Onion,2024-12-12,1432.6,21.88,True,1.0
2,Gurugram,2,Onion,2024-12-13,1054.6,22.47,True,1.0
2,Gurugram,2,Onion,2024-12-14,1846.0,21.93,True,1.0
2,Gurugram,2,Onion,2024-12-15,956.2,23.21,True,1.0
2,Gurugram,2,Onion,2024-12-16,1123.1,23.61,True,1.0
2,Gurugram,2,Onion,2024-12-17,1462.7,23.21,True,1.0
2,Gurugram,2,Onion,2024-12-18,1065.7,23.12,True,1.0
2,Gurugram,2,Onion,2024-12-19,1231.3,24.45,True,1.0
2,Gurugram,2,Onion,2024-12-20,1123.3,24.76,True,1.0
2,Gurugram,2,Onion,2024-12-21,1395.3,24.57,True,1.0
2,Gurugram,2,Onion,2024-12-22,1070.2,23.21,True,1.0
2,Gurugram,2,Onion,2024-12-23,1021.2,24.32,True,1.0
2,Gurugram,2,Onion,2024-12-24,1263.7,24.71,True,1.0
2,Gurugram,2,Onion,2024-12-25,954.5,24.13,True,1.0
2,Gurugram,2,Onion,2024-12-26,1430.4,23.45,True,1.0
2,Gurugram,2,Onion,2024-12-27,1149.7,23.21,True,1.0
2,Gurugram,2,Onion,2024-12-28,1355.8,22.38,True,1.0
2,Gurugram,2,Onion,2024-12-29,1265.9,22.27,True,1.0
2,Gurugram,2,Onion,2024-12-30,1073.5,22.97,True,1.0
2,Gurugram,2,Onion,2024-12-31,1197.3,21.81,True,1.0
2,Gurugram,2,Onion,2025-01-01,1461.9,21.96,True,1.0
2,Gurugram,2,Onion,2025-01-02,1194.6,22.31,True,1.0
2,Gurugram,2,Onion,2025-01-03,1289.0,22.54,True,1.0
2,Gurugram,2,Onion,2025-01-04,1357.1,21.87,True,1.0
2,Gurugram,2,Onion,2025-01-05,900.4,21.41,True,1.0
2,Gurugram,2,Onion,2025-01-07,824.8,21.78,True,1.0
2,Gurugram,2,Onion,2025-01-08,1176.4,22.69,True,1.0
2,Gurugram,2,Onion,2025-01-09,1342.6,22.36,True,1.0
2,Gurugram,2,Onion,2025-01-10,1506.1,23.13,True,1.0
2,Gurugram,2,Onion,2025-01-11,1246.8,22.68,True,1.0
2,Gurugram,2,Onion,2025-01-12,972.2,21.89,True,1.0
2,Gurugram,2,Onion,2025-01-13,1251.7,22.61,True,1.0
2,Gurugram,2,Onion,2025-01-14,1210.9,22.55,True,1.0
2,Gurugram,2,Onion,2025-01-15,1196.8,23.45,True,1.0
2,Gurugram,2,Onion,2025-01-16,1551.6,23.72,True,1.0
2,Gurugram,2,Onion,2025-01-17,1392.9,23.14,True,1.0
2,Gurugram,2,Onion,2025-01-18,1456.0,22.58,True,1.0
2,Gurugram,2,Onion,2025-01-19,1122.3,22.5,True,1.0
2,Gurugram,2,Onion,2025-01-20,1202.6,22.53,True,1.0
2,Gurugram,2,Onion,2025-01-21,1215.2,21.86,True,1.0
2,Gurugram,2,Onion,2025-01-22,1157.8,22.47,True,1.0
2,Gurugram,2,Onion,2025-01-23,1224.7,22.1,True,1.0
2,Gurugram,2,Onion,2025-01-24,1446.7,21.82,True,1.0
2,Gurugram,2,Onion,2025-01-25,1175.3,21.54,True,1.0
2,Gurugram,2,Onion,2025-01-26,1005.0,21.81,True,1.0
2,Gurugram,2,Onion,2025-01-27,1052.5,21.41,True,1.0
2,Gurugram,2,Onion,2025-01-28,1571.3,21.64,True,1.0
2,Gurugram,2,Onion,2025-01-29,1100.5,23.48,True,1.0
2,Gurugram,2,Onion,2025-01-30,1351.3,22.93,True,1.0
2,Gurugram,2,Onion,2025-01-31,1737.4,22.3,True,1.0
2,Gurugram,2,Onion,2025-02-01,1568.4,21.09,True,1.0
2,Gurugram,2,Onion,2025-02-02,837.5,21.3,True,1.0
2,Gurugram,2,Onion,2025-02-03,1050.0,20.74,True,1.0
2,Gurugram,2,Onion,2025-02-04,1160.5,20.77,True,1.0
2,Gurugram,2,Onion,2025-02-05,1588.5,21.1,True,1.0
2,Gurugram,2,Onion,2025-02-06,1058.6,20.2,True,1.0
2,Gurugram,2,Onion,2025-02-07,1187.3,20.67,True,1.0
2,Gurugram,2,Onion,2025-02-09,1020.4,20.41,True,1.0
2,Gurugram,2,Onion,2025-02-10,1212.5,20.47,True,1.0
2,Gurugram,2,Onion,2025-02-11,1302.5,19.67,True,1.0
2,Gurugram,2,Onion,2025-02-12,1263.0,21.07,True,1.0
2,Gurugram,2,Onion,2025-02-13,1505.9,21.33,True,1.0
2,Gurugram,2,Onion,2025-02-14,1301.7,21.19,True,1.0
2,Gurugram,2,Onion,2025-02-15,1405.0,21.09,True,1.0
2,Gurugram,2,Onion,2025-02-16,925.1,21.8,True,1.0
2,Gurugram,2,Onion,2025-02-17,1250.2,21.53,True,1.0
2,Gurugram,2,Onion,2025-02-18,1115.0,21.6,True,1.0
2,Gurugram,2,Onion,2025-02-19,1087.5,22.38,True,1.0
2,Gurugram,2,Onion,2025-02-20,980.7,21.74,True,1.0
2,Gurugram,2,Onion,2025-02-22,1377.4,20.38,True,1.0
2,Gurugram,2,Onion,2025-02-23,1094.3,21.39,True,1.0
2,Gurugram,2,Onion,2025-02-24,1112.8,21.29,True,1.0
2,Gurugram,2,Onion,2025-02-25,1328.3,20.85,True,1.0
2,Gurugram,2,Onion,2025-02-26,1116.8,21.42,True,1.0
2,Gurugram,2,Onion,2025-02-27,1318.2,21.83,True,1.0
2,Gurugram,2,Onion,2025-02-28,1376.6,21.2,True,1.0
2,Gurugram,2,Onion,2025-03-01,1479.9,20.47,True,1.0
2,Gurugram,2,Onion,2025-03-02,1026.6,19.63,True,1.0
2,Gurugram,2,Onion,2025-03-03,1267.7,18.93,True,1.0
2,Gurugram,2,Onion,2025-03-04,1194.9,19.27,True,1.0
2,Gurugram,2,Onion,2025-03-05,1132.7,19.15,True,1.0
2,Gurugram,2,Onion,2025-03-06,1386.7,20.62,True,1.0
2,Gurugram,2,Onion,2025-03-07,1288.1,20.62,True,1.0
2,Gurugram,2,Onion,2025-03-09,938.6,20.57,True,1.0
2,Gurugram,2,Onion,2025-03-10,1121.9,20.62,True,1.0
2,Gurugram,2,Onion,2025-03-11,1064.7,20.97,True,1.0
2,Gurugram,2,Onion,2025-03-12,1532.9,21.19,True,1.0
2,Gurugram,2,Onion,2025-03-13,1209.5,21.11,True,1.0
2,Gurugram,2,Onion,2025-03-14,1411.2,21.18,True,1.0
2,Gurugram,2,Onion,2025-03-15,1390.9,21.04,True,1.0
2,Gurugram,2,Onion,2025-03-16,1210.6,20.16,True,1.0
2,Gurugram,2,Onion,2025-03-17,1321.4,20.39,True,1.0
2,Gurugram,2,Onion,2025-03-18,1388.9,20.93,True,1.0
2,Gurugram,2,Onion,2025-03-19,1404.8,20.58,True,1.0
2,Gurugram,2,Onion,2025-03-20,1327.1,20.77,True,1.0
2,Gurugram,2,Onion,2025-03-21,1245.0,20.82,True,1.0
2,Gurugram,2,Onion,2025-03-22,1850.6,21.7,True,1.0
2,Gurugram,2,Onion,2025-03-23,1297.5,21.05,True,1.0
2,Gurugram,2,Onion,2025-03-24,1369.1,20.57,True,1.0
2,Gurugram,2,Onion,2025-03-25,1230.7,20.34,True,1.0
2,Gurugram,2,Onion,2025-03-26,1463.6,20.19,True,1.0
2,Gurugram,2,Onion,2025-03-27,1588.9,18.86,True,1.0
2,Gurugram,2,Onion,2025-03-28,1571.2,18.84,True,1.0
2,Gurugram,2,Onion,2025-03-29,1190.6,19.33,True,1.0
2,Gurugram,2,Onion,2025-03-30,834.7,19.51,True,1.0
2,Gurugram,2,Onion,2025-03-31,1465.8,19.19,True,1.0
2,Gurugram,2,Onion,2025-04-01,1626.6,19.04,True,1.0
2,Gurugram,2,Onion,2025-04-02,1294.7,19.09,True,1.0
2,Gurugram,2,Onion,2025-04-03,1452.1,18.89,True,1.0
2,Gurugram,2,Onion,2025-04-04,1639.3,18.89,True,1.0
2,Gurugram,2,Onion,2025-04-05,1493.5,18.88,True,1.0
2,Gurugram,2,Onion,2025-04-06,1247.7,19.66,True,1.0
2,Gurugram,2,Onion,2025-04-07,1283.3,20.28,True,1.0
2,Gurugram,2,Onion,2025-04-08,1297.1,20.68,True,1.0
2,Gurugram,2,Onion,2025-04-09,1521.3,20.66,True,1.0
2,Gurugram,2,Onion,2025-04-10,1446.6,19.98,True,1.0
2,Gurugram,2,Onion,2025-04-11,2052.4,20.47,True,1.0
2,Gurugram,2,Onion,2025-04-12,1668.0,20.07,True,1.0
2,Gurugram,2,Onion,2025-04-13,1312.2,19.99,True,1.0
2,Gurugram,2,Onion,2025-04-14,1353.3,20.69,True,1.0
2,Gurugram,2,Onion,2025-04-15,1140.5,20.45,True,1.0
2,Gurugram,2,Onion,2025-04-16,1331.8,20.37,True,1.0
2,Gurugram,2,Onion,2025-04-17,1358.4,19.37,True,1.0
2,Gurugram,2,Onion,2025-04-18,1535.2,19.75,True,1.0
2,Gurugram,2,Onion,2025-04-19,1835.5,19.19,True,1.0
2,Gurugram,2,Onion,2025-04-20,1297.8,19.91,True,1.0
2,Gurugram,2,Onion,2025-04-21,1256.3,19.74,True,1.0
2,Gurugram,2,Onion,2025-04-22,2045.8,18.51,True,1.0
2,Gurugram,2,Onion,2025-04-23,1434.8,18.66,True,1.0
2,Gurugram,2,Onion,2025-04-24,1619.5,18.84,True,1.0
2,Gurugram,2,Onion,2025-04-25,1599.6,19.36,True,1.0
2,Gurugram,2,Onion,2025-04-27,1282.1,19.6,True,1.0
2,Gurugram,2,Onion,2025-04-29,1370.8,18.32,True,1.0
2,Gurugram,2,Onion,2025-04-30,1709.4,18.34,True,1.0
2,Gurugram,2,Onion,2025-05-01,1199.3,18.15,True,1.0
2,Gurugram,2,Onion,2025-05-02,1842.7,17.95,True,1.0
2,Gurugram,2,Onion,2025-05-03,1673.9,18.97,True,1.0
2,Gurugram,2,Onion,2025-05-04,1209.6,19.65,True,1.0
2,Gurugram,2,Onion,2025-05-05,1483.6,19.24,True,1.0
2,Gurugram,2,Onion,2025-05-06,1373.2,20.04,True,1.0
2,Gurugram,2,Onion,2025-05-07,1551.8,20.01,True,1.0
2,Gurugram,2,Onion,2025-05-08,1540.9,19.68,True,1.0
2,Gurugram,2,Onion,2025-05-09,1468.0,19.32,True,1.0
2,Gurugram,2,Onion,2025-05-10,2202.7,19.02,True,1.0
2,Gurugram,2,Onion,2025-05-11,1159.9,19.5,True,1.0
2,Gurugram,2,Onion,2025-05-12,1251.8,19.95,True,1.0
2,Gurugram,2,Onion,2025-05-13,1461.9,20.03,True,1.0
2,Gurugram,2,Onion,2025-05-14,1443.3,18.83,True,1.0
2,Gurugram,2,Onion,2025-05-15,1533.5,19.28,True,1.0
2,Gurugram,2,Onion,2025-05-16,1321.3,19.75,True,1.0
2,Gurugram,2,Onion,2025-05-17,1933.9,19.4,True,1.0
2,Gurugram,2,Onion,2025-05-18,1156.8,19.56,True,1.0
2,Gurugram,2,Onion,2025-05-19,1086.6,18.63,True,1.0
2,Gurugram,2,Onion,2025-05-20,1514.1,18.34,True,1.0
2,Gurugram,2,Onion,2025-05-21,1586.5,18.62,True,1.0
2,Gurugram,2,Onion,2025-05-22,1451.3,18.83,True,1.0
2,Gurugram,2,Onion,2025-05-23,1728.0,19.35,True,1.0
2,Gurugram,2,Onion,2025-05-24,1763.0,18.87,True,1.0
2,Gurugram,2,Onion,2025-05-25,985.7,19.01,True,1.0
2,Gurugram,2,Onion,2025-05-26,1268.0,19.03,True,1.0
2,Gurugram,2,Onion,2025-05-27,1489.2,19.61,True,1.0
2,Gurugram,2,Onion,2025-05-28,1273.4,20.55,True,1.0
2,Gurugram,2,Onion,2025-05-29,1477.5,21.42,True,1.0
2,Gurugram,2,Onion,2025-05-30,1705.5,20.09,True,1.0
2,Gurugram,2,Onion,2025-05-31,1871.6,20.06,True,1.0
2,Gurugram,2,Onion,2025-06-01,1339.2,19.45,True,1.0
2,Gurugram,2,Onion,2025-06-02,1621.4,19.61,True,1.0
2,Gurugram,2,Onion,2025-06-03,1304.1,20.01,True,1.0
2,Gurugram,2,Onion,2025-06-04,1747.6,20.11,True,1.0
2,Gurugram,2,Onion,2025-06-05,1727.4,20.11,True,1.0
2,Gurugram,2,Onion,2025-06-06,1335.4,21.02,True,1.0
2,Gurugram,2,Onion,2025-06-07,1941.1,21.22,True,1.0
2,Gurugram,2,Onion,2025-06-08,1797.8,20.77,True,1.0
2,Gurugram,2,Onion,2025-06-09,1640.6,20.65,True,1.0
2,Gurugram,2,Onion,2025-06-10,1427.4,21.07,True,1.0
2,Gurugram,2,Onion,2025-06-11,1441.7,21.22,True,1.0
2,Gurugram,2,Onion,2025-06-12,1981.2,20.72,True,1.0
2,Gurugram,2,Onion,2025-06-13,1504.1,19.61,True,1.0
2,Gurugram,2,Onion,2025-06-14,1717.8,19.2,True,1.0
2,Gurugram,2,Onion,2025-06-15,957.7,19.65,True,1.0
2,Gurugram,2,Onion,2025-06-16,1514.3,18.92,True,1.0
2,Gurugram,2,Onion,2025-06-17,1741.4,19.31,True,1.0
2,Gurugram,2,Onion,2025-06-18,1444.6,19.42,True,1.0
2,Gurugram,2,Onion,2025-06-19,1586.3,20.34,True,1.0
2,Gurugram,2,Onion,2025-06-20,1643.4,19.68,True,1.0
2,Gurugram,2,Onion,2025-06-21,1869.6,18.9,True,1.0
2,Gurugram,2,Onion,2025-06-22,1392.6,19.19,True,1.0
2,Gurugram,2,Onion,2025-06-23,1632.3,20.0,True,1.0
2,Gurugram,2,Onion,2025-06-24,1482.5,20.85,True,1.0
2,Gurugram,2,Onion,2025-06-25,1818.4,20.3,True,1.0
2,Gurugram,2,Onion,2025-06-26,1702.1,20.74,True,1.0
2,Gurugram,2,Onion,2025-06-27,1538.3,20.13,True,1.0
2,Gurugram,2,Onion,2025-06-28,1751.3,19.93,True,1.0
2,Gurugram,2,Onion,2025-06-29,1456.0,20.56,True,1.0
2,Gurugram,2,Onion,2025-06-30,1741.0,21.11,True,1.0
2,Gurugram,2,Onion,2025-07-01,1582.3,20.49,True,1.0
2,Gurugram,2,Onion,2025-07-02,1605.7,20.94,True,1.0
2,Gurugram,2,Onion,2025-07-03,1902.0,19.89,True,1.0
2,Gurugram,2,Onion,2025-07-04,1486.0,20.13,True,1.0
2,Gurugram,2,Onion,2025-07-05,1821.0,19.78,True,1.0
2,Gurugram,2,Onion,2025-07-06,1067.5,19.74,True,1.0
2,Gurugram,2,Onion,2025-07-07,1582.9,19.45,True,1.0
2,Gurugram,2,Onion,2025-07-08,1805.6,20.3,True,1.0
2,Gurugram,2,Onion,2025-07-09,1426.4,20.93,True,1.0
2,Gurugram,2,Onion,2025-07-10,1804.5,20.64,True,1.0
2,Gurugram,2,Onion,2025-07-11,1692.1,21.08,True,1.0
2,Gurugram,2,Onion,2025-07-12,1910.0,21.34,True,1.0
2,Gurugram,2,Onion,2025-07-13,1230.7,21.3,True,1.0
2,Gurugram,2,Onion,2025-07-14,1460.3,22.72,True,1.0
2,Gurugram,2,Onion,2025-07-15,1528.0,21.83,True,1.0
2,Gurugram,2,Onion,2025-07-16,1758.3,21.76,True,1.0
2,Gurugram,2,Onion,2025-07-17,1558.7,21.48,True,1.0
2,Gurugram,2,Onion,2025-07-18,1769.2,21.31,True,1.0
2,Gurugram,2,Onion,2025-07-19,1936.6,21.52,True,1.0
2,Gurugram,2,Onion,2025-07-20,1573.3,21.4,True,1.0
2,Gurugram,2,Onion,2025-07-21,1592.8,20.99,True,1.0
2,Gurugram,2,Onion,2025-07-22,1463.2,21.31,True,1.0
2,Gurugram,2,Onion,2025-07-23,1605.8,22.21,True,1.0
2,Gurugram,2,Onion,2025-07-24,1678.7,22.72,True,1.0
2,Gurugram,2,Onion,2025-07-25,1608.2,22.61,True,1.0
2,Gurugram,2,Onion,2025-07-26,1938.6,21.95,True,1.0
2,Gurugram,2,Onion,2025-07-27,1320.9,22.09,True,1.0
2,Gurugram,2,Onion,2025-07-28,1601.9,22.77,True,1.0
2,Gurugram,2,Onion,2025-07-29,1851.4,23.35,True,1.0
2,Gurugram,2,Onion,2025-07-30,1386.0,23.21,True,1.0
2,Gurugram,2,Onion,2025-07-31,1614.9,22.66,True,1.0
2,Gurugram,2,Onion,2025-08-01,1801.8,22.39,True,1.0
2,Gurugram,2,Onion,2025-08-02,1956.7,22.85,True,1.0
2,Gurugram,2,Onion,2025-08-03,1160.9,23.13,True,1.0
2,Gurugram,2,Onion,2025-08-04,1311.7,21.77,True,1.0
2,Gurugram,2,Onion,2025-08-05,1431.3,22.36,True,1.0
2,Gurugram,2,Onion,2025-08-06,1832.7,22.84,True,1.0
2,Gurugram,2,Onion,2025-08-07,1510.3,22.15,True,1.0
2,Gurugram,2,Onion,2025-08-08,1863.1,21.77,True,1.0
2,Gurugram,2,Onion,2025-08-09,1772.5,21.52,True,1.0
2,Gurugram,2,Onion,2025-08-10,1677.0,21.41,True,1.0
2,Gurugram,2,Onion,2025-08-11,1453.3,20.9,True,1.0
2,Gurugram,2,Onion,2025-08-12,1620.8,21.6,True,1.0
2,Gurugram,2,Onion,2025-08-13,1769.9,21.43,True,1.0
2,Gurugram,2,Onion,2025-08-14,1743.4,21.77,True,1.0
2,Gurugram,2,Onion,2025-08-15,1805.6,21.75,True,1.0
2,Gurugram,2,Onion,2025-08-16,1554.5,22.22,True,1.0
2,Gurugram,2,Onion,2025-08-17,1353.4,21.76,True,1.0
2,Gurugram,2,Onion,2025-08-18,1714.7,22.24,True,1.0
2,Gurugram,2,Onion,2025-08-19,1645.1,22.69,True,1.0
2,Gurugram,2,Onion,2025-08-20,1572.4,23.31,True,1.0
2,Gurugram,2,Onion,2025-08-21,1756.4,24.55,True,1.0
2,Gurugram,2,Onion,2025-08-22,1699.7,22.68,True,1.0
2,Gurugram,2,Onion,2025-08-23,2105.7,23.0,True,1.0
2,Gurugram,2,Onion,2025-08-24,1183.3,22.56,True,1.0
2,Gurugram,2,Onion,2025-08-25,1535.4,21.51,True,1.0
2,Gurugram,2,Onion,2025-08-26,1741.4,22.53,True,1.0
2,Gurugram,2,Onion,2025-08-27,1626.8,23.6,True,1.0
2,Gurugram,2,Onion,2025-08-28,2025.9,23.23,True,1.0
2,Gurugram,2,Onion,2025-08-29,1621.3,23.38,True,1.0
2,Gurugram,2,Onion,2025-08-30,2219.5,23.31,True,1.0
2,Gurugram,2,Onion,2025-08-31,1419.1,23.6,True,1.0
2,Gurugram,2,Onion,2025-09-01,1839.8,24.13,True,1.0
2,Gurugram,2,Onion,2025-09-02,1696.6,24.14,True,1.0
2,Gurugram,2,Onion,2025-09-03,1297.9,24.16,True,1.0
2,Gurugram,2,Onion,2025-09-04,1566.3,24.82,True,1.0
2,Gurugram,2,Onion,2025-09-05,1954.8,24.29,True,1.0
2,Gurugram,2,Onion,2025-09-06,1826.1,24.7,True,1.0
2,Gurugram,2,Onion,2025-09-07,1286.4,23.78,True,1.0
2,Gurugram,2,Onion,2025-09-08,1355.5,24.83,True,1.0
2,Gurugram,2,Onion,2025-09-09,1140.1,24.98,True,1.0
2,Gurugram,2,Onion,2025-09-10,1777.8,24.28,True,1.0
2,Gurugram,2,Onion,2025-09-11,1661.9,22.68,True,1.0
2,Gurugram,2,Onion,2025-09-12,1525.0,22.98,True,1.0
2,Gurugram,2,Onion,2025-09-13,1947.2,22.42,True,1.0
2,Gurugram,2,Onion,2025-09-14,1199.6,23.0,True,1.0
2,Gurugram,2,Onion,2025-09-15,1420.6,24.21,True,1.0
2,Gurugram,2,Onion,2025-09-16,1361.7,24.19,True,1.0
2,Gurugram,2,Onion,2025-09-17,1327.3,23.96,True,1.0
2,Gurugram,2,Onion,2025-09-18,1679.5,24.16,True,1.0
2,Gurugram,2,Onion,2025-09-19,1821.1,24.26,True,1.0
2,Gurugram,2,Onion,2025-09-20,1592.0,22.57,True,1.0
2,Gurugram,2,Onion,2025-09-21,1114.6,23.12,True,1.0
2,Gurugram,2,Onion,2025-09-22,1587.1,23.78,True,1.0
2,Gurugram,2,Onion,2025-09-23,1467.8,23.66,True,1.0
2,Gurugram,2,Onion,2025-09-24,1077.2,24.42,True,1.0
2,Gurugram,2,Onion,2025-09-25,1586.1,24.2,True,1.0
2,Gurugram,2,Onion,2025-09-26,1450.0,24.68,True,1.0
2,Gurugram,2,Onion,2025-09-27,1833.2,26.13,True,1.0
2,Gurugram,2,Onion,2025-09-28,1379.3,25.42,True,1.0
2,Gurugram,2,Onion,2025-09-29,1586.5,23.65,True,1.0
2,Gurugram,2,Onion,2025-09-30,1607.7,23.56,True,1.0
2,Gurugram,2,Onion,2025-10-01,1329.7,22.58,True,1.0
2,Gurugram,2,Onion,2025-10-02,1319.1,23.43,True,1.0
2,Gurugram,2,Onion,2025-10-03,1587.4,24.54,True,1.0
2,Gurugram,2,Onion,2025-10-04,1455.6,24.91,True,1.0
2,Gurugram,2,Onion,2025-10-05,1380.5,24.91,True,1.0
2,Gurugram,2,Onion,2025-10-06,1709.1,24.24,True,1.0
2,Gurugram,2,Onion,2025-10-07,1680.7,25.34,True,1.0
2,Gurugram,2,Onion,2025-10-08,1592.0,25.54,True,1.0
2,Gurugram,2,Onion,2025-10-09,1638.6,25.34,True,1.0
2,Gurugram,2,Onion,2025-10-10,1766.9,25.15,True,1.0
2,Gurugram,2,Onion,2025-10-11,1863.5,24.95,True,1.0
2,Gurugram,2,Onion,2025-10-12,1017.7,25.06,True,1.0
2,Gurugram,2,Onion,2025-10-13,1751.4,24.38,True,1.0
2,Gurugram,2,Onion,2025-10-14,1465.8,25.43,True,1.0
2,Gurugram,2,Onion,2025-10-15,1483.3,25.19,True,1.0
2,Gurugram,2,Onion,2025-10-16,1714.5,25.34,True,1.0
2,Gurugram,2,Onion,2025-10-17,1527.9,24.71,True,1.0
2,Gurugram,2,Onion,2025-10-18,1554.7,24.85,True,1.0
2,Gurugram,2,Onion,2025-10-19,1066.9,23.12,True,1.0
2,Gurugram,2,Onion,2025-10-20,1328.6,22.73,True,1.0
2,Gurugram,2,Onion,2025-10-21,1473.0,23.17,True,1.0
2,Gurugram,2,Onion,2025-10-22,1192.1,22.64,True,1.0
2,Gurugram,2,Onion,2025-10-23,1713.3,24.79,True,1.0
2,Gurugram,2,Onion,2025-10-24,1621.0,23.5,True,1.0
2,Gurugram,2,Onion,2025-10-25,1571.8,23.98,True,1.0
2,Gurugram,2,Onion,2025-10-26,1443.5,25.24,True,1.0
2,Gurugram,2,Onion,2025-10-27,1328.9,25.31,True,1.0
2,Gurugram,2,Onion,2025-10-28,1250.9,24.78,True,1.0
2,Gurugram,2,Onion,2025-10-29,1397.7,24.25,True,1.0
2,Gurugram,2,Onion,2025-10-30,1363.0,24.74,True,1.0
2,Gurugram,2,Onion,2025-10-31,1892.1,24.05,True,1.0
2,Gurugram,2,Onion,2025-11-01,1444.5,24.04,True,1.0
2,Gurugram,2,Onion,2025-11-02,1166.2,24.6,True,1.0
2,Gurugram,2,Onion,2025-11-03,1208.1,24.29,True,1.0
2,Gurugram,2,Onion,2025-11-05,1136.2,24.12,True,1.0
2,Gurugram,2,Onion,2025-11-06,1449.7,23.5,True,1.0
2,Gurugram,2,Onion,2025-11-07,1552.5,24.55,True,1.0
2,Gurugram,2,Onion,2025-11-08,1528.7,25.45,True,1.0
2,Gurugram,2,Onion,2025-11-09,1352.0,24.86,True,1.0
2,Gurugram,2,Onion,2025-11-10,1508.2,24.48,True,1.0
2,Gurugram,2,Onion,2025-11-11,1118.1,24.28,True,1.0
2,Gurugram,2,Onion,2025-11-12,1413.6,24.64,True,1.0
2,Gurugram,2,Onion,2025-11-13,1308.6,23.88,True,1.0
2,Gurugram,2,Onion,2025-11-14,1576.9,23.91,True,1.0
2,Gurugram,2,Onion,2025-11-15,1640.4,24.17,True,1.0
2,Gurugram,2,Onion,2025-11-16,1008.5,24.62,True,1.0
2,Gurugram,2,Onion,2025-11-17,1540.1,22.61,True,1.0
2,Gurugram,2,Onion,2025-11-18,1289.0,23.32,True,1.0
2,Gurugram,2,Onion,2025-11-19,1185.7,23.79,True,1.0
2,Gurugram,2,Onion,2025-11-20,1178.8,24.58,True,1.0
2,Gurugram,2,Onion,2025-11-21,1448.8,24.07,True,1.0
2,Gurugram,2,Onion,2025-11-23,997.7,24.65,True,1.0
2,Gurugram,2,Onion,2025-11-24,1074.1,23.39,True,1.0
2,Gurugram,2,Onion,2025-11-25,1296.3,24.7,True,1.0
2,Gurugram,2,Onion,2025-11-26,1030.2,26.34,True,1.0
2,Gurugram,2,Onion,2025-11-27,1373.0,25.96,True,1.0
2,Gurugram,2,Onion,2025-11-28,1103.4,25.93,True,1.0
2,Gurugram,2,Onion,2025-11-29,1524.2,24.26,True,1.0
2,Gurugram,2,Onion,2025-11-30,1017.9,23.68,True,1.0
2,Gurugram,2,Onion,2025-12-01,1236.2,24.47,True,1.0
2,Gurugram,2,Onion,2025-12-02,1147.5,24.54,True,1.0
2,Gurugram,2,Onion,2025-12-03,1012.6,24.2,True,1.0
2,Gurugram,2,Onion,2025-12-04,1164.4,24.24,True,1.0
2,Gurugram,2,Onion,2025-12-05,1237.4,24.46,True,1.0
2,Gurugram,2,Onion,2025-12-06,1328.9,24.04,True,1.0
2,Gurugram,2,Onion,2025-12-07,1187.1,23.93,True,1.0
2,Gurugram,2,Onion,2025-12-08,980.4,23.84,True,1.0
2,Gurugram,2,Onion,2025-12-09,1379.4,23.09,True,1.0
2,Gurugram,2,Onion,2025-12-10,1288.4,23.47,True,1.0
2,Gurugram,2,Onion,2025-12-11,1151.2,24.76,True,1.0
2,Gurugram,2,Onion,2025-12-12,1265.7,25.64,True,1.0
2,Gurugram,2,Onion,2025-12-13,1390.0,23.97,True,1.0
2,Gurugram,2,Onion,2025-12-14,1119.6,24.23,True,1.0
2,Gurugram,2,Onion,2025-12-15,1080.1,24.48,True,1.0
2,Gurugram,2,Onion,2025-12-16,1342.6,23.89,True,1.0
2,Gurugram,2,Onion,2025-12-17,1289.0,23.11,True,1.0
2,Gurugram,2,Onion,2025-12-18,1311.4,22.34,True,1.0
2,Gurugram,2,Onion,2025-12-19,1400.5,22.37,True,1.0
2,Gurugram,2,Onion,2025-12-20,1539.1,22.88,True,1.0
2,Gurugram,2,Onion,2025-12-21,1164.5,22.91,True,1.0
2,Gurugram,2,Onion,2025-12-22,2279.1,22.62,True,1.0
2,Gurugram,2,Onion,2025-12-24,1132.5,22.59,True,1.0
2,Gurugram,2,Onion,2025-12-25,1388.5,23.47,True,1.0
2,Gurugram,2,Onion,2025-12-26,1362.7,22.77,True,1.0
2,Gurugram,2,Onion,2025-12-27,1421.0,23.17,True,1.0
2,Gurugram,2,Onion,2025-12-28,1033.6,21.93,True,1.0
2,Gurugram,2,Onion,2025-12-29,1044.7,21.85,True,1.0
2,Gurugram,2,Onion,2025-12-30,1324.9,22.66,True,1.0
2,Gurugram,2,Onion,2025-12-31,1208.1,22.04,True,1.0
2,Gurugram,2,Onion,2026-01-01,1180.6,21.91,True,1.0
2,Gurugram,2,Onion,2026-01-02,1230.4,23.12,True,1.0
2,Gurugram,2,Onion,2026-01-03,1466.6,22.56,True,1.0
2,Gurugram,2,Onion,2026-01-04,1042.4,22.09,True,1.0
2,Gurugram,2,Onion,2026-01-05,1269.9,22.67,True,1.0
2,Gurugram,2,Onion,2026-01-06,995.3,23.99,True,1.0
2,Gurugram,2,Onion,2026-01-07,1134.6,23.44,True,1.0
2,Gurugram,2,Onion,2026-01-08,1305.3,23.72,True,1.0
2,Gurugram,2,Onion,2026-01-09,1451.7,24.3,True,1.0
2,Gurugram,2,Onion,2026-01-10,1664.0,24.0,True,1.0
2,Gurugram,2,Onion,2026-01-11,1014.2,23.38,True,1.0
2,Gurugram,2,Onion,2026-01-12,1255.7,22.54,True,1.0
2,Gurugram,2,Onion,2026-01-13,1380.5,21.62,True,1.0
2,Gurugram,2,Onion,2026-01-14,1291.2,22.57,True,1.0
2,Gurugram,2,Onion,2026-01-15,1177.7,22.64,True,1.0
2,Gurugram,2,Onion,2026-01-16,1133.3,23.43,True,1.0
2,Gurugram,2,Onion,2026-01-17,1397.9,23.75,True,1.0
2,Gurugram,2,Onion,2026-01-18,1021.8,22.89,True,1.0
2,Gurugram,2,Onion,2026-01-19,1048.9,21.94,True,1.0
2,Gurugram,2,Onion,2026-01-20,1274.1,22.28,True,1.0
2,Gurugram,2,Onion,2026-01-21,1260.1,21.84,True,1.0
2,Gurugram,2,Onion,2026-01-22,1607.3,22.16,True,1.0
2,Gurugram,2,Onion,2026-01-23,1479.7,21.68,True,1.0
2,Gurugram,2,Onion,2026-01-24,1274.6,21.26,True,1.0
2,Gurugram,2,Onion,2026-01-25,979.7,21.39,True,1.0
2,Gurugram,2,Onion,2026-01-27,1338.9,22.27,True,1.0
2,Gurugram,2,Onion,2026-01-28,1085.3,22.91,True,1.0
2,Gurugram,2,Onion,2026-01-29,1150.5,21.8,True,1.0
2,Gurugram,2,Onion,2026-01-30,1129.9,21.16,True,1.0
2,Gurugram,2,Onion,2026-01-31,1835.2,21.28,True,1.0
2,Gurugram,2,Onion,2026-02-01,1124.5,22.78,True,1.0
2,Gurugram,2,Onion,2026-02-02,1652.4,22.88,True,1.0
2,Gurugram,2,Onion,2026-02-03,1405.1,21.83,True,1.0
2,Gurugram,2,Onion,2026-02-04,1086.9,21.71,True,1.0
2,Gurugram,2,Onion,2026-02-05,1157.4,21.81,True,1.0
2,Gurugram,2,Onion,2026-02-06,1454.9,21.37,True,1.0
2,Gurugram,2,Onion,2026-02-07,1397.8,21.79,True,1.0
2,Gurugram,2,Onion,2026-02-08,1038.2,21.59,True,1.0
2,Gurugram,2,Onion,2026-02-09,1008.9,21.35,True,1.0
2,Gurugram,2,Onion,2026-02-10,1323.1,22.14,True,1.0
2,Gurugram,2,Onion,2026-02-11,1349.7,20.85,True,1.0
2,Gurugram,2,Onion,2026-02-12,1352.7,20.42,True,1.0
2,Gurugram,2,Onion,2026-02-13,1800.3,20.19,True,1.0
2,Gurugram,2,Onion,2026-02-14,1423.8,20.0,True,1.0
2,Gurugram,2,Onion,2026-02-15,1001.7,19.93,True,1.0
2,Gurugram,2,Onion,2026-02-16,1156.4,20.57,True,1.0
2,Gurugram,2,Onion,2026-02-17,1069.4,21.39,True,1.0
2,Gurugram,2,Onion,2026-02-18,1251.4,21.86,True,1.0
2,Gurugram,2,Onion,2026-02-19,1129.9,20.99,True,1.0
2,Gurugram,2,Onion,2026-02-20,1586.1,20.93,True,1.0
2,Gurugram,2,Onion,2026-02-21,1726.4,21.21,True,1.0
2,Gurugram,2,Onion,2026-02-22,891.1,21.27,True,1.0
2,Gurugram,2,Onion,2026-02-23,1256.8,21.96,True,1.0
2,Gurugram,2,Onion,2026-02-24,1166.6,21.21,True,1.0
2,Gurugram,2,Onion,2026-02-25,1343.0,21.19,True,1.0
2,Gurugram,2,Onion,2026-02-26,1502.2,20.83,True,1.0
2,Gurugram,2,Onion,2026-02-27,1135.8,20.96,True,1.0
2,Gurugram,2,Onion,2026-02-28,1554.5,20.26,True,1.0
2,Gurugram,2,Onion,2026-03-01,952.9,19.85,True,1.0
2,Gurugram,2,Onion,2026-03-02,1233.9,19.68,True,1.0
2,Gurugram,2,Onion,2026-03-03,1461.5,19.64,True,1.0
2,Gurugram,2,Onion,2026-03-04,1057.7,20.82,True,1.0
2,Gurugram,2,Onion,2026-03-05,1430.4,21.45,True,1.0
2,Gurugram,2,Onion,2026-03-06,1393.1,21.04,True,1.0
2,Gurugram,2,Onion,2026-03-07,1577.9,20.98,True,1.0
2,Gurugram,2,Onion,2026-03-08,1202.7,19.9,True,1.0
2,Gurugram,2,Onion,2026-03-09,1263.4,19.96,True,1.0
2,Gurugram,2,Onion,2026-03-10,1124.0,20.19,True,1.0
2,Gurugram,2,Onion,2026-03-11,1233.9,20.92,True,1.0
2,Gurugram,2,Onion,2026-03-12,1409.8,20.94,True,1.0
2,Gurugram,2,Onion,2026-03-13,1634.3,21.02,True,1.0
2,Gurugram,2,Onion,2026-03-14,1372.1,20.98,True,1.0
2,Gurugram,2,Onion,2026-03-15,1183.2,20.92,True,1.0
2,Gurugram,2,Onion,2026-03-16,1426.2,19.91,True,1.0
2,Gurugram,2,Onion,2026-03-17,1056.5,19.77,True,1.0
2,Gurugram,2,Onion,2026-03-18,1174.5,20.73,True,1.0
2,Gurugram,2,Onion,2026-03-19,1607.4,21.05,True,1.0
2,Gurugram,2,Onion,2026-03-20,1408.5,21.07,True,1.0
2,Gurugram,2,Onion,2026-03-21,1443.2,20.82,True,1.0
2,Gurugram,2,Onion,2026-03-22,1015.8,20.99,True,1.0
2,Gurugram,2,Onion,2026-03-23,1249.4,20.16,True,1.0
2,Gurugram,2,Onion,2026-03-24,1550.7,19.24,True,1.0
2,Gurugram,2,Onion,2026-03-25,1401.9,19.27,True,1.0
2,Gurugram,2,Onion,2026-03-26,1596.4,19.79,True,1.0
2,Gurugram,2,Onion,2026-03-27,1699.5,19.91,True,1.0
2,Gurugram,2,Onion,2026-03-28,1511.0,20.52,True,1.0
2,Gurugram,2,Onion,2026-03-29,1063.9,20.55,True,1.0
2,Gurugram,2,Onion,2026-03-30,1206.4,20.39,True,1.0
2,Gurugram,2,Onion,2026-03-31,1224.2,21.03,True,1.0
2,Gurugram,2,Onion,2026-04-01,1513.3,21.37,True,1.0
2,Gurugram,2,Onion,2026-04-02,1378.2,20.85,True,1.0
2,Gurugram,2,Onion,2026-04-03,1341.7,19.92,True,1.0
2,Gurugram,2,Onion,2026-04-04,1585.4,19.39,True,1.0
2,Gurugram,2,Onion,2026-04-05,1496.8,19.43,True,1.0
2,Gurugram,2,Onion,2026-04-06,1374.3,19.35,True,1.0
2,Gurugram,2,Onion,2026-04-07,1513.9,20.43,True,1.0
2,Gurugram,2,Onion,2026-04-08,1688.9,19.29,True,1.0
2,Gurugram,2,Onion,2026-04-09,1564.3,19.4,True,1.0
2,Gurugram,2,Onion,2026-04-10,1907.3,18.93,True,1.0
2,Gurugram,2,Onion,2026-04-11,2121.7,19.24,True,1.0
2,Gurugram,2,Onion,2026-04-12,1136.2,19.61,True,1.0
2,Gurugram,2,Onion,2026-04-13,1530.6,19.42,True,1.0
2,Gurugram,2,Onion,2026-04-14,1419.6,19.82,True,1.0
2,Gurugram,2,Onion,2026-04-15,1348.1,19.68,True,1.0
2,Gurugram,2,Onion,2026-04-16,1673.1,19.59,True,1.0
2,Gurugram,2,Onion,2026-04-17,1439.3,19.4,True,1.0
2,Gurugram,2,Onion,2026-04-18,1695.4,19.86,True,1.0
2,Gurugram,2,Onion,2026-04-19,1194.3,19.89,True,1.0
2,Gurugram,2,Onion,2026-04-20,1259.4,20.74,True,1.0
2,Gurugram,2,Onion,2026-04-21,1494.9,21.18,True,1.0
2,Gurugram,2,Onion,2026-04-22,1419.9,21.05,True,1.0
2,Gurugram,2,Onion,2026-04-23,1891.7,19.4,True,1.0
2,Gurugram,2,Onion,2026-04-24,1640.2,18.68,True,1.0
2,Gurugram,2,Onion,2026-04-25,1744.3,19.52,True,1.0
2,Gurugram,2,Onion,2026-04-26,1145.8,19.3,True,1.0
2,Gurugram,2,Onion,2026-04-27,1171.1,19.55,True,1.0
2,Gurugram,2,Onion,2026-04-28,1268.1,19.24,True,1.0
2,Gurugram,2,Onion,2026-04-29,1310.2,19.66,True,1.0
2,Gurugram,2,Onion,2026-04-30,1566.7,20.22,True,1.0
2,Gurugram,2,Onion,2026-05-01,1928.2,19.38,True,1.0
2,Gurugram,2,Onion,2026-05-02,1833.9,19.03,True,1.0
2,Gurugram,2,Onion,2026-05-03,1184.0,18.33,True,1.0
2,Gurugram,2,Onion,2026-05-04,1559.2,18.86,True,1.0
2,Gurugram,2,Onion,2026-05-05,1580.3,18.22,True,1.0
2,Gurugram,2,Onion,2026-05-06,1686.3,18.47,True,1.0
2,Gurugram,2,Onion,2026-05-07,1543.1,19.12,True,1.0
2,Gurugram,2,Onion,2026-05-08,1337.0,20.47,True,1.0
2,Gurugram,2,Onion,2026-05-09,1824.3,20.46,True,1.0
2,Gurugram,2,Onion,2026-05-10,1194.2,20.98,True,1.0
2,Gurugram,2,Onion,2026-05-11,1316.0,20.76,True,1.0
2,Gurugram,2,Onion,2026-05-12,1483.0,20.64,True,1.0
2,Gurugram,2,Onion,2026-05-13,1277.1,20.26,True,1.0
2,Gurugram,2,Onion,2026-05-14,1664.8,19.9,True,1.0
2,Gurugram,2,Onion,2026-05-15,1614.0,20.55,True,1.0
2,Gurugram,2,Onion,2026-05-16,1840.6,20.54,True,1.0
2,Gurugram,2,Onion,2026-05-17,1435.9,20.52,True,1.0
2,Gurugram,2,Onion,2026-05-18,1516.5,19.97,True,1.0
2,Gurugram,2,Onion,2026-05-19,1646.6,19.74,True,1.0
2,Gurugram,2,Onion,2026-05-20,1656.0,20.98,True,1.0
2,Gurugram,2,Onion,2026-05-21,1726.4,20.61,True,1.0
2,Gurugram,2,Onion,2026-05-22,1615.7,21.19,True,1.0
2,Gurugram,2,Onion,2026-05-23,1747.9,20.49,True,1.0
2,Gurugram,2,Onion,2026-05-24,1287.5,20.8,True,1.0
2,Gurugram,2,Onion,2026-05-25,1894.9,20.71,True,1.0
2,Gurugram,2,Onion,2026-05-26,1507.7,20.26,True,1.0
2,Gurugram,2,Onion,2026-05-27,2133.9,20.56,True,1.0
2,Gurugram,2,Onion,2026-05-28,2362.0,19.52,True,1.0
2,Gurugram,2,Onion,2026-05-29,1854.4,20.0,True,1.0
2,Gurugram,2,Onion,2026-05-30,1721.2,20.47,True,1.0
2,Gurugram,2,Onion,2026-05-31,1256.6,20.52,True,1.0
2,Gurugram,2,Onion,2026-06-01,1438.1,21.17,True,1.0
2,Gurugram,2,Onion,2026-06-02,1649.0,20.81,True,1.0
2,Gurugram,2,Onion,2026-06-03,1503.9,20.53,True,1.0
2,Gurugram,2,Onion,2026-06-04,1639.8,20.63,True,1.0
2,Gurugram,2,Onion,2026-06-05,1490.5,21.02,True,1.0
2,Gurugram,2,Onion,2026-06-06,1700.0,21.12,True,1.0
2,Gurugram,2,Onion,2026-06-07,1334.4,20.72,True,1.0
2,Gurugram,2,Onion,2026-06-08,1803.9,20.01,True,1.0
2,Gurugram,2,Onion,2026-06-09,1500.7,20.48,True,1.0
2,Gurugram,2,Onion,2026-06-10,1455.3,19.98,True,1.0
2,Gurugram,2,Onion,2026-06-11,1595.6,19.63,True,1.0
2,Gurugram,2,Onion,2026-06-12,1664.9,19.49,True,1.0
2,Gurugram,2,Onion,2026-06-13,1642.7,19.8,True,1.0
2,Gurugram,2,Onion,2026-06-14,1253.3,19.54,True,1.0
2,Gurugram,2,Onion,2026-06-15,1357.0,19.19,True,1.0
2,Gurugram,2,Onion,2026-06-17,1579.7,19.5,True,1.0
2,Gurugram,2,Onion,2026-06-18,1858.0,20.07,True,1.0
2,Gurugram,2,Onion,2026-06-19,1845.9,20.27,True,1.0
2,Gurugram,2,Onion,2026-06-20,1514.2,19.76,True,1.0
2,Gurugram,2,Onion,2026-06-21,1308.1,20.16,True,1.0
2,Gurugram,2,Onion,2026-06-22,1748.0,20.51,True,1.0
2,Gurugram,2,Onion,2026-06-23,1710.9,20.31,True,1.0
2,Gurugram,2,Onion,2026-06-24,1484.3,19.99,True,1.0
2,Gurugram,2,Onion,2026-06-25,1883.2,19.77,True,1.0
2,Gurugram,2,Onion,2026-06-26,1604.8,19.78,True,1.0
2,Gurugram,2,Onion,2026-06-27,1656.8,21.42,True,1.0
2,Gurugram,2,Onion,2026-06-28,1403.3,20.73,True,1.0
2,Gurugram,2,Onion,2026-06-29,1395.1,20.95,True,1.0
2,Gurugram,2,Onion,2026-06-30,1494.6,20.53,True,1.0
2,Gurugram,2,Onion,2026-07-01,1772.0,20.38,True,1.0
2,Gurugram,2,Onion,2026-07-02,1565.9,20.17,True,1.0
2,Gurugram,2,Onion,2026-07-03,2209.5,20.91,True,1.0
2,Gurugram,2,Onion,2026-07-04,2185.5,21.2,True,1.0
2,Gurugram,2,Onion,2026-07-05,1386.9,21.11,True,1.0
2,Gurugram,2,Onion,2026-07-06,2450.1,21.44,True,1.0
2,Gurugram,2,Onion,2026-07-07,1418.1,21.84,True,1.0
2,Gurugram,2,Onion,2026-07-08,1207.6,21.15,True,1.0
2,Gurugram,2,Onion,2026-07-09,1971.0,21.53,True,1.0
2,Gurugram,2,Onion,2026-07-10,1854.8,21.04,True,1.0
2,Gurugram,2,Onion,2026-07-11,2251.1,21.65,True,1.0
2,Gurugram,2,Onion,2026-07-13,1719.8,22.12,True,1.0
2,Gurugram,2,Onion,2026-07-14,1557.1,21.8,True,1.0
2,Gurugram,2,Onion,2026-07-15,1659.4,21.4,True,1.0
2,Gurugram,2,Onion,2026-07-16,1562.1,21.29,True,1.0
2,Gurugram,2,Onion,2026-07-17,1987.2,21.86,True,1.0
2,Gurugram,2,Onion,2026-07-18,1891.3,21.38,True,1.0
2,Gurugram,2,Onion,2026-07-19,1342.5,21.51,True,1.0
2,Gurugram,2,Onion,2026-07-20,1780.7,20.52,True,1.0
2,Gurugram,2,Onion,2026-07-21,1667.6,21.05,True,1.0
2,Gurugram,2,Onion,2026-07-22,1737.0,20.65,True,1.0
2,Gurugram,2,Onion,2026-07-23,1594.2,20.23,True,1.0
2,Gurugram,2,Onion,2026-07-24,2136.5,21.03,True,1.0
2,Gurugram,2,Onion,2026-07-25,2079.7,21.42,True,1.0
2,Gurugram,2,Onion,2026-07-26,1365.2,21.31,True,1.0
2,Gurugram,2,Onion,2026-07-27,1357.8,21.34,True,1.0
2,Gurugram,2,Onion,2026-07-28,1301.8,22.99,True,1.0
2,Gurugram,2,Onion,2026-07-29,1808.6,22.59,True,1.0
2,Gurugram,2,Onion,2026-07-30,1712.0,22.33,True,1.0
2,Gurugram,2,Onion,2026-07-31,1499.1,22.7,True,1.0
2,Gurugram,2,Onion,2026-08-01,1784.6,22.61,True,1.0
2,Gurugram,2,Onion,2026-08-02,1422.9,23.14,True,1.0
2,Gurugram,2,Onion,2026-08-03,1675.5,23.07,True,1.0
2,Gurugram,2,Onion,2026-08-04,1564.9,23.35,True,1.0
2,Gurugram,2,Onion,2026-08-05,1774.5,23.34,True,1.0
2,Gurugram,2,Onion,2026-08-06,1410.5,23.49,True,1.0
2,Gurugram,2,Onion,2026-08-08,1748.3,23.09,True,1.0
2,Gurugram,2,Onion,2026-08-09,1524.4,22.74,True,1.0
2,Gurugram,2,Onion,2026-08-10,1649.6,23.08,True,1.0
2,Gurugram,2,Onion,2026-08-11,1557.6,22.07,True,1.0
2,Gurugram,2,Onion,2026-08-12,1911.5,22.71,True,1.0
2,Gurugram,2,Onion,2026-08-13,1922.1,23.36,True,1.0
2,Gurugram,2,Onion,2026-08-14,2048.1,23.66,True,1.0
2,Gurugram,2,Onion,2026-08-15,1441.7,23.31,True,1.0
2,Gurugram,2,Onion,2026-08-16,1367.3,23.49,True,1.0
2,Gurugram,2,Onion,2026-08-17,1483.4,22.78,True,1.0
2,Gurugram,2,Onion,2026-08-18,1777.7,23.36,True,1.0
2,Gurugram,2,Onion,2026-08-19,1442.4,22.5,True,1.0
2,Gurugram,2,Onion,2026-08-20,1664.2,23.02,True,1.0
2,Gurugram,2,Onion,2026-08-21,1760.2,23.36,True,1.0
2,Gurugram,2,Onion,2026-08-22,1950.4,23.53,True,1.0
2,Gurugram,2,Onion,2026-08-23,1434.7,23.09,True,1.0
2,Gurugram,2,Onion,2026-08-24,1476.8,23.59,True,1.0
2,Gurugram,2,Onion,2026-08-25,1808.0,22.25,True,1.0
2,Gurugram,2,Onion,2026-08-26,1713.2,23.02,True,1.0
2,Gurugram,2,Onion,2026-08-27,1520.5,23.2,True,1.0
2,Gurugram,2,Onion,2026-08-28,2073.9,23.91,True,1.0
2,Gurugram,2,Onion,2026-08-29,1628.6,23.85,True,1.0
2,Gurugram,2,Onion,2026-08-30,1320.3,24.96,True,1.0
2,Gurugram,2,Onion,2026-08-31,1388.0,23.8,True,1.0
2,Gurugram,2,Onion,2026-09-01,1504.1,24.08,True,1.0
2,Gurugram,2,Onion,2026-09-02,1440.7,23.28,True,1.0
2,Gurugram,2,Onion,2026-09-03,1928.5,23.23,True,1.0
2,Gurugram,2,Onion,2026-09-04,1604.0,23.8,True,1.0
2,Gurugram,2,Onion,2026-09-05,1930.3,24.13,True,1.0
2,Gurugram,2,Onion,2026-09-06,1421.1,24.2,True,1.0
2,Gurugram,2,Onion,2026-09-07,1747.2,24.2,True,1.0
2,Gurugram,2,Onion,2026-09-08,1315.6,24.2,True,1.0
2,Gurugram,2,Onion,2026-09-09,1586.9,24.2,True,1.0
2,Gurugram,2,Onion,2026-09-10,1892.8,23.77,True,1.0
2,Gurugram,2,Onion,2026-09-11,2027.1,22.66,True,1.0
2,Gurugram,2,Onion,2026-09-12,1844.8,23.07,True,1.0
2,Gurugram,2,Onion,2026-09-13,1365.6,22.91,True,1.0
2,Gurugram,2,Onion,2026-09-14,1407.8,23.72,True,1.0
2,Gurugram,2,Onion,2026-09-15,1888.5,23.38,True,1.0
2,Gurugram,2,Onion,2026-09-16,1861.6,23.18,True,1.0
2,Gurugram,2,Onion,2026-09-17,1892.0,23.61,True,1.0
2,Gurugram,2,Onion,2026-09-18,1901.5,24.2,True,1.0
2,Gurugram,2,Onion,2026-09-19,2027.7,23.81,True,1.0
2,Gurugram,2,Onion,2026-09-20,1053.9,24.2,True,1.0
2,Gurugram,2,Onion,2026-09-21,1232.0,24.2,True,1.0
2,Gurugram,2,Onion,2026-09-22,1346.1,24.2,True,1.0
2,Gurugram,2,Onion,2026-09-23,1319.5,24.2,True,1.0
2,Gurugram,2,Onion,2026-09-24,1952.4,24.2,True,1.0
2,Gurugram,2,Onion,2026-09-25,1455.8,24.2,True,1.0
2,Gurugram,2,Onion,2026-09-26,1384.6,24.2,True,1.0
2,Gurugram,2,Onion,2026-09-27,1217.4,24.2,True,1.0
2,Gurugram,2,Onion,2026-09-28,1342.3,24.2,True,1.0
2,Gurugram,2,Onion,2026-09-29,1448.0,23.18,True,1.0
2,Gurugram,2,Onion,2026-09-30,1443.0,23.27,True,1.0
2,Gurugram,3,Potato,2024-10-01,1540.8,18.75,True,1.0
2,Gurugram,3,Potato,2024-10-02,1867.5,19.5,True,1.0
2,Gurugram,3,Potato,2024-10-03,1369.1,19.46,True,1.0
2,Gurugram,3,Potato,2024-10-04,1590.5,19.06,True,1.0
2,Gurugram,3,Potato,2024-10-06,1455.8,18.94,True,1.0
2,Gurugram,3,Potato,2024-10-07,1471.9,18.58,True,1.0
2,Gurugram,3,Potato,2024-10-08,1374.7,18.88,True,1.0
2,Gurugram,3,Potato,2024-10-09,1465.5,19.62,True,1.0
2,Gurugram,3,Potato,2024-10-10,1309.4,19.03,True,1.0
2,Gurugram,3,Potato,2024-10-11,1868.4,19.48,True,1.0
2,Gurugram,3,Potato,2024-10-12,1765.3,19.6,True,1.0
2,Gurugram,3,Potato,2024-10-13,1209.8,19.5,True,1.0
2,Gurugram,3,Potato,2024-10-14,1458.4,19.18,True,1.0
2,Gurugram,3,Potato,2024-10-15,1569.0,19.08,True,1.0
2,Gurugram,3,Potato,2024-10-16,1432.1,18.7,True,1.0
2,Gurugram,3,Potato,2024-10-17,1374.7,19.55,True,1.0
2,Gurugram,3,Potato,2024-10-18,1517.3,18.74,True,1.0
2,Gurugram,3,Potato,2024-10-19,1642.1,19.17,True,1.0
2,Gurugram,3,Potato,2024-10-20,1061.8,19.71,True,1.0
2,Gurugram,3,Potato,2024-10-21,1477.8,19.04,True,1.0
2,Gurugram,3,Potato,2024-10-22,1305.3,19.39,True,1.0
2,Gurugram,3,Potato,2024-10-23,1354.3,19.06,True,1.0
2,Gurugram,3,Potato,2024-10-24,1366.7,18.78,True,1.0
2,Gurugram,3,Potato,2024-10-25,1587.6,18.52,True,1.0
2,Gurugram,3,Potato,2024-10-26,2161.5,17.53,True,1.0
2,Gurugram,3,Potato,2024-10-27,1156.4,17.95,True,1.0
2,Gurugram,3,Potato,2024-10-28,1722.7,18.71,True,1.0
2,Gurugram,3,Potato,2024-10-29,1495.0,18.11,True,1.0
2,Gurugram,3,Potato,2024-10-30,1729.8,18.49,True,1.0
2,Gurugram,3,Potato,2024-10-31,1316.2,18.27,True,1.0
2,Gurugram,3,Potato,2024-11-01,1409.8,17.59,True,1.0
2,Gurugram,3,Potato,2024-11-02,1771.8,18.18,True,1.0
2,Gurugram,3,Potato,2024-11-03,1514.6,18.97,True,1.0
2,Gurugram,3,Potato,2024-11-04,1189.9,18.2,True,1.0
2,Gurugram,3,Potato,2024-11-05,1468.7,18.19,True,1.0
2,Gurugram,3,Potato,2024-11-06,1431.4,17.33,True,1.0
2,Gurugram,3,Potato,2024-11-07,1326.6,17.43,True,1.0
2,Gurugram,3,Potato,2024-11-08,1573.1,17.77,True,1.0
2,Gurugram,3,Potato,2024-11-09,1519.2,18.66,True,1.0
2,Gurugram,3,Potato,2024-11-10,1104.2,19.2,True,1.0
2,Gurugram,3,Potato,2024-11-11,1473.6,19.62,True,1.0
2,Gurugram,3,Potato,2024-11-12,1415.9,18.72,True,1.0
2,Gurugram,3,Potato,2024-11-13,1312.3,18.26,True,1.0
2,Gurugram,3,Potato,2024-11-14,1496.6,17.22,True,1.0
2,Gurugram,3,Potato,2024-11-15,1675.7,16.98,True,1.0
2,Gurugram,3,Potato,2024-11-16,1514.2,16.45,True,1.0
2,Gurugram,3,Potato,2024-11-17,1226.2,16.95,True,1.0
2,Gurugram,3,Potato,2024-11-18,1284.7,16.78,True,1.0
2,Gurugram,3,Potato,2024-11-19,1421.5,16.47,True,1.0
2,Gurugram,3,Potato,2024-11-20,1465.0,16.59,True,1.0
2,Gurugram,3,Potato,2024-11-21,1432.7,16.29,True,1.0
2,Gurugram,3,Potato,2024-11-22,1853.8,16.77,True,1.0
2,Gurugram,3,Potato,2024-11-23,1906.9,17.1,True,1.0
2,Gurugram,3,Potato,2024-11-24,1174.7,17.04,True,1.0
2,Gurugram,3,Potato,2024-11-25,1353.1,16.79,True,1.0
2,Gurugram,3,Potato,2024-11-26,1541.6,16.32,True,1.0
2,Gurugram,3,Potato,2024-11-27,1425.7,16.89,True,1.0
2,Gurugram,3,Potato,2024-11-28,1295.7,17.13,True,1.0
2,Gurugram,3,Potato,2024-11-29,2012.3,17.41,True,1.0
2,Gurugram,3,Potato,2024-11-30,1908.2,17.22,True,1.0
2,Gurugram,3,Potato,2024-12-01,1185.5,17.13,True,1.0
2,Gurugram,3,Potato,2024-12-02,1611.3,17.89,True,1.0
2,Gurugram,3,Potato,2024-12-03,1154.9,17.39,True,1.0
2,Gurugram,3,Potato,2024-12-04,1676.1,17.19,True,1.0
2,Gurugram,3,Potato,2024-12-05,1484.8,17.56,True,1.0
2,Gurugram,3,Potato,2024-12-06,1583.2,17.6,True,1.0
2,Gurugram,3,Potato,2024-12-07,1566.2,16.48,True,1.0
2,Gurugram,3,Potato,2024-12-08,1304.0,15.89,True,1.0
2,Gurugram,3,Potato,2024-12-09,1324.8,15.95,True,1.0
2,Gurugram,3,Potato,2024-12-10,1189.2,16.72,True,1.0
2,Gurugram,3,Potato,2024-12-11,1626.0,17.16,True,1.0
2,Gurugram,3,Potato,2024-12-12,1770.9,17.4,True,1.0
2,Gurugram,3,Potato,2024-12-13,1266.3,17.61,True,1.0
2,Gurugram,3,Potato,2024-12-14,1668.3,16.97,True,1.0
2,Gurugram,3,Potato,2024-12-15,1341.6,17.29,True,1.0
2,Gurugram,3,Potato,2024-12-16,1315.6,16.76,True,1.0
2,Gurugram,3,Potato,2024-12-17,1435.9,17.3,True,1.0
2,Gurugram,3,Potato,2024-12-18,1466.6,16.96,True,1.0
2,Gurugram,3,Potato,2024-12-19,1476.9,17.11,True,1.0
2,Gurugram,3,Potato,2024-12-20,1548.5,16.18,True,1.0
2,Gurugram,3,Potato,2024-12-21,1879.7,15.79,True,1.0
2,Gurugram,3,Potato,2024-12-22,1217.9,16.64,True,1.0
2,Gurugram,3,Potato,2024-12-23,1568.0,17.07,True,1.0
2,Gurugram,3,Potato,2024-12-24,1775.9,16.44,True,1.0
2,Gurugram,3,Potato,2024-12-25,1694.8,17.21,True,1.0
2,Gurugram,3,Potato,2024-12-26,1627.0,16.59,True,1.0
2,Gurugram,3,Potato,2024-12-27,1502.8,16.69,True,1.0
2,Gurugram,3,Potato,2024-12-28,1805.9,16.52,True,1.0
2,Gurugram,3,Potato,2024-12-29,1382.6,16.2,True,1.0
2,Gurugram,3,Potato,2024-12-30,1388.8,16.95,True,1.0
2,Gurugram,3,Potato,2024-12-31,1252.2,17.76,True,1.0
2,Gurugram,3,Potato,2025-01-01,1508.4,17.58,True,1.0
2,Gurugram,3,Potato,2025-01-02,1264.3,18.13,True,1.0
2,Gurugram,3,Potato,2025-01-03,1532.0,17.59,True,1.0
2,Gurugram,3,Potato,2025-01-04,1653.4,17.41,True,1.0
2,Gurugram,3,Potato,2025-01-05,1081.8,17.3,True,1.0
2,Gurugram,3,Potato,2025-01-06,1496.3,16.59,True,1.0
2,Gurugram,3,Potato,2025-01-07,1900.3,16.9,True,1.0
2,Gurugram,3,Potato,2025-01-08,1305.0,17.21,True,1.0
2,Gurugram,3,Potato,2025-01-09,1672.1,17.0,True,1.0
2,Gurugram,3,Potato,2025-01-10,1796.5,16.14,True,1.0
2,Gurugram,3,Potato,2025-01-11,1859.0,16.5,True,1.0
2,Gurugram,3,Potato,2025-01-12,1313.4,15.88,True,1.0
2,Gurugram,3,Potato,2025-01-13,1570.0,15.77,True,1.0
2,Gurugram,3,Potato,2025-01-14,1852.7,16.13,True,1.0
2,Gurugram,3,Potato,2025-01-15,1606.7,15.96,True,1.0
2,Gurugram,3,Potato,2025-01-16,1603.7,16.31,True,1.0
2,Gurugram,3,Potato,2025-01-17,2292.6,16.34,True,1.0
2,Gurugram,3,Potato,2025-01-18,1863.1,15.71,True,1.0
2,Gurugram,3,Potato,2025-01-19,1793.7,16.09,True,1.0
2,Gurugram,3,Potato,2025-01-20,1457.3,16.56,True,1.0
2,Gurugram,3,Potato,2025-01-21,1362.7,17.1,True,1.0
2,Gurugram,3,Potato,2025-01-22,1384.6,16.82,True,1.0
2,Gurugram,3,Potato,2025-01-23,1634.2,16.76,True,1.0
2,Gurugram,3,Potato,2025-01-24,1666.3,16.06,True,1.0
2,Gurugram,3,Potato,2025-01-25,1899.3,17.2,True,1.0
2,Gurugram,3,Potato,2025-01-26,1247.9,17.81,True,1.0
2,Gurugram,3,Potato,2025-01-27,1590.7,17.46,True,1.0
2,Gurugram,3,Potato,2025-01-28,1897.3,17.18,True,1.0
2,Gurugram,3,Potato,2025-01-29,2022.2,15.68,True,1.0
2,Gurugram,3,Potato,2025-01-30,1751.7,16.47,True,1.0
2,Gurugram,3,Potato,2025-01-31,1728.9,16.82,True,1.0
2,Gurugram,3,Potato,2025-02-01,1855.9,17.19,True,1.0
2,Gurugram,3,Potato,2025-02-02,1306.1,16.86,True,1.0
2,Gurugram,3,Potato,2025-02-03,1909.2,16.6,True,1.0
2,Gurugram,3,Potato,2025-02-04,1462.1,16.07,True,1.0
2,Gurugram,3,Potato,2025-02-05,1678.9,16.64,True,1.0
2,Gurugram,3,Potato,2025-02-06,2141.2,17.28,True,1.0
2,Gurugram,3,Potato,2025-02-07,1746.3,17.68,True,1.0
2,Gurugram,3,Potato,2025-02-08,1527.5,17.5,True,1.0
2,Gurugram,3,Potato,2025-02-09,2271.9,17.12,True,1.0
2,Gurugram,3,Potato,2025-02-10,1411.7,16.51,True,1.0
2,Gurugram,3,Potato,2025-02-11,1421.8,16.26,True,1.0
2,Gurugram,3,Potato,2025-02-12,1705.6,16.64,True,1.0
2,Gurugram,3,Potato,2025-02-13,1450.2,16.55,True,1.0
2,Gurugram,3,Potato,2025-02-14,1771.9,17.42,True,1.0
2,Gurugram,3,Potato,2025-02-15,1693.5,17.81,True,1.0
2,Gurugram,3,Potato,2025-02-16,1014.4,17.21,True,1.0
2,Gurugram,3,Potato,2025-02-17,1545.0,16.51,True,1.0
2,Gurugram,3,Potato,2025-02-18,1703.6,16.35,True,1.0
2,Gurugram,3,Potato,2025-02-19,1694.8,17.0,True,1.0
2,Gurugram,3,Potato,2025-02-20,2193.4,16.71,True,1.0
2,Gurugram,3,Potato,2025-02-21,1882.6,17.02,True,1.0
2,Gurugram,3,Potato,2025-02-22,1629.3,16.7,True,1.0
2,Gurugram,3,Potato,2025-02-23,1548.5,16.92,True,1.0
2,Gurugram,3,Potato,2025-02-24,1733.3,17.17,True,1.0
2,Gurugram,3,Potato,2025-02-25,1722.1,17.57,True,1.0
2,Gurugram,3,Potato,2025-02-26,1578.8,18.1,True,1.0
2,Gurugram,3,Potato,2025-02-27,1726.0,18.41,True,1.0
2,Gurugram,3,Potato,2025-02-28,1856.2,17.69,True,1.0
2,Gurugram,3,Potato,2025-03-01,1920.3,17.39,True,1.0
2,Gurugram,3,Potato,2025-03-02,1493.8,16.69,True,1.0
2,Gurugram,3,Potato,2025-03-03,1542.9,16.66,True,1.0
2,Gurugram,3,Potato,2025-03-04,1872.0,16.77,True,1.0
2,Gurugram,3,Potato,2025-03-05,1826.3,16.64,True,1.0
2,Gurugram,3,Potato,2025-03-06,1563.2,16.51,True,1.0
2,Gurugram,3,Potato,2025-03-07,2119.6,17.16,True,1.0
2,Gurugram,3,Potato,2025-03-08,1903.2,17.57,True,1.0
2,Gurugram,3,Potato,2025-03-09,1726.1,17.61,True,1.0
2,Gurugram,3,Potato,2025-03-10,2051.4,16.82,True,1.0
2,Gurugram,3,Potato,2025-03-11,1736.7,17.0,True,1.0
2,Gurugram,3,Potato,2025-03-12,1610.0,16.84,True,1.0
2,Gurugram,3,Potato,2025-03-13,2048.1,17.57,True,1.0
2,Gurugram,3,Potato,2025-03-14,1574.0,16.56,True,1.0
2,Gurugram,3,Potato,2025-03-15,2260.1,16.47,True,1.0
2,Gurugram,3,Potato,2025-03-16,1449.4,16.39,True,1.0
2,Gurugram,3,Potato,2025-03-17,1958.1,16.4,True,1.0
2,Gurugram,3,Potato,2025-03-18,2023.0,17.1,True,1.0
2,Gurugram,3,Potato,2025-03-19,1822.3,16.01,True,1.0
2,Gurugram,3,Potato,2025-03-20,1961.3,16.27,True,1.0
2,Gurugram,3,Potato,2025-03-21,2138.7,16.96,True,1.0
2,Gurugram,3,Potato,2025-03-22,2261.4,17.53,True,1.0
2,Gurugram,3,Potato,2025-03-23,1572.2,17.18,True,1.0
2,Gurugram,3,Potato,2025-03-24,1736.2,16.89,True,1.0
2,Gurugram,3,Potato,2025-03-25,1931.4,17.18,True,1.0
2,Gurugram,3,Potato,2025-03-26,1668.1,17.3,True,1.0
2,Gurugram,3,Potato,2025-03-27,1758.2,17.35,True,1.0
2,Gurugram,3,Potato,2025-03-28,1575.2,15.57,True,1.0
2,Gurugram,3,Potato,2025-03-29,2145.9,15.58,True,1.0
2,Gurugram,3,Potato,2025-03-30,1691.7,15.71,True,1.0
2,Gurugram,3,Potato,2025-03-31,1802.1,16.51,True,1.0
2,Gurugram,3,Potato,2025-04-01,1733.6,16.11,True,1.0
2,Gurugram,3,Potato,2025-04-02,1958.4,16.02,True,1.0
2,Gurugram,3,Potato,2025-04-03,1908.8,16.37,True,1.0
2,Gurugram,3,Potato,2025-04-04,2160.5,16.1,True,1.0
2,Gurugram,3,Potato,2025-04-05,2260.5,16.82,True,1.0
2,Gurugram,3,Potato,2025-04-06,1712.2,16.84,True,1.0
2,Gurugram,3,Potato,2025-04-07,2231.1,17.97,True,1.0
2,Gurugram,3,Potato,2025-04-08,1602.1,17.54,True,1.0
2,Gurugram,3,Potato,2025-04-09,1903.8,17.27,True,1.0
2,Gurugram,3,Potato,2025-04-10,1840.0,17.78,True,1.0
2,Gurugram,3,Potato,2025-04-11,1826.2,17.41,True,1.0
2,Gurugram,3,Potato,2025-04-12,2420.0,18.26,True,1.0
2,Gurugram,3,Potato,2025-04-13,1255.5,18.33,True,1.0
2,Gurugram,3,Potato,2025-04-14,1662.7,17.99,True,1.0
2,Gurugram,3,Potato,2025-04-15,1772.5,17.83,True,1.0
2,Gurugram,3,Potato,2025-04-16,1707.1,19.31,True,1.0
2,Gurugram,3,Potato,2025-04-17,2250.4,19.1,True,1.0
2,Gurugram,3,Potato,2025-04-18,1910.9,18.78,True,1.0
2,Gurugram,3,Potato,2025-04-19,1897.0,18.41,True,1.0
2,Gurugram,3,Potato,2025-04-20,1488.9,18.79,True,1.0
2,Gurugram,3,Potato,2025-04-21,1592.0,17.72,True,1.0
2,Gurugram,3,Potato,2025-04-22,1881.7,17.67,True,1.0
2,Gurugram,3,Potato,2025-04-23,1852.7,16.36,True,1.0
2,Gurugram,3,Potato,2025-04-24,1546.4,16.56,True,1.0
2,Gurugram,3,Potato,2025-04-25,2170.2,17.38,True,1.0
2,Gurugram,3,Potato,2025-04-26,1998.7,18.26,True,1.0
2,Gurugram,3,Potato,2025-04-27,1454.5,18.49,True,1.0
2,Gurugram,3,Potato,2025-04-28,1768.9,18.69,True,1.0
2,Gurugram,3,Potato,2025-04-29,1533.9,17.6,True,1.0
2,Gurugram,3,Potato,2025-04-30,1797.6,17.39,True,1.0
2,Gurugram,3,Potato,2025-05-01,1668.1,18.35,True,1.0
2,Gurugram,3,Potato,2025-05-02,1484.5,18.0,True,1.0
2,Gurugram,3,Potato,2025-05-03,2061.6,17.97,True,1.0
2,Gurugram,3,Potato,2025-05-04,1492.0,17.61,True,1.0
2,Gurugram,3,Potato,2025-05-05,1714.5,17.3,True,1.0
2,Gurugram,3,Potato,2025-05-06,1235.7,17.33,True,1.0
2,Gurugram,3,Potato,2025-05-07,1778.4,17.26,True,1.0
2,Gurugram,3,Potato,2025-05-08,1636.9,18.03,True,1.0
2,Gurugram,3,Potato,2025-05-09,1775.3,18.2,True,1.0
2,Gurugram,3,Potato,2025-05-10,2577.0,18.76,True,1.0
2,Gurugram,3,Potato,2025-05-11,1431.1,17.89,True,1.0
2,Gurugram,3,Potato,2025-05-12,1657.2,18.66,True,1.0
2,Gurugram,3,Potato,2025-05-13,1630.6,18.57,True,1.0
2,Gurugram,3,Potato,2025-05-14,1612.4,19.5,True,1.0
2,Gurugram,3,Potato,2025-05-15,1977.5,19.13,True,1.0
2,Gurugram,3,Potato,2025-05-16,1835.0,18.11,True,1.0
2,Gurugram,3,Potato,2025-05-17,1988.6,18.88,True,1.0
2,Gurugram,3,Potato,2025-05-18,1478.0,18.67,True,1.0
2,Gurugram,3,Potato,2025-05-19,1512.4,17.5,True,1.0
2,Gurugram,3,Potato,2025-05-20,1652.0,17.86,True,1.0
2,Gurugram,3,Potato,2025-05-21,1643.6,18.17,True,1.0
2,Gurugram,3,Potato,2025-05-22,1903.5,18.84,True,1.0
2,Gurugram,3,Potato,2025-05-23,1816.9,16.92,True,1.0
2,Gurugram,3,Potato,2025-05-24,1955.0,17.98,True,1.0
2,Gurugram,3,Potato,2025-05-25,1205.0,17.91,True,1.0
2,Gurugram,3,Potato,2025-05-26,1500.5,19.13,True,1.0
2,Gurugram,3,Potato,2025-05-27,1670.2,18.07,True,1.0
2,Gurugram,3,Potato,2025-05-28,1704.6,18.52,True,1.0
2,Gurugram,3,Potato,2025-05-29,2113.1,18.78,True,1.0
2,Gurugram,3,Potato,2025-05-30,1747.4,18.52,True,1.0
2,Gurugram,3,Potato,2025-05-31,1766.0,18.16,True,1.0
2,Gurugram,3,Potato,2025-06-01,1505.5,18.13,True,1.0
2,Gurugram,3,Potato,2025-06-02,1463.2,18.12,True,1.0
2,Gurugram,3,Potato,2025-06-03,2026.3,17.66,True,1.0
2,Gurugram,3,Potato,2025-06-04,1725.6,18.5,True,1.0
2,Gurugram,3,Potato,2025-06-05,1947.0,18.01,True,1.0
2,Gurugram,3,Potato,2025-06-06,2125.5,18.78,True,1.0
2,Gurugram,3,Potato,2025-06-07,2572.7,17.85,True,1.0
2,Gurugram,3,Potato,2025-06-08,1134.6,18.05,True,1.0
2,Gurugram,3,Potato,2025-06-09,1673.4,18.2,True,1.0
2,Gurugram,3,Potato,2025-06-10,1730.1,18.38,True,1.0
2,Gurugram,3,Potato,2025-06-11,1817.7,19.04,True,1.0
2,Gurugram,3,Potato,2025-06-12,1596.9,18.89,True,1.0
2,Gurugram,3,Potato,2025-06-13,2235.6,18.65,True,1.0
2,Gurugram,3,Potato,2025-06-14,1961.6,18.62,True,1.0
2,Gurugram,3,Potato,2025-06-15,1533.8,19.25,True,1.0
2,Gurugram,3,Potato,2025-06-16,1974.2,18.51,True,1.0
2,Gurugram,3,Potato,2025-06-17,1836.4,18.11,True,1.0
2,Gurugram,3,Potato,2025-06-18,2024.4,17.36,True,1.0
2,Gurugram,3,Potato,2025-06-19,1606.7,18.9,True,1.0
2,Gurugram,3,Potato,2025-06-20,1705.6,18.31,True,1.0
2,Gurugram,3,Potato,2025-06-21,1801.5,17.55,True,1.0
2,Gurugram,3,Potato,2025-06-22,1447.0,17.57,True,1.0
2,Gurugram,3,Potato,2025-06-23,1791.1,17.69,True,1.0
2,Gurugram,3,Potato,2025-06-24,1915.7,18.86,True,1.0
2,Gurugram,3,Potato,2025-06-25,1695.5,18.67,True,1.0
2,Gurugram,3,Potato,2025-06-26,1918.7,18.95,True,1.0
2,Gurugram,3,Potato,2025-06-27,1388.8,18.04,True,1.0
2,Gurugram,3,Potato,2025-06-28,2918.9,18.46,True,1.0
2,Gurugram,3,Potato,2025-06-29,1368.2,17.8,True,1.0
2,Gurugram,3,Potato,2025-06-30,1748.0,18.02,True,1.0
2,Gurugram,3,Potato,2025-07-01,1570.7,17.95,True,1.0
2,Gurugram,3,Potato,2025-07-02,1784.1,18.33,True,1.0
2,Gurugram,3,Potato,2025-07-03,2017.6,18.91,True,1.0
2,Gurugram,3,Potato,2025-07-04,1600.4,18.27,True,1.0
2,Gurugram,3,Potato,2025-07-05,1899.1,17.94,True,1.0
2,Gurugram,3,Potato,2025-07-06,1317.3,18.41,True,1.0
2,Gurugram,3,Potato,2025-07-07,1455.2,19.0,True,1.0
2,Gurugram,3,Potato,2025-07-08,1706.3,19.85,True,1.0
2,Gurugram,3,Potato,2025-07-09,1725.2,19.39,True,1.0
2,Gurugram,3,Potato,2025-07-10,1625.8,18.52,True,1.0
2,Gurugram,3,Potato,2025-07-11,2467.0,18.83,True,1.0
2,Gurugram,3,Potato,2025-07-12,2050.3,18.52,True,1.0
2,Gurugram,3,Potato,2025-07-13,1554.4,18.24,True,1.0
2,Gurugram,3,Potato,2025-07-14,1812.0,19.29,True,1.0
2,Gurugram,3,Potato,2025-07-15,1516.6,19.61,True,1.0
2,Gurugram,3,Potato,2025-07-16,1588.7,19.1,True,1.0
2,Gurugram,3,Potato,2025-07-17,1479.3,19.13,True,1.0
2,Gurugram,3,Potato,2025-07-18,1815.2,19.12,True,1.0
2,Gurugram,3,Potato,2025-07-19,2061.6,19.25,True,1.0
2,Gurugram,3,Potato,2025-07-20,1144.5,19.03,True,1.0
2,Gurugram,3,Potato,2025-07-21,1829.3,18.08,True,1.0
2,Gurugram,3,Potato,2025-07-22,1558.9,17.92,True,1.0
2,Gurugram,3,Potato,2025-07-23,1944.5,18.04,True,1.0
2,Gurugram,3,Potato,2025-07-24,1792.2,18.41,True,1.0
2,Gurugram,3,Potato,2025-07-25,1604.6,18.09,True,1.0
2,Gurugram,3,Potato,2025-07-26,2896.2,18.53,True,1.0
2,Gurugram,3,Potato,2025-07-27,1161.3,18.55,True,1.0
2,Gurugram,3,Potato,2025-07-28,1454.8,18.36,True,1.0
2,Gurugram,3,Potato,2025-07-30,1620.2,18.58,True,1.0
2,Gurugram,3,Potato,2025-07-31,1423.5,19.01,True,1.0
2,Gurugram,3,Potato,2025-08-01,1716.6,19.52,True,1.0
2,Gurugram,3,Potato,2025-08-02,1895.0,19.75,True,1.0
2,Gurugram,3,Potato,2025-08-03,1365.7,19.95,True,1.0
2,Gurugram,3,Potato,2025-08-04,1816.9,19.96,True,1.0
2,Gurugram,3,Potato,2025-08-05,1369.9,18.77,True,1.0
2,Gurugram,3,Potato,2025-08-06,2009.6,18.76,True,1.0
2,Gurugram,3,Potato,2025-08-07,1601.2,18.15,True,1.0
2,Gurugram,3,Potato,2025-08-08,1660.1,19.21,True,1.0
2,Gurugram,3,Potato,2025-08-09,1736.3,19.21,True,1.0
2,Gurugram,3,Potato,2025-08-10,1244.8,19.92,True,1.0
2,Gurugram,3,Potato,2025-08-11,1203.4,19.14,True,1.0
2,Gurugram,3,Potato,2025-08-12,1312.1,19.11,True,1.0
2,Gurugram,3,Potato,2025-08-13,1396.0,19.29,True,1.0
2,Gurugram,3,Potato,2025-08-14,1587.1,19.08,True,1.0
2,Gurugram,3,Potato,2025-08-15,1319.2,19.22,True,1.0
2,Gurugram,3,Potato,2025-08-16,1746.3,20.04,True,1.0
2,Gurugram,3,Potato,2025-08-17,1204.3,19.21,True,1.0
2,Gurugram,3,Potato,2025-08-18,1269.8,17.81,True,1.0
2,Gurugram,3,Potato,2025-08-19,1586.9,19.06,True,1.0
2,Gurugram,3,Potato,2025-08-20,1542.1,18.66,True,1.0
2,Gurugram,3,Potato,2025-08-21,1409.4,19.42,True,1.0
2,Gurugram,3,Potato,2025-08-22,1539.9,19.7,True,1.0
2,Gurugram,3,Potato,2025-08-23,1676.4,19.41,True,1.0
2,Gurugram,3,Potato,2025-08-24,1316.2,19.54,True,1.0
2,Gurugram,3,Potato,2025-08-25,2127.4,18.79,True,1.0
2,Gurugram,3,Potato,2025-08-26,1727.9,18.93,True,1.0
2,Gurugram,3,Potato,2025-08-27,1654.1,19.3,True,1.0
2,Gurugram,3,Potato,2025-08-28,1466.7,18.82,True,1.0
2,Gurugram,3,Potato,2025-08-29,1413.8,18.69,True,1.0
2,Gurugram,3,Potato,2025-08-30,1796.0,18.97,True,1.0
2,Gurugram,3,Potato,2025-08-31,1005.9,19.73,True,1.0
2,Gurugram,3,Potato,2025-09-01,1420.1,19.52,True,1.0
2,Gurugram,3,Potato,2025-09-02,1417.6,19.13,True,1.0
2,Gurugram,3,Potato,2025-09-03,1500.5,19.02,True,1.0
2,Gurugram,3,Potato,2025-09-04,1875.3,19.65,True,1.0
2,Gurugram,3,Potato,2025-09-05,1566.8,19.1,True,1.0
2,Gurugram,3,Potato,2025-09-06,1818.2,18.9,True,1.0
2,Gurugram,3,Potato,2025-09-07,1390.6,18.58,True,1.0
2,Gurugram,3,Potato,2025-09-08,1662.9,18.58,True,1.0
2,Gurugram,3,Potato,2025-09-09,1481.1,18.8,True,1.0
2,Gurugram,3,Potato,2025-09-10,1669.7,19.4,True,1.0
2,Gurugram,3,Potato,2025-09-11,1491.1,18.11,True,1.0
2,Gurugram,3,Potato,2025-09-12,1777.5,18.64,True,1.0
2,Gurugram,3,Potato,2025-09-13,1818.7,18.24,True,1.0
2,Gurugram,3,Potato,2025-09-14,1242.5,18.73,True,1.0
2,Gurugram,3,Potato,2025-09-15,1290.3,19.44,True,1.0
2,Gurugram,3,Potato,2025-09-16,1406.8,19.81,True,1.0
2,Gurugram,3,Potato,2025-09-17,1392.1,19.59,True,1.0
2,Gurugram,3,Potato,2025-09-18,1552.9,19.81,True,1.0
2,Gurugram,3,Potato,2025-09-19,1598.7,18.98,True,1.0
2,Gurugram,3,Potato,2025-09-20,1415.5,18.87,True,1.0
2,Gurugram,3,Potato,2025-09-21,1192.8,19.67,True,1.0
2,Gurugram,3,Potato,2025-09-22,1462.0,18.95,True,1.0
2,Gurugram,3,Potato,2025-09-23,1459.1,18.98,True,1.0
2,Gurugram,3,Potato,2025-09-24,1266.4,18.69,True,1.0
2,Gurugram,3,Potato,2025-09-25,1854.4,18.58,True,1.0
2,Gurugram,3,Potato,2025-09-26,1359.0,18.82,True,1.0
2,Gurugram,3,Potato,2025-09-27,1618.8,18.62,True,1.0
2,Gurugram,3,Potato,2025-09-28,1177.5,18.61,True,1.0
2,Gurugram,3,Potato,2025-09-29,1334.6,18.34,True,1.0
2,Gurugram,3,Potato,2025-09-30,1911.7,17.47,True,1.0
2,Gurugram,3,Potato,2025-10-01,1825.7,17.89,True,1.0
2,Gurugram,3,Potato,2025-10-02,1579.5,18.31,True,1.0
2,Gurugram,3,Potato,2025-10-03,1520.6,19.11,True,1.0
2,Gurugram,3,Potato,2025-10-04,1829.0,18.85,True,1.0
2,Gurugram,3,Potato,2025-10-05,1289.7,18.0,True,1.0
2,Gurugram,3,Potato,2025-10-07,1285.1,18.23,True,1.0
2,Gurugram,3,Potato,2025-10-08,1333.6,18.24,True,1.0
2,Gurugram,3,Potato,2025-10-09,1387.6,18.43,True,1.0
2,Gurugram,3,Potato,2025-10-10,1629.6,18.23,True,1.0
2,Gurugram,3,Potato,2025-10-11,1801.3,19.27,True,1.0
2,Gurugram,3,Potato,2025-10-12,1620.9,19.94,True,1.0
2,Gurugram,3,Potato,2025-10-13,1368.6,18.93,True,1.0
2,Gurugram,3,Potato,2025-10-14,1610.6,19.22,True,1.0
2,Gurugram,3,Potato,2025-10-15,1429.5,19.1,True,1.0
2,Gurugram,3,Potato,2025-10-16,1437.2,18.84,True,1.0
2,Gurugram,3,Potato,2025-10-17,1735.5,18.2,True,1.0
2,Gurugram,3,Potato,2025-10-18,1835.7,19.07,True,1.0
2,Gurugram,3,Potato,2025-10-19,1272.7,19.43,True,1.0
2,Gurugram,3,Potato,2025-10-20,1454.4,18.26,True,1.0
2,Gurugram,3,Potato,2025-10-21,1504.6,18.96,True,1.0
2,Gurugram,3,Potato,2025-10-22,1252.7,18.68,True,1.0
2,Gurugram,3,Potato,2025-10-23,1452.2,18.19,True,1.0
2,Gurugram,3,Potato,2025-10-24,1443.8,17.66,True,1.0
2,Gurugram,3,Potato,2025-10-25,1737.2,18.26,True,1.0
2,Gurugram,3,Potato,2025-10-26,1325.5,18.4,True,1.0
2,Gurugram,3,Potato,2025-10-27,1533.6,17.83,True,1.0
2,Gurugram,3,Potato,2025-10-28,1297.7,17.47,True,1.0
2,Gurugram,3,Potato,2025-10-29,1432.6,17.42,True,1.0
2,Gurugram,3,Potato,2025-10-30,1508.2,17.32,True,1.0
2,Gurugram,3,Potato,2025-10-31,1364.2,17.76,True,1.0
2,Gurugram,3,Potato,2025-11-01,1669.1,18.0,True,1.0
2,Gurugram,3,Potato,2025-11-02,1483.3,17.64,True,1.0
2,Gurugram,3,Potato,2025-11-03,1399.3,16.88,True,1.0
2,Gurugram,3,Potato,2025-11-04,1581.8,16.52,True,1.0
2,Gurugram,3,Potato,2025-11-05,1574.1,17.32,True,1.0
2,Gurugram,3,Potato,2025-11-06,1452.1,16.97,True,1.0
2,Gurugram,3,Potato,2025-11-07,1480.6,17.26,True,1.0
2,Gurugram,3,Potato,2025-11-08,1595.3,16.55,True,1.0
2,Gurugram,3,Potato,2025-11-09,1111.9,17.09,True,1.0
2,Gurugram,3,Potato,2025-11-10,1364.3,18.24,True,1.0
2,Gurugram,3,Potato,2025-11-11,1447.4,17.4,True,1.0
2,Gurugram,3,Potato,2025-11-12,1949.4,17.76,True,1.0
2,Gurugram,3,Potato,2025-11-13,1721.8,17.86,True,1.0
2,Gurugram,3,Potato,2025-11-14,1310.0,18.26,True,1.0
2,Gurugram,3,Potato,2025-11-15,1543.4,17.99,True,1.0
2,Gurugram,3,Potato,2025-11-16,1339.1,18.01,True,1.0
2,Gurugram,3,Potato,2025-11-17,1649.7,17.97,True,1.0
2,Gurugram,3,Potato,2025-11-18,1674.9,18.13,True,1.0
2,Gurugram,3,Potato,2025-11-19,1226.6,17.52,True,1.0
2,Gurugram,3,Potato,2025-11-20,1989.0,17.61,True,1.0
2,Gurugram,3,Potato,2025-11-21,1215.2,17.98,True,1.0
2,Gurugram,3,Potato,2025-11-22,1288.0,18.43,True,1.0
2,Gurugram,3,Potato,2025-11-23,1139.8,18.39,True,1.0
2,Gurugram,3,Potato,2025-11-24,1600.5,17.52,True,1.0
2,Gurugram,3,Potato,2025-11-25,1879.5,16.72,True,1.0
2,Gurugram,3,Potato,2025-11-26,1587.7,17.12,True,1.0
2,Gurugram,3,Potato,2025-11-27,1337.0,16.7,True,1.0
2,Gurugram,3,Potato,2025-11-28,1490.7,17.3,True,1.0
2,Gurugram,3,Potato,2025-11-29,1990.0,17.17,True,1.0
2,Gurugram,3,Potato,2025-11-30,1210.2,17.72,True,1.0
2,Gurugram,3,Potato,2025-12-01,1554.4,18.69,True,1.0
2,Gurugram,3,Potato,2025-12-02,1557.5,18.22,True,1.0
2,Gurugram,3,Potato,2025-12-03,1296.9,17.87,True,1.0
2,Gurugram,3,Potato,2025-12-04,1245.6,18.19,True,1.0
2,Gurugram,3,Potato,2025-12-05,1612.1,18.45,True,1.0
2,Gurugram,3,Potato,2025-12-06,1619.5,18.97,True,1.0
2,Gurugram,3,Potato,2025-12-07,1263.3,18.52,True,1.0
2,Gurugram,3,Potato,2025-12-08,1627.8,17.78,True,1.0
2,Gurugram,3,Potato,2025-12-10,1356.6,17.15,True,1.0
2,Gurugram,3,Potato,2025-12-11,1482.3,17.26,True,1.0
2,Gurugram,3,Potato,2025-12-12,2273.6,16.79,True,1.0
2,Gurugram,3,Potato,2025-12-13,2222.9,17.32,True,1.0
2,Gurugram,3,Potato,2025-12-14,1236.2,17.59,True,1.0
2,Gurugram,3,Potato,2025-12-15,1294.7,17.5,True,1.0
2,Gurugram,3,Potato,2025-12-16,1425.8,17.38,True,1.0
2,Gurugram,3,Potato,2025-12-17,1415.7,17.18,True,1.0
2,Gurugram,3,Potato,2025-12-18,1702.7,17.78,True,1.0
2,Gurugram,3,Potato,2025-12-19,1799.0,18.15,True,1.0
2,Gurugram,3,Potato,2025-12-20,1752.0,17.87,True,1.0
2,Gurugram,3,Potato,2025-12-21,1608.0,17.17,True,1.0
2,Gurugram,3,Potato,2025-12-22,1343.1,16.55,True,1.0
2,Gurugram,3,Potato,2025-12-23,1779.0,16.81,True,1.0
2,Gurugram,3,Potato,2025-12-24,1972.8,16.54,True,1.0
2,Gurugram,3,Potato,2025-12-25,1389.4,16.89,True,1.0
2,Gurugram,3,Potato,2025-12-26,1664.3,16.71,True,1.0
2,Gurugram,3,Potato,2025-12-27,1812.4,17.15,True,1.0
2,Gurugram,3,Potato,2025-12-28,1469.1,17.17,True,1.0
2,Gurugram,3,Potato,2025-12-29,1499.0,17.58,True,1.0
2,Gurugram,3,Potato,2025-12-30,1840.8,16.29,True,1.0
2,Gurugram,3,Potato,2025-12-31,1469.7,16.36,True,1.0
2,Gurugram,3,Potato,2026-01-01,1610.4,17.58,True,1.0
2,Gurugram,3,Potato,2026-01-02,1370.8,16.16,True,1.0
2,Gurugram,3,Potato,2026-01-03,2417.6,16.76,True,1.0
2,Gurugram,3,Potato,2026-01-04,1249.7,16.98,True,1.0
2,Gurugram,3,Potato,2026-01-05,1721.6,17.57,True,1.0
2,Gurugram,3,Potato,2026-01-06,1596.7,17.25,True,1.0
2,Gurugram,3,Potato,2026-01-07,1851.1,17.71,True,1.0
2,Gurugram,3,Potato,2026-01-08,1322.0,18.05,True,1.0
2,Gurugram,3,Potato,2026-01-09,2031.6,17.76,True,1.0
2,Gurugram,3,Potato,2026-01-10,1982.6,16.89,True,1.0
2,Gurugram,3,Potato,2026-01-11,1264.4,17.31,True,1.0
2,Gurugram,3,Potato,2026-01-12,1648.0,16.67,True,1.0
2,Gurugram,3,Potato,2026-01-13,1820.0,16.64,True,1.0
2,Gurugram,3,Potato,2026-01-14,1787.1,17.13,True,1.0
2,Gurugram,3,Potato,2026-01-15,1597.5,17.56,True,1.0
2,Gurugram,3,Potato,2026-01-16,1300.5,17.15,True,1.0
2,Gurugram,3,Potato,2026-01-17,1803.1,17.33,True,1.0
2,Gurugram,3,Potato,2026-01-18,1379.8,16.42,True,1.0
2,Gurugram,3,Potato,2026-01-20,2424.1,17.13,True,1.0
2,Gurugram,3,Potato,2026-01-21,1466.8,17.68,True,1.0
2,Gurugram,3,Potato,2026-01-22,1840.8,17.73,True,1.0
2,Gurugram,3,Potato,2026-01-23,2349.4,17.36,True,1.0
2,Gurugram,3,Potato,2026-01-24,1648.6,17.59,True,1.0
2,Gurugram,3,Potato,2026-01-25,1569.5,17.32,True,1.0
2,Gurugram,3,Potato,2026-01-27,1537.0,17.12,True,1.0
2,Gurugram,3,Potato,2026-01-28,1737.6,16.63,True,1.0
2,Gurugram,3,Potato,2026-01-29,1422.6,17.01,True,1.0
2,Gurugram,3,Potato,2026-01-30,1837.9,16.42,True,1.0
2,Gurugram,3,Potato,2026-01-31,2212.0,16.89,True,1.0
2,Gurugram,3,Potato,2026-02-01,1519.0,16.39,True,1.0
2,Gurugram,3,Potato,2026-02-02,1860.7,16.16,True,1.0
2,Gurugram,3,Potato,2026-02-03,1857.9,15.06,True,1.0
2,Gurugram,3,Potato,2026-02-04,1578.0,15.48,True,1.0
2,Gurugram,3,Potato,2026-02-05,1413.4,15.94,True,1.0
2,Gurugram,3,Potato,2026-02-06,1914.7,16.57,True,1.0
2,Gurugram,3,Potato,2026-02-07,1915.1,17.26,True,1.0
2,Gurugram,3,Potato,2026-02-08,1279.8,16.4,True,1.0
2,Gurugram,3,Potato,2026-02-09,1428.5,16.98,True,1.0
2,Gurugram,3,Potato,2026-02-10,2170.5,16.7,True,1.0
2,Gurugram,3,Potato,2026-02-11,1702.6,16.69,True,1.0
2,Gurugram,3,Potato,2026-02-12,1580.4,16.67,True,1.0
2,Gurugram,3,Potato,2026-02-13,2399.3,16.49,True,1.0
2,Gurugram,3,Potato,2026-02-14,2009.5,16.17,True,1.0
2,Gurugram,3,Potato,2026-02-15,1356.3,16.49,True,1.0
2,Gurugram,3,Potato,2026-02-16,1692.0,16.98,True,1.0
2,Gurugram,3,Potato,2026-02-17,1854.9,16.33,True,1.0
2,Gurugram,3,Potato,2026-02-18,1386.6,16.47,True,1.0
2,Gurugram,3,Potato,2026-02-19,1927.2,16.29,True,1.0
2,Gurugram,3,Potato,2026-02-20,1921.4,16.98,True,1.0
2,Gurugram,3,Potato,2026-02-21,2436.7,17.18,True,1.0
2,Gurugram,3,Potato,2026-02-22,1511.1,17.84,True,1.0
2,Gurugram,3,Potato,2026-02-23,1645.5,16.79,True,1.0
2,Gurugram,3,Potato,2026-02-24,2211.6,17.32,True,1.0
2,Gurugram,3,Potato,2026-02-25,2092.2,17.27,True,1.0
2,Gurugram,3,Potato,2026-02-26,1713.5,16.81,True,1.0
2,Gurugram,3,Potato,2026-02-27,2142.8,17.08,True,1.0
2,Gurugram,3,Potato,2026-02-28,2026.8,17.82,True,1.0
2,Gurugram,3,Potato,2026-03-01,1505.5,18.37,True,1.0
2,Gurugram,3,Potato,2026-03-02,1675.5,18.36,True,1.0
2,Gurugram,3,Potato,2026-03-03,1756.5,17.43,True,1.0
2,Gurugram,3,Potato,2026-03-04,1594.9,17.45,True,1.0
2,Gurugram,3,Potato,2026-03-05,1992.2,17.48,True,1.0
2,Gurugram,3,Potato,2026-03-06,1900.1,17.96,True,1.0
2,Gurugram,3,Potato,2026-03-07,1803.6,17.59,True,1.0
2,Gurugram,3,Potato,2026-03-08,1434.4,17.43,True,1.0
2,Gurugram,3,Potato,2026-03-09,1510.8,17.0,True,1.0
2,Gurugram,3,Potato,2026-03-10,1703.3,17.34,True,1.0
2,Gurugram,3,Potato,2026-03-11,1668.5,17.16,True,1.0
2,Gurugram,3,Potato,2026-03-12,1993.4,17.23,True,1.0
2,Gurugram,3,Potato,2026-03-13,2112.6,16.96,True,1.0
2,Gurugram,3,Potato,2026-03-14,2359.5,17.03,True,1.0
2,Gurugram,3,Potato,2026-03-15,1545.8,16.55,True,1.0
2,Gurugram,3,Potato,2026-03-16,1362.2,16.8,True,1.0
2,Gurugram,3,Potato,2026-03-17,2190.2,16.62,True,1.0
2,Gurugram,3,Potato,2026-03-18,2082.5,17.13,True,1.0
2,Gurugram,3,Potato,2026-03-19,1897.6,18.08,True,1.0
2,Gurugram,3,Potato,2026-03-20,1633.1,18.26,True,1.0
2,Gurugram,3,Potato,2026-03-21,2174.3,17.38,True,1.0
2,Gurugram,3,Potato,2026-03-22,1345.9,17.17,True,1.0
2,Gurugram,3,Potato,2026-03-23,1594.5,16.42,True,1.0
2,Gurugram,3,Potato,2026-03-24,1690.7,16.69,True,1.0
2,Gurugram,3,Potato,2026-03-25,1757.4,16.04,True,1.0
2,Gurugram,3,Potato,2026-03-26,1568.6,15.86,True,1.0
2,Gurugram,3,Potato,2026-03-27,2300.0,16.81,True,1.0
2,Gurugram,3,Potato,2026-03-28,1647.8,17.4,True,1.0
2,Gurugram,3,Potato,2026-03-29,1302.5,16.65,True,1.0
2,Gurugram,3,Potato,2026-03-30,1647.7,16.66,True,1.0
2,Gurugram,3,Potato,2026-03-31,1769.4,17.11,True,1.0
2,Gurugram,3,Potato,2026-04-01,1530.4,17.4,True,1.0
2,Gurugram,3,Potato,2026-04-02,1704.9,16.63,True,1.0
2,Gurugram,3,Potato,2026-04-03,2113.6,17.01,True,1.0
2,Gurugram,3,Potato,2026-04-04,1803.2,16.86,True,1.0
2,Gurugram,3,Potato,2026-04-05,1578.4,17.65,True,1.0
2,Gurugram,3,Potato,2026-04-06,1650.5,17.52,True,1.0
2,Gurugram,3,Potato,2026-04-07,1645.2,17.71,True,1.0
2,Gurugram,3,Potato,2026-04-08,1896.9,17.62,True,1.0
2,Gurugram,3,Potato,2026-04-09,1936.4,17.95,True,1.0
2,Gurugram,3,Potato,2026-04-10,1615.2,17.46,True,1.0
2,Gurugram,3,Potato,2026-04-11,1767.4,17.86,True,1.0
2,Gurugram,3,Potato,2026-04-12,1323.0,18.42,True,1.0
2,Gurugram,3,Potato,2026-04-13,1260.9,19.18,True,1.0
2,Gurugram,3,Potato,2026-04-14,1633.9,19.59,True,1.0
2,Gurugram,3,Potato,2026-04-15,1753.6,18.72,True,1.0
2,Gurugram,3,Potato,2026-04-16,1639.1,18.73,True,1.0
2,Gurugram,3,Potato,2026-04-17,1745.7,18.87,True,1.0
2,Gurugram,3,Potato,2026-04-18,2194.0,18.85,True,1.0
2,Gurugram,3,Potato,2026-04-19,1489.5,18.94,True,1.0
2,Gurugram,3,Potato,2026-04-20,1689.2,18.83,True,1.0
2,Gurugram,3,Potato,2026-04-21,1572.0,18.24,True,1.0
2,Gurugram,3,Potato,2026-04-22,1565.0,18.24,True,1.0
2,Gurugram,3,Potato,2026-04-23,1958.6,18.58,True,1.0
2,Gurugram,3,Potato,2026-04-24,2311.4,18.62,True,1.0
2,Gurugram,3,Potato,2026-04-25,1980.0,17.85,True,1.0
2,Gurugram,3,Potato,2026-04-26,1264.6,17.44,True,1.0
2,Gurugram,3,Potato,2026-04-27,1554.8,17.4,True,1.0
2,Gurugram,3,Potato,2026-04-28,1681.0,17.48,True,1.0
2,Gurugram,3,Potato,2026-04-29,1535.5,17.72,True,1.0
2,Gurugram,3,Potato,2026-04-30,1925.9,17.33,True,1.0
2,Gurugram,3,Potato,2026-05-01,1808.0,17.95,True,1.0
2,Gurugram,3,Potato,2026-05-02,2329.9,17.06,True,1.0
2,Gurugram,3,Potato,2026-05-03,1305.6,17.64,True,1.0
2,Gurugram,3,Potato,2026-05-04,1722.2,18.04,True,1.0
2,Gurugram,3,Potato,2026-05-06,1659.9,16.81,True,1.0
2,Gurugram,3,Potato,2026-05-07,1870.8,16.56,True,1.0
2,Gurugram,3,Potato,2026-05-08,2418.0,16.87,True,1.0
2,Gurugram,3,Potato,2026-05-09,2203.2,17.36,True,1.0
2,Gurugram,3,Potato,2026-05-10,1597.2,17.58,True,1.0
2,Gurugram,3,Potato,2026-05-11,1983.2,17.38,True,1.0
2,Gurugram,3,Potato,2026-05-12,1940.3,18.31,True,1.0
2,Gurugram,3,Potato,2026-05-13,2276.7,18.49,True,1.0
2,Gurugram,3,Potato,2026-05-14,2144.1,18.24,True,1.0
2,Gurugram,3,Potato,2026-05-15,2798.2,17.77,True,1.0
2,Gurugram,3,Potato,2026-05-16,1924.0,17.99,True,1.0
2,Gurugram,3,Potato,2026-05-17,1825.1,18.78,True,1.0
2,Gurugram,3,Potato,2026-05-18,2308.0,18.69,True,1.0
2,Gurugram,3,Potato,2026-05-19,2042.5,18.6,True,1.0
2,Gurugram,3,Potato,2026-05-20,1790.7,18.6,True,1.0
2,Gurugram,3,Potato,2026-05-21,1695.8,18.63,True,1.0
2,Gurugram,3,Potato,2026-05-22,2064.5,18.47,True,1.0
2,Gurugram,3,Potato,2026-05-23,2082.0,17.98,True,1.0
2,Gurugram,3,Potato,2026-05-24,1239.4,18.96,True,1.0
2,Gurugram,3,Potato,2026-05-25,1654.2,19.19,True,1.0
2,Gurugram,3,Potato,2026-05-26,1626.1,20.19,True,1.0
2,Gurugram,3,Potato,2026-05-27,1825.7,19.99,True,1.0
2,Gurugram,3,Potato,2026-05-28,1778.5,19.44,True,1.0
2,Gurugram,3,Potato,2026-05-29,1861.1,18.69,True,1.0
2,Gurugram,3,Potato,2026-05-30,2423.1,18.51,True,1.0
2,Gurugram,3,Potato,2026-05-31,1722.3,17.96,True,1.0
2,Gurugram,3,Potato,2026-06-01,2089.5,19.3,True,1.0
2,Gurugram,3,Potato,2026-06-02,1862.9,19.12,True,1.0
2,Gurugram,3,Potato,2026-06-03,1955.2,19.43,True,1.0
2,Gurugram,3,Potato,2026-06-04,1827.7,19.76,True,1.0
2,Gurugram,3,Potato,2026-06-05,1713.1,20.07,True,1.0
2,Gurugram,3,Potato,2026-06-06,2009.2,21.16,True,1.0
2,Gurugram,3,Potato,2026-06-07,1161.7,20.37,True,1.0
2,Gurugram,3,Potato,2026-06-08,1605.6,19.79,True,1.0
2,Gurugram,3,Potato,2026-06-09,1919.8,19.59,True,1.0
2,Gurugram,3,Potato,2026-06-10,1468.1,19.79,True,1.0
2,Gurugram,3,Potato,2026-06-11,1708.7,19.61,True,1.0
2,Gurugram,3,Potato,2026-06-12,2287.0,19.24,True,1.0
2,Gurugram,3,Potato,2026-06-13,2404.2,18.75,True,1.0
2,Gurugram,3,Potato,2026-06-14,1530.9,18.39,True,1.0
2,Gurugram,3,Potato,2026-06-15,1605.2,18.69,True,1.0
2,Gurugram,3,Potato,2026-06-16,1738.9,18.24,True,1.0
2,Gurugram,3,Potato,2026-06-17,1638.4,17.52,True,1.0
2,Gurugram,3,Potato,2026-06-18,2075.0,18.01,True,1.0
2,Gurugram,3,Potato,2026-06-19,1965.4,18.91,True,1.0
2,Gurugram,3,Potato,2026-06-20,2047.3,19.3,True,1.0
2,Gurugram,3,Potato,2026-06-21,1306.9,19.2,True,1.0
2,Gurugram,3,Potato,2026-06-22,1597.0,19.37,True,1.0
2,Gurugram,3,Potato,2026-06-23,1549.3,18.39,True,1.0
2,Gurugram,3,Potato,2026-06-24,1652.5,18.22,True,1.0
2,Gurugram,3,Potato,2026-06-25,2253.1,19.38,True,1.0
2,Gurugram,3,Potato,2026-06-26,1770.8,19.95,True,1.0
2,Gurugram,3,Potato,2026-06-27,1933.1,19.29,True,1.0
2,Gurugram,3,Potato,2026-06-28,1533.4,20.22,True,1.0
2,Gurugram,3,Potato,2026-06-29,1464.2,19.48,True,1.0
2,Gurugram,3,Potato,2026-06-30,1454.5,18.92,True,1.0
2,Gurugram,3,Potato,2026-07-01,1403.6,19.83,True,1.0
2,Gurugram,3,Potato,2026-07-02,2057.8,20.37,True,1.0
2,Gurugram,3,Potato,2026-07-03,1701.6,19.66,True,1.0
2,Gurugram,3,Potato,2026-07-05,1170.9,19.2,True,1.0
2,Gurugram,3,Potato,2026-07-06,1881.3,19.47,True,1.0
2,Gurugram,3,Potato,2026-07-07,2866.2,20.27,True,1.0
2,Gurugram,3,Potato,2026-07-08,1662.9,20.24,True,1.0
2,Gurugram,3,Potato,2026-07-09,1693.3,19.86,True,1.0
2,Gurugram,3,Potato,2026-07-10,1665.6,18.92,True,1.0
2,Gurugram,3,Potato,2026-07-11,1963.8,19.43,True,1.0
2,Gurugram,3,Potato,2026-07-12,1362.8,18.7,True,1.0
2,Gurugram,3,Potato,2026-07-13,1772.7,18.75,True,1.0
2,Gurugram,3,Potato,2026-07-14,1415.4,19.42,True,1.0
2,Gurugram,3,Potato,2026-07-15,1553.4,19.82,True,1.0
2,Gurugram,3,Potato,2026-07-16,1851.6,20.12,True,1.0
2,Gurugram,3,Potato,2026-07-17,1686.6,20.25,True,1.0
2,Gurugram,3,Potato,2026-07-18,2009.6,20.03,True,1.0
2,Gurugram,3,Potato,2026-07-19,1583.6,19.96,True,1.0
2,Gurugram,3,Potato,2026-07-20,1492.1,19.8,True,1.0
2,Gurugram,3,Potato,2026-07-21,1629.3,19.9,True,1.0
2,Gurugram,3,Potato,2026-07-22,1468.9,20.01,True,1.0
2,Gurugram,3,Potato,2026-07-23,1833.0,19.86,True,1.0
2,Gurugram,3,Potato,2026-07-24,1705.4,19.97,True,1.0
2,Gurugram,3,Potato,2026-07-25,2080.1,19.37,True,1.0
2,Gurugram,3,Potato,2026-07-26,1555.4,19.17,True,1.0
2,Gurugram,3,Potato,2026-07-27,1524.1,19.32,True,1.0
2,Gurugram,3,Potato,2026-07-29,1299.6,20.35,True,1.0
2,Gurugram,3,Potato,2026-07-30,1848.1,19.94,True,1.0
2,Gurugram,3,Potato,2026-07-31,1422.1,19.61,True,1.0
2,Gurugram,3,Potato,2026-08-01,1611.7,19.92,True,1.0
2,Gurugram,3,Potato,2026-08-02,1358.5,19.67,True,1.0
2,Gurugram,3,Potato,2026-08-03,1659.5,19.9,True,1.0
2,Gurugram,3,Potato,2026-08-04,1483.5,19.99,True,1.0
2,Gurugram,3,Potato,2026-08-05,1513.1,19.08,True,1.0
2,Gurugram,3,Potato,2026-08-06,1582.3,19.39,True,1.0
2,Gurugram,3,Potato,2026-08-07,1706.6,19.6,True,1.0
2,Gurugram,3,Potato,2026-08-08,1900.2,19.94,True,1.0
2,Gurugram,3,Potato,2026-08-09,1174.9,19.26,True,1.0
2,Gurugram,3,Potato,2026-08-10,1659.3,19.86,True,1.0
2,Gurugram,3,Potato,2026-08-11,1346.3,19.58,True,1.0
2,Gurugram,3,Potato,2026-08-12,1702.4,20.61,True,1.0
2,Gurugram,3,Potato,2026-08-13,1616.9,21.21,True,1.0
2,Gurugram,3,Potato,2026-08-14,1824.1,20.24,True,1.0
2,Gurugram,3,Potato,2026-08-15,2012.4,19.16,True,1.0
2,Gurugram,3,Potato,2026-08-16,1169.8,19.55,True,1.0
2,Gurugram,3,Potato,2026-08-17,1497.8,18.99,True,1.0
2,Gurugram,3,Potato,2026-08-18,1830.2,19.68,True,1.0
2,Gurugram,3,Potato,2026-08-19,1681.5,19.83,True,1.0
2,Gurugram,3,Potato,2026-08-20,1757.4,18.83,True,1.0
2,Gurugram,3,Potato,2026-08-21,1699.0,19.35,True,1.0
2,Gurugram,3,Potato,2026-08-22,1695.3,19.37,True,1.0
2,Gurugram,3,Potato,2026-08-23,1383.3,19.53,True,1.0
2,Gurugram,3,Potato,2026-08-24,1515.1,20.27,True,1.0
2,Gurugram,3,Potato,2026-08-25,1861.9,19.84,True,1.0
2,Gurugram,3,Potato,2026-08-26,1681.9,20.05,True,1.0
2,Gurugram,3,Potato,2026-08-27,1877.3,19.42,True,1.0
2,Gurugram,3,Potato,2026-08-28,1374.9,19.01,True,1.0
2,Gurugram,3,Potato,2026-08-29,1590.9,18.91,True,1.0
2,Gurugram,3,Potato,2026-08-30,1635.6,18.62,True,1.0
2,Gurugram,3,Potato,2026-08-31,1279.6,19.06,True,1.0
2,Gurugram,3,Potato,2026-09-01,1454.9,18.34,True,1.0
2,Gurugram,3,Potato,2026-09-02,1620.0,18.99,True,1.0
2,Gurugram,3,Potato,2026-09-03,1598.9,18.59,True,1.0
2,Gurugram,3,Potato,2026-09-04,1590.8,18.92,True,1.0
2,Gurugram,3,Potato,2026-09-05,1829.5,18.31,True,1.0
2,Gurugram,3,Potato,2026-09-06,1503.8,18.76,True,1.0
2,Gurugram,3,Potato,2026-09-07,1662.5,19.41,True,1.0
2,Gurugram,3,Potato,2026-09-08,1321.6,19.28,True,1.0
2,Gurugram,3,Potato,2026-09-09,1992.2,19.8,True,1.0
2,Gurugram,3,Potato,2026-09-10,1714.8,19.62,True,1.0
2,Gurugram,3,Potato,2026-09-11,1594.8,19.63,True,1.0
2,Gurugram,3,Potato,2026-09-12,1821.2,18.9,True,1.0
2,Gurugram,3,Potato,2026-09-13,1425.1,19.13,True,1.0
2,Gurugram,3,Potato,2026-09-14,1277.6,18.74,True,1.0
2,Gurugram,3,Potato,2026-09-15,1812.2,18.39,True,1.0
2,Gurugram,3,Potato,2026-09-16,1702.0,19.37,True,1.0
2,Gurugram,3,Potato,2026-09-17,1619.3,18.52,True,1.0
2,Gurugram,3,Potato,2026-09-18,1559.0,18.54,True,1.0
2,Gurugram,3,Potato,2026-09-19,1678.7,18.99,True,1.0
2,Gurugram,3,Potato,2026-09-20,1143.5,19.05,True,1.0
2,Gurugram,3,Potato,2026-09-21,1600.5,17.98,True,1.0
2,Gurugram,3,Potato,2026-09-22,1845.8,18.51,True,1.0
2,Gurugram,3,Potato,2026-09-23,1601.7,17.85,True,1.0
2,Gurugram,3,Potato,2026-09-24,1572.4,17.87,True,1.0
2,Gurugram,3,Potato,2026-09-25,1363.9,17.98,True,1.0
2,Gurugram,3,Potato,2026-09-26,1331.1,16.72,True,1.0
2,Gurugram,3,Potato,2026-09-27,1187.4,17.22,True,1.0
2,Gurugram,3,Potato,2026-09-28,1375.3,17.96,True,1.0
2,Gurugram,3,Potato,2026-09-29,1470.2,18.06,True,1.0
2,Gurugram,3,Potato,2026-09-30,1782.6,18.31,True,1.0
2,Gurugram,4,Cauliflower,2024-10-01,261.6,27.22,True,1.0
2,Gurugram,4,Cauliflower,2024-10-02,217.7,27.24,True,1.0
2,Gurugram,4,Cauliflower,2024-10-03,225.0,26.4,True,1.0
2,Gurugram,4,Cauliflower,2024-10-04,267.3,27.73,True,1.0
2,Gurugram,4,Cauliflower,2024-10-05,259.1,26.15,True,1.0
2,Gurugram,4,Cauliflower,2024-10-06,210.2,25.9,True,1.0
2,Gurugram,4,Cauliflower,2024-10-07,236.7,24.21,True,1.0
2,Gurugram,4,Cauliflower,2024-10-08,310.1,24.4,True,1.0
2,Gurugram,4,Cauliflower,2024-10-09,248.5,24.15,True,1.0
2,Gurugram,4,Cauliflower,2024-10-10,266.4,24.07,True,1.0
2,Gurugram,4,Cauliflower,2024-10-11,276.5,24.19,True,1.0
2,Gurugram,4,Cauliflower,2024-10-12,328.9,24.19,True,1.0
2,Gurugram,4,Cauliflower,2024-10-13,239.6,23.25,True,1.0
2,Gurugram,4,Cauliflower,2024-10-14,253.5,23.03,True,1.0
2,Gurugram,4,Cauliflower,2024-10-15,242.9,23.11,True,1.0
2,Gurugram,4,Cauliflower,2024-10-16,273.5,22.21,True,1.0
2,Gurugram,4,Cauliflower,2024-10-17,253.8,23.0,True,1.0
2,Gurugram,4,Cauliflower,2024-10-18,321.3,24.29,True,1.0
2,Gurugram,4,Cauliflower,2024-10-19,284.7,24.09,True,1.0
2,Gurugram,4,Cauliflower,2024-10-20,292.0,23.36,True,1.0
2,Gurugram,4,Cauliflower,2024-10-21,271.7,21.72,True,1.0
2,Gurugram,4,Cauliflower,2024-10-22,276.2,21.08,True,1.0
2,Gurugram,4,Cauliflower,2024-10-23,277.2,21.75,True,1.0
2,Gurugram,4,Cauliflower,2024-10-24,294.1,22.8,True,1.0
2,Gurugram,4,Cauliflower,2024-10-25,355.1,22.57,True,1.0
2,Gurugram,4,Cauliflower,2024-10-26,300.9,21.59,True,1.0
2,Gurugram,4,Cauliflower,2024-10-27,244.9,21.28,True,1.0
2,Gurugram,4,Cauliflower,2024-10-28,224.4,21.23,True,1.0
2,Gurugram,4,Cauliflower,2024-10-29,311.9,20.37,True,1.0
2,Gurugram,4,Cauliflower,2024-10-30,286.4,20.71,True,1.0
2,Gurugram,4,Cauliflower,2024-10-31,387.7,21.67,True,1.0
2,Gurugram,4,Cauliflower,2024-11-01,295.1,20.76,True,1.0
2,Gurugram,4,Cauliflower,2024-11-02,334.8,20.79,True,1.0
2,Gurugram,4,Cauliflower,2024-11-03,217.9,19.94,True,1.0
2,Gurugram,4,Cauliflower,2024-11-04,275.8,20.03,True,1.0
2,Gurugram,4,Cauliflower,2024-11-05,312.7,20.46,True,1.0
2,Gurugram,4,Cauliflower,2024-11-06,340.7,21.47,True,1.0
2,Gurugram,4,Cauliflower,2024-11-07,293.9,21.83,True,1.0
2,Gurugram,4,Cauliflower,2024-11-08,253.5,21.06,True,1.0
2,Gurugram,4,Cauliflower,2024-11-09,364.0,21.29,True,1.0
2,Gurugram,4,Cauliflower,2024-11-10,258.8,21.17,True,1.0
2,Gurugram,4,Cauliflower,2024-11-11,366.4,21.28,True,1.0
2,Gurugram,4,Cauliflower,2024-11-12,379.7,21.23,True,1.0
2,Gurugram,4,Cauliflower,2024-11-13,368.0,21.49,True,1.0
2,Gurugram,4,Cauliflower,2024-11-14,315.0,21.59,True,1.0
2,Gurugram,4,Cauliflower,2024-11-15,353.0,22.07,True,1.0
2,Gurugram,4,Cauliflower,2024-11-16,406.3,21.93,True,1.0
2,Gurugram,4,Cauliflower,2024-11-17,217.2,22.83,True,1.0
2,Gurugram,4,Cauliflower,2024-11-18,326.3,22.7,True,1.0
2,Gurugram,4,Cauliflower,2024-11-19,333.9,23.22,True,1.0
2,Gurugram,4,Cauliflower,2024-11-20,277.1,23.09,True,1.0
2,Gurugram,4,Cauliflower,2024-11-21,318.3,22.09,True,1.0
2,Gurugram,4,Cauliflower,2024-11-22,412.7,22.61,True,1.0
2,Gurugram,4,Cauliflower,2024-11-23,429.4,22.94,True,1.0
2,Gurugram,4,Cauliflower,2024-11-24,296.3,20.64,True,1.0
2,Gurugram,4,Cauliflower,2024-11-25,344.7,20.47,True,1.0
2,Gurugram,4,Cauliflower,2024-11-26,306.5,21.55,True,1.0
2,Gurugram,4,Cauliflower,2024-11-27,315.2,22.08,True,1.0
2,Gurugram,4,Cauliflower,2024-11-28,381.7,20.91,True,1.0
2,Gurugram,4,Cauliflower,2024-11-29,446.9,21.5,True,1.0
2,Gurugram,4,Cauliflower,2024-11-30,464.0,22.47,True,1.0
2,Gurugram,4,Cauliflower,2024-12-01,325.7,22.44,True,1.0
2,Gurugram,4,Cauliflower,2024-12-02,340.0,21.13,True,1.0
2,Gurugram,4,Cauliflower,2024-12-03,338.1,20.67,True,1.0
2,Gurugram,4,Cauliflower,2024-12-04,300.5,21.05,True,1.0
2,Gurugram,4,Cauliflower,2024-12-05,424.4,20.95,True,1.0
2,Gurugram,4,Cauliflower,2024-12-06,415.3,21.79,True,1.0
2,Gurugram,4,Cauliflower,2024-12-07,359.1,22.06,True,1.0
2,Gurugram,4,Cauliflower,2024-12-08,307.8,23.05,True,1.0
2,Gurugram,4,Cauliflower,2024-12-09,312.2,23.14,True,1.0
2,Gurugram,4,Cauliflower,2024-12-10,342.4,22.9,True,1.0
2,Gurugram,4,Cauliflower,2024-12-11,456.7,22.18,True,1.0
2,Gurugram,4,Cauliflower,2024-12-12,473.6,22.8,True,1.0
2,Gurugram,4,Cauliflower,2024-12-13,347.3,22.33,True,1.0
2,Gurugram,4,Cauliflower,2024-12-14,391.4,21.38,True,1.0
2,Gurugram,4,Cauliflower,2024-12-15,398.7,21.39,True,1.0
2,Gurugram,4,Cauliflower,2024-12-16,474.5,21.32,True,1.0
2,Gurugram,4,Cauliflower,2024-12-17,400.5,20.74,True,1.0
2,Gurugram,4,Cauliflower,2024-12-18,458.0,21.44,True,1.0
2,Gurugram,4,Cauliflower,2024-12-19,478.5,21.36,True,1.0
2,Gurugram,4,Cauliflower,2024-12-20,424.7,21.64,True,1.0
2,Gurugram,4,Cauliflower,2024-12-21,371.9,21.13,True,1.0
2,Gurugram,4,Cauliflower,2024-12-22,383.3,21.16,True,1.0
2,Gurugram,4,Cauliflower,2024-12-23,414.7,21.77,True,1.0
2,Gurugram,4,Cauliflower,2024-12-24,350.0,21.58,True,1.0
2,Gurugram,4,Cauliflower,2024-12-25,456.1,21.39,True,1.0
2,Gurugram,4,Cauliflower,2024-12-26,423.3,22.88,True,1.0
2,Gurugram,4,Cauliflower,2024-12-27,434.4,22.75,True,1.0
2,Gurugram,4,Cauliflower,2024-12-28,468.4,22.95,True,1.0
2,Gurugram,4,Cauliflower,2024-12-29,351.1,23.11,True,1.0
2,Gurugram,4,Cauliflower,2024-12-30,392.6,22.82,True,1.0
2,Gurugram,4,Cauliflower,2024-12-31,487.3,22.92,True,1.0
2,Gurugram,4,Cauliflower,2025-01-01,540.3,22.0,True,1.0
2,Gurugram,4,Cauliflower,2025-01-02,374.5,22.95,True,1.0
2,Gurugram,4,Cauliflower,2025-01-03,519.2,23.53,True,1.0
2,Gurugram,4,Cauliflower,2025-01-04,562.8,23.25,True,1.0
2,Gurugram,4,Cauliflower,2025-01-05,373.9,22.95,True,1.0
2,Gurugram,4,Cauliflower,2025-01-07,403.2,22.76,True,1.0
2,Gurugram,4,Cauliflower,2025-01-08,419.5,22.51,True,1.0
2,Gurugram,4,Cauliflower,2025-01-09,524.0,22.91,True,1.0
2,Gurugram,4,Cauliflower,2025-01-10,503.8,21.9,True,1.0
2,Gurugram,4,Cauliflower,2025-01-11,510.2,22.54,True,1.0
2,Gurugram,4,Cauliflower,2025-01-12,384.7,22.49,True,1.0
2,Gurugram,4,Cauliflower,2025-01-13,457.1,22.6,True,1.0
2,Gurugram,4,Cauliflower,2025-01-14,406.5,21.8,True,1.0
2,Gurugram,4,Cauliflower,2025-01-15,424.9,22.59,True,1.0
2,Gurugram,4,Cauliflower,2025-01-16,486.4,22.34,True,1.0
2,Gurugram,4,Cauliflower,2025-01-17,533.8,22.55,True,1.0
2,Gurugram,4,Cauliflower,2025-01-18,560.6,23.29,True,1.0
2,Gurugram,4,Cauliflower,2025-01-19,385.0,23.25,True,1.0
2,Gurugram,4,Cauliflower,2025-01-20,455.2,24.66,True,1.0
2,Gurugram,4,Cauliflower,2025-01-21,513.1,23.69,True,1.0
2,Gurugram,4,Cauliflower,2025-01-22,397.6,23.83,True,1.0
2,Gurugram,4,Cauliflower,2025-01-23,488.6,24.07,True,1.0
2,Gurugram,4,Cauliflower,2025-01-24,523.9,23.3,True,1.0
2,Gurugram,4,Cauliflower,2025-01-25,564.8,23.53,True,1.0
2,Gurugram,4,Cauliflower,2025-01-26,369.2,23.53,True,1.0
2,Gurugram,4,Cauliflower,2025-01-27,467.6,23.84,True,1.0
2,Gurugram,4,Cauliflower,2025-01-28,452.1,24.25,True,1.0
2,Gurugram,4,Cauliflower,2025-01-29,499.5,25.25,True,1.0
2,Gurugram,4,Cauliflower,2025-01-30,574.8,25.19,True,1.0
2,Gurugram,4,Cauliflower,2025-01-31,503.9,25.36,True,1.0
2,Gurugram,4,Cauliflower,2025-02-01,574.8,26.22,True,1.0
2,Gurugram,4,Cauliflower,2025-02-02,408.9,24.61,True,1.0
2,Gurugram,4,Cauliflower,2025-02-03,531.8,24.47,True,1.0
2,Gurugram,4,Cauliflower,2025-02-04,471.7,24.62,True,1.0
2,Gurugram,4,Cauliflower,2025-02-05,430.5,23.66,True,1.0
2,Gurugram,4,Cauliflower,2025-02-06,479.5,24.13,True,1.0
2,Gurugram,4,Cauliflower,2025-02-07,501.7,22.86,True,1.0
2,Gurugram,4,Cauliflower,2025-02-08,561.8,24.05,True,1.0
2,Gurugram,4,Cauliflower,2025-02-09,436.3,23.44,True,1.0
2,Gurugram,4,Cauliflower,2025-02-10,417.1,23.2,True,1.0
2,Gurugram,4,Cauliflower,2025-02-11,385.9,24.27,True,1.0
2,Gurugram,4,Cauliflower,2025-02-12,471.1,23.55,True,1.0
2,Gurugram,4,Cauliflower,2025-02-13,420.9,25.69,True,1.0
2,Gurugram,4,Cauliflower,2025-02-14,496.6,25.86,True,1.0
2,Gurugram,4,Cauliflower,2025-02-15,638.7,25.86,True,1.0
2,Gurugram,4,Cauliflower,2025-02-16,399.4,26.87,True,1.0
2,Gurugram,4,Cauliflower,2025-02-17,479.6,26.64,True,1.0
2,Gurugram,4,Cauliflower,2025-02-18,432.3,26.76,True,1.0
2,Gurugram,4,Cauliflower,2025-02-19,532.3,26.58,True,1.0
2,Gurugram,4,Cauliflower,2025-02-20,438.3,26.22,True,1.0
2,Gurugram,4,Cauliflower,2025-02-21,488.7,26.67,True,1.0
2,Gurugram,4,Cauliflower,2025-02-22,515.6,27.14,True,1.0
2,Gurugram,4,Cauliflower,2025-02-23,300.5,26.13,True,1.0
2,Gurugram,4,Cauliflower,2025-02-24,392.2,25.77,True,1.0
2,Gurugram,4,Cauliflower,2025-02-25,589.6,25.72,True,1.0
2,Gurugram,4,Cauliflower,2025-02-26,515.6,26.18,True,1.0
2,Gurugram,4,Cauliflower,2025-02-27,465.6,26.83,True,1.0
2,Gurugram,4,Cauliflower,2025-02-28,479.5,28.77,True,1.0
2,Gurugram,4,Cauliflower,2025-03-01,532.3,28.68,True,1.0
2,Gurugram,4,Cauliflower,2025-03-02,372.5,28.28,True,1.0
2,Gurugram,4,Cauliflower,2025-03-03,498.8,27.61,True,1.0
2,Gurugram,4,Cauliflower,2025-03-04,480.4,28.54,True,1.0
2,Gurugram,4,Cauliflower,2025-03-05,490.6,28.42,True,1.0
2,Gurugram,4,Cauliflower,2025-03-06,457.0,28.67,True,1.0
2,Gurugram,4,Cauliflower,2025-03-07,537.5,28.59,True,1.0
2,Gurugram,4,Cauliflower,2025-03-08,483.2,29.03,True,1.0
2,Gurugram,4,Cauliflower,2025-03-09,338.7,29.32,True,1.0
2,Gurugram,4,Cauliflower,2025-03-10,533.4,29.47,True,1.0
2,Gurugram,4,Cauliflower,2025-03-11,538.7,29.3,True,1.0
2,Gurugram,4,Cauliflower,2025-03-12,541.4,29.29,True,1.0
2,Gurugram,4,Cauliflower,2025-03-13,450.0,29.56,True,1.0
2,Gurugram,4,Cauliflower,2025-03-14,487.3,27.89,True,1.0
2,Gurugram,4,Cauliflower,2025-03-15,692.3,28.3,True,1.0
2,Gurugram,4,Cauliflower,2025-03-16,436.0,29.46,True,1.0
2,Gurugram,4,Cauliflower,2025-03-17,432.7,29.1,True,1.0
2,Gurugram,4,Cauliflower,2025-03-18,453.9,27.58,True,1.0
2,Gurugram,4,Cauliflower,2025-03-19,482.2,27.14,True,1.0
2,Gurugram,4,Cauliflower,2025-03-20,477.4,28.01,True,1.0
2,Gurugram,4,Cauliflower,2025-03-21,451.9,28.02,True,1.0
2,Gurugram,4,Cauliflower,2025-03-22,706.4,28.76,True,1.0
2,Gurugram,4,Cauliflower,2025-03-23,402.5,29.19,True,1.0
2,Gurugram,4,Cauliflower,2025-03-24,445.1,29.15,True,1.0
2,Gurugram,4,Cauliflower,2025-03-25,515.3,28.78,True,1.0
2,Gurugram,4,Cauliflower,2025-03-26,491.9,29.48,True,1.0
2,Gurugram,4,Cauliflower,2025-03-27,505.7,29.9,True,1.0
2,Gurugram,4,Cauliflower,2025-03-28,500.2,30.07,True,1.0
2,Gurugram,4,Cauliflower,2025-03-29,476.7,31.09,True,1.0
2,Gurugram,4,Cauliflower,2025-03-30,343.4,31.25,True,1.0
2,Gurugram,4,Cauliflower,2025-03-31,467.7,30.69,True,1.0
2,Gurugram,4,Cauliflower,2025-04-01,458.0,30.54,True,1.0
2,Gurugram,4,Cauliflower,2025-04-02,360.3,30.73,True,1.0
2,Gurugram,4,Cauliflower,2025-04-03,433.9,31.05,True,1.0
2,Gurugram,4,Cauliflower,2025-04-04,413.2,32.41,True,1.0
2,Gurugram,4,Cauliflower,2025-04-05,379.8,33.77,True,1.0
2,Gurugram,4,Cauliflower,2025-04-06,392.3,32.71,True,1.0
2,Gurugram,4,Cauliflower,2025-04-07,353.7,31.52,True,1.0
2,Gurugram,4,Cauliflower,2025-04-08,417.6,31.16,True,1.0
2,Gurugram,4,Cauliflower,2025-04-09,454.0,31.8,True,1.0
2,Gurugram,4,Cauliflower,2025-04-10,481.9,32.67,True,1.0
2,Gurugram,4,Cauliflower,2025-04-11,479.5,32.16,True,1.0
2,Gurugram,4,Cauliflower,2025-04-12,541.3,31.38,True,1.0
2,Gurugram,4,Cauliflower,2025-04-13,373.5,32.04,True,1.0
2,Gurugram,4,Cauliflower,2025-04-14,463.0,32.75,True,1.0
2,Gurugram,4,Cauliflower,2025-04-15,415.9,33.69,True,1.0
2,Gurugram,4,Cauliflower,2025-04-16,446.0,32.78,True,1.0
2,Gurugram,4,Cauliflower,2025-04-17,361.6,33.08,True,1.0
2,Gurugram,4,Cauliflower,2025-04-18,421.3,31.51,True,1.0
2,Gurugram,4,Cauliflower,2025-04-19,524.1,31.83,True,1.0
2,Gurugram,4,Cauliflower,2025-04-20,369.6,32.85,True,1.0
2,Gurugram,4,Cauliflower,2025-04-21,450.6,34.35,True,1.0
2,Gurugram,4,Cauliflower,2025-04-22,453.2,34.29,True,1.0
2,Gurugram,4,Cauliflower,2025-04-23,491.2,33.74,True,1.0
2,Gurugram,4,Cauliflower,2025-04-24,306.5,32.29,True,1.0
2,Gurugram,4,Cauliflower,2025-04-25,451.2,32.83,True,1.0
2,Gurugram,4,Cauliflower,2025-04-26,423.4,33.63,True,1.0
2,Gurugram,4,Cauliflower,2025-04-27,362.1,34.59,True,1.0
2,Gurugram,4,Cauliflower,2025-04-28,417.2,34.53,True,1.0
2,Gurugram,4,Cauliflower,2025-04-29,416.0,33.35,True,1.0
2,Gurugram,4,Cauliflower,2025-04-30,383.4,34.0,True,1.0
2,Gurugram,4,Cauliflower,2025-05-01,388.2,35.62,True,1.0
2,Gurugram,4,Cauliflower,2025-05-02,515.9,34.83,True,1.0
2,Gurugram,4,Cauliflower,2025-05-03,555.2,33.77,True,1.0
2,Gurugram,4,Cauliflower,2025-05-04,273.4,33.52,True,1.0
2,Gurugram,4,Cauliflower,2025-05-05,431.2,33.66,True,1.0
2,Gurugram,4,Cauliflower,2025-05-06,429.6,33.29,True,1.0
2,Gurugram,4,Cauliflower,2025-05-07,414.9,34.23,True,1.0
2,Gurugram,4,Cauliflower,2025-05-08,470.7,34.65,True,1.0
2,Gurugram,4,Cauliflower,2025-05-09,464.3,34.2,True,1.0
2,Gurugram,4,Cauliflower,2025-05-10,395.3,34.21,True,1.0
2,Gurugram,4,Cauliflower,2025-05-11,329.9,32.78,True,1.0
2,Gurugram,4,Cauliflower,2025-05-12,358.1,33.56,True,1.0
2,Gurugram,4,Cauliflower,2025-05-13,419.8,32.5,True,1.0
2,Gurugram,4,Cauliflower,2025-05-14,312.0,32.82,True,1.0
2,Gurugram,4,Cauliflower,2025-05-15,393.8,32.88,True,1.0
2,Gurugram,4,Cauliflower,2025-05-16,508.1,33.82,True,1.0
2,Gurugram,4,Cauliflower,2025-05-17,474.4,33.62,True,1.0
2,Gurugram,4,Cauliflower,2025-05-18,331.4,33.87,True,1.0
2,Gurugram,4,Cauliflower,2025-05-19,365.1,35.59,True,1.0
2,Gurugram,4,Cauliflower,2025-05-20,373.9,33.77,True,1.0
2,Gurugram,4,Cauliflower,2025-05-21,384.6,34.15,True,1.0
2,Gurugram,4,Cauliflower,2025-05-22,422.9,35.18,True,1.0
2,Gurugram,4,Cauliflower,2025-05-23,417.6,34.43,True,1.0
2,Gurugram,4,Cauliflower,2025-05-24,399.0,34.55,True,1.0
2,Gurugram,4,Cauliflower,2025-05-25,394.0,33.3,True,1.0
2,Gurugram,4,Cauliflower,2025-05-26,301.2,32.23,True,1.0
2,Gurugram,4,Cauliflower,2025-05-27,398.9,33.68,True,1.0
2,Gurugram,4,Cauliflower,2025-05-28,333.0,33.7,True,1.0
2,Gurugram,4,Cauliflower,2025-05-29,354.1,32.79,True,1.0
2,Gurugram,4,Cauliflower,2025-05-30,606.4,32.95,True,1.0
2,Gurugram,4,Cauliflower,2025-05-31,396.6,34.09,True,1.0
2,Gurugram,4,Cauliflower,2025-06-01,319.1,34.87,True,1.0
2,Gurugram,4,Cauliflower,2025-06-02,287.7,35.93,True,1.0
2,Gurugram,4,Cauliflower,2025-06-03,311.4,35.1,True,1.0
2,Gurugram,4,Cauliflower,2025-06-04,341.8,34.41,True,1.0
2,Gurugram,4,Cauliflower,2025-06-05,271.8,34.87,True,1.0
2,Gurugram,4,Cauliflower,2025-06-06,340.6,35.88,True,1.0
2,Gurugram,4,Cauliflower,2025-06-07,559.7,35.19,True,1.0
2,Gurugram,4,Cauliflower,2025-06-08,257.3,36.06,True,1.0
2,Gurugram,4,Cauliflower,2025-06-09,314.0,35.34,True,1.0
2,Gurugram,4,Cauliflower,2025-06-10,336.0,37.29,True,1.0
2,Gurugram,4,Cauliflower,2025-06-11,331.3,34.78,True,1.0
2,Gurugram,4,Cauliflower,2025-06-12,369.5,36.34,True,1.0
2,Gurugram,4,Cauliflower,2025-06-13,330.1,34.35,True,1.0
2,Gurugram,4,Cauliflower,2025-06-14,414.2,35.7,True,1.0
2,Gurugram,4,Cauliflower,2025-06-15,199.1,35.49,True,1.0
2,Gurugram,4,Cauliflower,2025-06-16,261.0,34.79,True,1.0
2,Gurugram,4,Cauliflower,2025-06-17,288.6,33.86,True,1.0
2,Gurugram,4,Cauliflower,2025-06-18,330.6,33.2,True,1.0
2,Gurugram,4,Cauliflower,2025-06-19,343.6,34.27,True,1.0
2,Gurugram,4,Cauliflower,2025-06-20,306.9,34.82,True,1.0
2,Gurugram,4,Cauliflower,2025-06-21,375.5,34.54,True,1.0
2,Gurugram,4,Cauliflower,2025-06-22,269.4,34.5,True,1.0
2,Gurugram,4,Cauliflower,2025-06-23,289.3,33.64,True,1.0
2,Gurugram,4,Cauliflower,2025-06-24,288.2,33.74,True,1.0
2,Gurugram,4,Cauliflower,2025-06-25,346.2,34.8,True,1.0
2,Gurugram,4,Cauliflower,2025-06-26,332.9,33.77,True,1.0
2,Gurugram,4,Cauliflower,2025-06-27,290.9,34.43,True,1.0
2,Gurugram,4,Cauliflower,2025-06-28,347.1,33.92,True,1.0
2,Gurugram,4,Cauliflower,2025-06-29,269.7,32.55,True,1.0
2,Gurugram,4,Cauliflower,2025-06-30,277.8,34.03,True,1.0
2,Gurugram,4,Cauliflower,2025-07-01,312.5,32.73,True,1.0
2,Gurugram,4,Cauliflower,2025-07-03,258.9,34.08,True,1.0
2,Gurugram,4,Cauliflower,2025-07-04,333.3,33.27,True,1.0
2,Gurugram,4,Cauliflower,2025-07-05,278.8,34.35,True,1.0
2,Gurugram,4,Cauliflower,2025-07-06,232.7,33.74,True,1.0
2,Gurugram,4,Cauliflower,2025-07-07,266.8,33.64,True,1.0
2,Gurugram,4,Cauliflower,2025-07-08,306.6,35.5,True,1.0
2,Gurugram,4,Cauliflower,2025-07-09,286.5,36.06,True,1.0
2,Gurugram,4,Cauliflower,2025-07-10,222.2,35.36,True,1.0
2,Gurugram,4,Cauliflower,2025-07-11,312.1,34.13,True,1.0
2,Gurugram,4,Cauliflower,2025-07-12,289.6,33.92,True,1.0
2,Gurugram,4,Cauliflower,2025-07-13,247.5,35.36,True,1.0
2,Gurugram,4,Cauliflower,2025-07-15,277.3,35.11,True,1.0
2,Gurugram,4,Cauliflower,2025-07-16,276.8,35.93,True,1.0
2,Gurugram,4,Cauliflower,2025-07-17,212.9,33.48,True,1.0
2,Gurugram,4,Cauliflower,2025-07-18,226.2,33.86,True,1.0
2,Gurugram,4,Cauliflower,2025-07-19,335.1,33.9,True,1.0
2,Gurugram,4,Cauliflower,2025-07-20,208.0,34.56,True,1.0
2,Gurugram,4,Cauliflower,2025-07-21,241.4,33.17,True,1.0
2,Gurugram,4,Cauliflower,2025-07-22,232.3,33.12,True,1.0
2,Gurugram,4,Cauliflower,2025-07-23,314.8,31.21,True,1.0
2,Gurugram,4,Cauliflower,2025-07-24,237.1,30.99,True,1.0
2,Gurugram,4,Cauliflower,2025-07-25,281.7,31.36,True,1.0
2,Gurugram,4,Cauliflower,2025-07-26,302.8,31.78,True,1.0
2,Gurugram,4,Cauliflower,2025-07-27,240.5,34.52,True,1.0
2,Gurugram,4,Cauliflower,2025-07-28,217.5,33.25,True,1.0
2,Gurugram,4,Cauliflower,2025-07-29,202.0,32.86,True,1.0
2,Gurugram,4,Cauliflower,2025-07-30,301.6,31.48,True,1.0
2,Gurugram,4,Cauliflower,2025-07-31,263.6,29.89,True,1.0
2,Gurugram,4,Cauliflower,2025-08-01,303.7,31.18,True,1.0
2,Gurugram,4,Cauliflower,2025-08-02,345.4,32.1,True,1.0
2,Gurugram,4,Cauliflower,2025-08-03,226.1,30.66,True,1.0
2,Gurugram,4,Cauliflower,2025-08-04,168.1,29.39,True,1.0
2,Gurugram,4,Cauliflower,2025-08-05,225.3,29.38,True,1.0
2,Gurugram,4,Cauliflower,2025-08-06,199.8,31.34,True,1.0
2,Gurugram,4,Cauliflower,2025-08-07,232.5,29.93,True,1.0
2,Gurugram,4,Cauliflower,2025-08-08,318.0,30.8,True,1.0
2,Gurugram,4,Cauliflower,2025-08-09,256.2,30.91,True,1.0
2,Gurugram,4,Cauliflower,2025-08-10,185.4,30.57,True,1.0
2,Gurugram,4,Cauliflower,2025-08-11,206.5,30.04,True,1.0
2,Gurugram,4,Cauliflower,2025-08-12,280.6,30.37,True,1.0
2,Gurugram,4,Cauliflower,2025-08-13,236.0,30.09,True,1.0
2,Gurugram,4,Cauliflower,2025-08-14,242.4,29.78,True,1.0
2,Gurugram,4,Cauliflower,2025-08-15,234.8,29.7,True,1.0
2,Gurugram,4,Cauliflower,2025-08-16,306.1,30.75,True,1.0
2,Gurugram,4,Cauliflower,2025-08-17,180.3,30.67,True,1.0
2,Gurugram,4,Cauliflower,2025-08-18,230.8,30.45,True,1.0
2,Gurugram,4,Cauliflower,2025-08-19,240.1,31.42,True,1.0
2,Gurugram,4,Cauliflower,2025-08-20,225.8,30.61,True,1.0
2,Gurugram,4,Cauliflower,2025-08-21,199.3,31.51,True,1.0
2,Gurugram,4,Cauliflower,2025-08-22,296.3,30.24,True,1.0
2,Gurugram,4,Cauliflower,2025-08-23,233.8,30.38,True,1.0
2,Gurugram,4,Cauliflower,2025-08-24,202.0,29.7,True,1.0
2,Gurugram,4,Cauliflower,2025-08-25,198.0,29.42,True,1.0
2,Gurugram,4,Cauliflower,2025-08-26,260.7,28.71,True,1.0
2,Gurugram,4,Cauliflower,2025-08-27,236.3,28.47,True,1.0
2,Gurugram,4,Cauliflower,2025-08-28,206.4,27.94,True,1.0
2,Gurugram,4,Cauliflower,2025-08-29,276.1,28.43,True,1.0
2,Gurugram,4,Cauliflower,2025-08-30,297.5,27.75,True,1.0
2,Gurugram,4,Cauliflower,2025-08-31,194.7,28.33,True,1.0
2,Gurugram,4,Cauliflower,2025-09-01,221.8,30.23,True,1.0
2,Gurugram,4,Cauliflower,2025-09-02,219.8,28.26,True,1.0
2,Gurugram,4,Cauliflower,2025-09-03,290.7,26.3,True,1.0
2,Gurugram,4,Cauliflower,2025-09-04,242.0,25.99,True,1.0
2,Gurugram,4,Cauliflower,2025-09-05,241.4,27.05,True,1.0
2,Gurugram,4,Cauliflower,2025-09-06,241.0,26.65,True,1.0
2,Gurugram,4,Cauliflower,2025-09-07,183.6,27.32,True,1.0
2,Gurugram,4,Cauliflower,2025-09-08,225.2,28.07,True,1.0
2,Gurugram,4,Cauliflower,2025-09-09,235.2,27.6,True,1.0
2,Gurugram,4,Cauliflower,2025-09-10,227.3,28.14,True,1.0
2,Gurugram,4,Cauliflower,2025-09-11,264.8,26.03,True,1.0
2,Gurugram,4,Cauliflower,2025-09-12,232.5,26.9,True,1.0
2,Gurugram,4,Cauliflower,2025-09-13,281.8,27.47,True,1.0
2,Gurugram,4,Cauliflower,2025-09-14,183.6,27.13,True,1.0
2,Gurugram,4,Cauliflower,2025-09-15,246.9,27.72,True,1.0
2,Gurugram,4,Cauliflower,2025-09-16,250.5,28.45,True,1.0
2,Gurugram,4,Cauliflower,2025-09-17,293.7,29.35,True,1.0
2,Gurugram,4,Cauliflower,2025-09-18,210.7,29.96,True,1.0
2,Gurugram,4,Cauliflower,2025-09-19,217.7,28.77,True,1.0
2,Gurugram,4,Cauliflower,2025-09-20,259.0,27.77,True,1.0
2,Gurugram,4,Cauliflower,2025-09-21,227.3,27.1,True,1.0
2,Gurugram,4,Cauliflower,2025-09-22,219.1,24.71,True,1.0
2,Gurugram,4,Cauliflower,2025-09-23,270.0,25.47,True,1.0
2,Gurugram,4,Cauliflower,2025-09-24,239.1,27.24,True,1.0
2,Gurugram,4,Cauliflower,2025-09-25,257.4,27.09,True,1.0
2,Gurugram,4,Cauliflower,2025-09-26,258.8,25.47,True,1.0
2,Gurugram,4,Cauliflower,2025-09-27,303.5,24.66,True,1.0
2,Gurugram,4,Cauliflower,2025-09-28,218.1,24.12,True,1.0
2,Gurugram,4,Cauliflower,2025-09-29,225.3,25.54,True,1.0
2,Gurugram,4,Cauliflower,2025-09-30,238.7,25.69,True,1.0
2,Gurugram,4,Cauliflower,2025-10-01,237.4,25.86,True,1.0
2,Gurugram,4,Cauliflower,2025-10-02,243.4,25.74,True,1.0
2,Gurugram,4,Cauliflower,2025-10-03,300.2,24.57,True,1.0
2,Gurugram,4,Cauliflower,2025-10-04,285.3,23.87,True,1.0
2,Gurugram,4,Cauliflower,2025-10-05,276.3,24.48,True,1.0
2,Gurugram,4,Cauliflower,2025-10-06,272.3,24.46,True,1.0
2,Gurugram,4,Cauliflower,2025-10-07,282.3,23.1,True,1.0
2,Gurugram,4,Cauliflower,2025-10-08,281.7,23.9,True,1.0
2,Gurugram,4,Cauliflower,2025-10-09,246.5,24.89,True,1.0
2,Gurugram,4,Cauliflower,2025-10-10,303.3,24.57,True,1.0
2,Gurugram,4,Cauliflower,2025-10-11,304.0,24.1,True,1.0
2,Gurugram,4,Cauliflower,2025-10-12,233.9,24.92,True,1.0
2,Gurugram,4,Cauliflower,2025-10-13,285.2,24.36,True,1.0
2,Gurugram,4,Cauliflower,2025-10-14,322.0,23.67,True,1.0
2,Gurugram,4,Cauliflower,2025-10-15,271.9,22.57,True,1.0
2,Gurugram,4,Cauliflower,2025-10-16,355.0,22.46,True,1.0
2,Gurugram,4,Cauliflower,2025-10-17,331.4,23.93,True,1.0
2,Gurugram,4,Cauliflower,2025-10-18,368.2,24.48,True,1.0
2,Gurugram,4,Cauliflower,2025-10-19,229.8,24.12,True,1.0
2,Gurugram,4,Cauliflower,2025-10-20,292.5,23.76,True,1.0
2,Gurugram,4,Cauliflower,2025-10-21,290.5,24.17,True,1.0
2,Gurugram,4,Cauliflower,2025-10-22,273.9,23.82,True,1.0
2,Gurugram,4,Cauliflower,2025-10-23,322.9,22.65,True,1.0
2,Gurugram,4,Cauliflower,2025-10-24,295.8,22.74,True,1.0
2,Gurugram,4,Cauliflower,2025-10-25,256.1,22.81,True,1.0
2,Gurugram,4,Cauliflower,2025-10-26,226.2,22.72,True,1.0
2,Gurugram,4,Cauliflower,2025-10-27,276.7,22.8,True,1.0
2,Gurugram,4,Cauliflower,2025-10-28,357.3,22.23,True,1.0
2,Gurugram,4,Cauliflower,2025-10-29,331.8,22.35,True,1.0
2,Gurugram,4,Cauliflower,2025-10-30,308.7,21.31,True,1.0
2,Gurugram,4,Cauliflower,2025-10-31,390.6,21.01,True,1.0
2,Gurugram,4,Cauliflower,2025-11-01,329.9,21.18,True,1.0
2,Gurugram,4,Cauliflower,2025-11-02,263.5,21.81,True,1.0
2,Gurugram,4,Cauliflower,2025-11-03,303.9,21.68,True,1.0
2,Gurugram,4,Cauliflower,2025-11-04,358.5,22.03,True,1.0
2,Gurugram,4,Cauliflower,2025-11-05,310.9,22.64,True,1.0
2,Gurugram,4,Cauliflower,2025-11-06,331.5,23.99,True,1.0
2,Gurugram,4,Cauliflower,2025-11-07,366.7,23.11,True,1.0
2,Gurugram,4,Cauliflower,2025-11-08,363.8,22.27,True,1.0
2,Gurugram,4,Cauliflower,2025-11-09,257.9,22.12,True,1.0
2,Gurugram,4,Cauliflower,2025-11-10,298.1,22.1,True,1.0
2,Gurugram,4,Cauliflower,2025-11-11,296.2,22.29,True,1.0
2,Gurugram,4,Cauliflower,2025-11-12,308.0,22.58,True,1.0
2,Gurugram,4,Cauliflower,2025-11-13,329.1,22.08,True,1.0
2,Gurugram,4,Cauliflower,2025-11-14,326.3,22.35,True,1.0
2,Gurugram,4,Cauliflower,2025-11-15,336.4,22.13,True,1.0
2,Gurugram,4,Cauliflower,2025-11-16,286.3,22.69,True,1.0
2,Gurugram,4,Cauliflower,2025-11-17,347.7,22.11,True,1.0
2,Gurugram,4,Cauliflower,2025-11-18,344.1,21.96,True,1.0
2,Gurugram,4,Cauliflower,2025-11-19,341.2,21.93,True,1.0
2,Gurugram,4,Cauliflower,2025-11-20,320.6,22.45,True,1.0
2,Gurugram,4,Cauliflower,2025-11-21,374.8,22.09,True,1.0
2,Gurugram,4,Cauliflower,2025-11-22,425.2,21.19,True,1.0
2,Gurugram,4,Cauliflower,2025-11-23,326.2,20.2,True,1.0
2,Gurugram,4,Cauliflower,2025-11-24,289.3,21.11,True,1.0
2,Gurugram,4,Cauliflower,2025-11-25,317.3,21.52,True,1.0
2,Gurugram,4,Cauliflower,2025-11-26,299.4,22.46,True,1.0
2,Gurugram,4,Cauliflower,2025-11-27,361.0,22.12,True,1.0
2,Gurugram,4,Cauliflower,2025-11-28,457.3,21.88,True,1.0
2,Gurugram,4,Cauliflower,2025-11-30,288.1,21.25,True,1.0
2,Gurugram,4,Cauliflower,2025-12-01,391.9,20.79,True,1.0
2,Gurugram,4,Cauliflower,2025-12-02,436.2,21.16,True,1.0
2,Gurugram,4,Cauliflower,2025-12-03,337.3,21.87,True,1.0
2,Gurugram,4,Cauliflower,2025-12-04,366.5,22.03,True,1.0
2,Gurugram,4,Cauliflower,2025-12-05,340.5,21.46,True,1.0
2,Gurugram,4,Cauliflower,2025-12-06,503.5,21.63,True,1.0
2,Gurugram,4,Cauliflower,2025-12-07,269.9,21.59,True,1.0
2,Gurugram,4,Cauliflower,2025-12-08,303.3,21.12,True,1.0
2,Gurugram,4,Cauliflower,2025-12-09,484.1,20.41,True,1.0
2,Gurugram,4,Cauliflower,2025-12-10,493.4,20.16,True,1.0
2,Gurugram,4,Cauliflower,2025-12-11,377.0,21.18,True,1.0
2,Gurugram,4,Cauliflower,2025-12-12,482.2,21.35,True,1.0
2,Gurugram,4,Cauliflower,2025-12-13,462.2,20.95,True,1.0
2,Gurugram,4,Cauliflower,2025-12-14,349.1,21.09,True,1.0
2,Gurugram,4,Cauliflower,2025-12-15,406.4,21.52,True,1.0
2,Gurugram,4,Cauliflower,2025-12-16,395.5,21.13,True,1.0
2,Gurugram,4,Cauliflower,2025-12-17,379.4,20.74,True,1.0
2,Gurugram,4,Cauliflower,2025-12-18,414.2,19.89,True,1.0
2,Gurugram,4,Cauliflower,2025-12-19,400.6,20.98,True,1.0
2,Gurugram,4,Cauliflower,2025-12-20,398.1,21.48,True,1.0
2,Gurugram,4,Cauliflower,2025-12-21,311.1,21.89,True,1.0
2,Gurugram,4,Cauliflower,2025-12-22,390.5,22.13,True,1.0
2,Gurugram,4,Cauliflower,2025-12-23,442.4,20.72,True,1.0
2,Gurugram,4,Cauliflower,2025-12-24,375.5,21.05,True,1.0
2,Gurugram,4,Cauliflower,2025-12-25,339.2,21.5,True,1.0
2,Gurugram,4,Cauliflower,2025-12-26,421.7,21.6,True,1.0
2,Gurugram,4,Cauliflower,2025-12-27,484.4,20.24,True,1.0
2,Gurugram,4,Cauliflower,2025-12-28,272.3,20.62,True,1.0
2,Gurugram,4,Cauliflower,2025-12-30,431.8,21.78,True,1.0
2,Gurugram,4,Cauliflower,2025-12-31,436.0,21.76,True,1.0
2,Gurugram,4,Cauliflower,2026-01-01,443.2,21.53,True,1.0
2,Gurugram,4,Cauliflower,2026-01-02,448.4,21.37,True,1.0
2,Gurugram,4,Cauliflower,2026-01-03,484.2,22.05,True,1.0
2,Gurugram,4,Cauliflower,2026-01-05,450.1,22.31,True,1.0
2,Gurugram,4,Cauliflower,2026-01-06,440.3,22.06,True,1.0
2,Gurugram,4,Cauliflower,2026-01-07,430.2,20.75,True,1.0
2,Gurugram,4,Cauliflower,2026-01-08,383.9,20.05,True,1.0
2,Gurugram,4,Cauliflower,2026-01-09,763.7,20.28,True,1.0
2,Gurugram,4,Cauliflower,2026-01-10,492.6,20.87,True,1.0
2,Gurugram,4,Cauliflower,2026-01-11,412.7,20.92,True,1.0
2,Gurugram,4,Cauliflower,2026-01-12,482.4,20.55,True,1.0
2,Gurugram,4,Cauliflower,2026-01-13,476.9,21.19,True,1.0
2,Gurugram,4,Cauliflower,2026-01-14,491.9,21.68,True,1.0
2,Gurugram,4,Cauliflower,2026-01-15,484.8,22.91,True,1.0
2,Gurugram,4,Cauliflower,2026-01-16,439.9,22.73,True,1.0
2,Gurugram,4,Cauliflower,2026-01-17,634.2,22.7,True,1.0
2,Gurugram,4,Cauliflower,2026-01-18,337.4,22.4,True,1.0
2,Gurugram,4,Cauliflower,2026-01-19,354.7,24.43,True,1.0
2,Gurugram,4,Cauliflower,2026-01-20,475.2,24.57,True,1.0
2,Gurugram,4,Cauliflower,2026-01-21,654.7,23.68,True,1.0
2,Gurugram,4,Cauliflower,2026-01-22,532.0,22.36,True,1.0
2,Gurugram,4,Cauliflower,2026-01-23,426.8,21.93,True,1.0
2,Gurugram,4,Cauliflower,2026-01-24,549.4,21.89,True,1.0
2,Gurugram,4,Cauliflower,2026-01-25,367.7,21.61,True,1.0
2,Gurugram,4,Cauliflower,2026-01-26,555.7,22.22,True,1.0
2,Gurugram,4,Cauliflower,2026-01-27,536.8,22.11,True,1.0
2,Gurugram,4,Cauliflower,2026-01-28,480.3,21.69,True,1.0
2,Gurugram,4,Cauliflower,2026-01-29,537.7,22.84,True,1.0
2,Gurugram,4,Cauliflower,2026-01-30,562.2,22.29,True,1.0
2,Gurugram,4,Cauliflower,2026-01-31,723.1,21.31,True,1.0
2,Gurugram,4,Cauliflower,2026-02-01,379.8,22.84,True,1.0
2,Gurugram,4,Cauliflower,2026-02-02,431.8,24.6,True,1.0
2,Gurugram,4,Cauliflower,2026-02-03,454.3,24.68,True,1.0
2,Gurugram,4,Cauliflower,2026-02-04,449.4,25.23,True,1.0
2,Gurugram,4,Cauliflower,2026-02-05,502.3,25.65,True,1.0
2,Gurugram,4,Cauliflower,2026-02-06,554.1,27.25,True,1.0
2,Gurugram,4,Cauliflower,2026-02-07,617.3,25.88,True,1.0
2,Gurugram,4,Cauliflower,2026-02-08,449.4,25.37,True,1.0
2,Gurugram,4,Cauliflower,2026-02-09,410.4,25.07,True,1.0
2,Gurugram,4,Cauliflower,2026-02-10,513.1,25.25,True,1.0
2,Gurugram,4,Cauliflower,2026-02-11,439.8,25.21,True,1.0
2,Gurugram,4,Cauliflower,2026-02-12,489.1,25.31,True,1.0
2,Gurugram,4,Cauliflower,2026-02-13,546.2,25.58,True,1.0
2,Gurugram,4,Cauliflower,2026-02-14,530.2,27.19,True,1.0
2,Gurugram,4,Cauliflower,2026-02-15,459.7,27.07,True,1.0
2,Gurugram,4,Cauliflower,2026-02-16,448.5,27.45,True,1.0
2,Gurugram,4,Cauliflower,2026-02-17,430.9,27.62,True,1.0
2,Gurugram,4,Cauliflower,2026-02-18,488.5,27.54,True,1.0
2,Gurugram,4,Cauliflower,2026-02-19,466.9,27.03,True,1.0
2,Gurugram,4,Cauliflower,2026-02-20,560.3,27.55,True,1.0
2,Gurugram,4,Cauliflower,2026-02-21,583.5,25.98,True,1.0
2,Gurugram,4,Cauliflower,2026-02-22,436.3,27.43,True,1.0
2,Gurugram,4,Cauliflower,2026-02-23,418.8,27.83,True,1.0
2,Gurugram,4,Cauliflower,2026-02-24,538.0,27.7,True,1.0
2,Gurugram,4,Cauliflower,2026-02-25,573.5,27.55,True,1.0
2,Gurugram,4,Cauliflower,2026-02-26,428.4,27.67,True,1.0
2,Gurugram,4,Cauliflower,2026-02-27,448.5,28.26,True,1.0
2,Gurugram,4,Cauliflower,2026-02-28,640.4,28.43,True,1.0
2,Gurugram,4,Cauliflower,2026-03-01,433.9,29.34,True,1.0
2,Gurugram,4,Cauliflower,2026-03-02,541.8,30.33,True,1.0
2,Gurugram,4,Cauliflower,2026-03-03,581.4,30.54,True,1.0
2,Gurugram,4,Cauliflower,2026-03-04,580.8,28.53,True,1.0
2,Gurugram,4,Cauliflower,2026-03-05,568.1,28.01,True,1.0
2,Gurugram,4,Cauliflower,2026-03-06,502.3,28.89,True,1.0
2,Gurugram,4,Cauliflower,2026-03-07,476.3,30.56,True,1.0
2,Gurugram,4,Cauliflower,2026-03-08,584.3,29.44,True,1.0
2,Gurugram,4,Cauliflower,2026-03-09,411.8,29.71,True,1.0
2,Gurugram,4,Cauliflower,2026-03-10,499.6,30.48,True,1.0
2,Gurugram,4,Cauliflower,2026-03-11,371.7,30.08,True,1.0
2,Gurugram,4,Cauliflower,2026-03-12,408.5,28.74,True,1.0
2,Gurugram,4,Cauliflower,2026-03-13,544.0,30.51,True,1.0
2,Gurugram,4,Cauliflower,2026-03-14,560.3,29.39,True,1.0
2,Gurugram,4,Cauliflower,2026-03-15,417.4,28.77,True,1.0
2,Gurugram,4,Cauliflower,2026-03-16,515.7,29.2,True,1.0
2,Gurugram,4,Cauliflower,2026-03-17,458.7,29.36,True,1.0
2,Gurugram,4,Cauliflower,2026-03-18,457.8,28.7,True,1.0
2,Gurugram,4,Cauliflower,2026-03-19,556.0,30.46,True,1.0
2,Gurugram,4,Cauliflower,2026-03-20,554.6,30.75,True,1.0
2,Gurugram,4,Cauliflower,2026-03-21,625.9,31.34,True,1.0
2,Gurugram,4,Cauliflower,2026-03-22,422.1,30.94,True,1.0
2,Gurugram,4,Cauliflower,2026-03-23,442.3,30.73,True,1.0
2,Gurugram,4,Cauliflower,2026-03-24,432.5,31.81,True,1.0
2,Gurugram,4,Cauliflower,2026-03-25,484.7,30.94,True,1.0
2,Gurugram,4,Cauliflower,2026-03-26,525.2,30.53,True,1.0
2,Gurugram,4,Cauliflower,2026-03-27,606.7,30.99,True,1.0
2,Gurugram,4,Cauliflower,2026-03-28,352.4,31.75,True,1.0
2,Gurugram,4,Cauliflower,2026-03-29,426.8,32.33,True,1.0
2,Gurugram,4,Cauliflower,2026-03-30,410.9,31.09,True,1.0
2,Gurugram,4,Cauliflower,2026-03-31,490.7,30.15,True,1.0
2,Gurugram,4,Cauliflower,2026-04-01,458.8,29.75,True,1.0
2,Gurugram,4,Cauliflower,2026-04-02,522.8,30.99,True,1.0
2,Gurugram,4,Cauliflower,2026-04-03,467.4,31.92,True,1.0
2,Gurugram,4,Cauliflower,2026-04-04,504.5,32.1,True,1.0
2,Gurugram,4,Cauliflower,2026-04-05,317.7,32.24,True,1.0
2,Gurugram,4,Cauliflower,2026-04-06,427.7,30.61,True,1.0
2,Gurugram,4,Cauliflower,2026-04-07,537.2,31.26,True,1.0
2,Gurugram,4,Cauliflower,2026-04-08,542.9,30.08,True,1.0
2,Gurugram,4,Cauliflower,2026-04-09,480.5,31.39,True,1.0
2,Gurugram,4,Cauliflower,2026-04-10,400.6,31.33,True,1.0
2,Gurugram,4,Cauliflower,2026-04-11,533.1,31.82,True,1.0
2,Gurugram,4,Cauliflower,2026-04-12,456.4,31.77,True,1.0
2,Gurugram,4,Cauliflower,2026-04-13,441.3,31.89,True,1.0
2,Gurugram,4,Cauliflower,2026-04-14,514.3,31.07,True,1.0
2,Gurugram,4,Cauliflower,2026-04-15,407.6,31.37,True,1.0
2,Gurugram,4,Cauliflower,2026-04-16,447.1,31.7,True,1.0
2,Gurugram,4,Cauliflower,2026-04-17,547.0,32.21,True,1.0
2,Gurugram,4,Cauliflower,2026-04-18,493.8,32.91,True,1.0
2,Gurugram,4,Cauliflower,2026-04-19,333.4,33.37,True,1.0
2,Gurugram,4,Cauliflower,2026-04-20,436.1,33.52,True,1.0
2,Gurugram,4,Cauliflower,2026-04-21,599.5,32.78,True,1.0
2,Gurugram,4,Cauliflower,2026-04-22,363.8,31.7,True,1.0
2,Gurugram,4,Cauliflower,2026-04-23,492.7,31.25,True,1.0
2,Gurugram,4,Cauliflower,2026-04-24,547.9,31.12,True,1.0
2,Gurugram,4,Cauliflower,2026-04-25,534.7,32.57,True,1.0
2,Gurugram,4,Cauliflower,2026-04-26,375.2,33.86,True,1.0
2,Gurugram,4,Cauliflower,2026-04-27,464.9,33.0,True,1.0
2,Gurugram,4,Cauliflower,2026-04-28,370.7,32.1,True,1.0
2,Gurugram,4,Cauliflower,2026-04-29,429.0,31.09,True,1.0
2,Gurugram,4,Cauliflower,2026-04-30,516.9,31.3,True,1.0
2,Gurugram,4,Cauliflower,2026-05-01,416.6,32.42,True,1.0
2,Gurugram,4,Cauliflower,2026-05-02,531.6,31.84,True,1.0
2,Gurugram,4,Cauliflower,2026-05-03,300.4,33.57,True,1.0
2,Gurugram,4,Cauliflower,2026-05-04,357.8,34.05,True,1.0
2,Gurugram,4,Cauliflower,2026-05-05,350.5,35.1,True,1.0
2,Gurugram,4,Cauliflower,2026-05-06,453.3,34.02,True,1.0
2,Gurugram,4,Cauliflower,2026-05-07,372.1,34.76,True,1.0
2,Gurugram,4,Cauliflower,2026-05-08,454.1,33.51,True,1.0
2,Gurugram,4,Cauliflower,2026-05-09,512.2,34.41,True,1.0
2,Gurugram,4,Cauliflower,2026-05-10,327.9,35.82,True,1.0
2,Gurugram,4,Cauliflower,2026-05-11,369.2,36.84,True,1.0
2,Gurugram,4,Cauliflower,2026-05-12,404.4,35.55,True,1.0
2,Gurugram,4,Cauliflower,2026-05-13,448.6,34.33,True,1.0
2,Gurugram,4,Cauliflower,2026-05-14,327.7,34.21,True,1.0
2,Gurugram,4,Cauliflower,2026-05-15,412.5,35.88,True,1.0
2,Gurugram,4,Cauliflower,2026-05-16,417.5,34.12,True,1.0
2,Gurugram,4,Cauliflower,2026-05-17,261.5,32.81,True,1.0
2,Gurugram,4,Cauliflower,2026-05-18,395.3,31.45,True,1.0
2,Gurugram,4,Cauliflower,2026-05-19,390.0,32.46,True,1.0
2,Gurugram,4,Cauliflower,2026-05-20,449.8,31.54,True,1.0
2,Gurugram,4,Cauliflower,2026-05-21,414.0,33.58,True,1.0
2,Gurugram,4,Cauliflower,2026-05-22,413.9,35.55,True,1.0
2,Gurugram,4,Cauliflower,2026-05-23,410.9,35.17,True,1.0
2,Gurugram,4,Cauliflower,2026-05-24,289.8,37.53,True,1.0
2,Gurugram,4,Cauliflower,2026-05-25,350.5,36.93,True,1.0
2,Gurugram,4,Cauliflower,2026-05-26,313.3,35.76,True,1.0
2,Gurugram,4,Cauliflower,2026-05-27,442.9,34.95,True,1.0
2,Gurugram,4,Cauliflower,2026-05-28,294.3,36.38,True,1.0
2,Gurugram,4,Cauliflower,2026-05-29,372.2,36.73,True,1.0
2,Gurugram,4,Cauliflower,2026-05-30,443.4,34.12,True,1.0
2,Gurugram,4,Cauliflower,2026-05-31,287.3,32.55,True,1.0
2,Gurugram,4,Cauliflower,2026-06-01,344.0,31.86,True,1.0
2,Gurugram,4,Cauliflower,2026-06-02,296.5,32.18,True,1.0
2,Gurugram,4,Cauliflower,2026-06-03,338.7,31.77,True,1.0
2,Gurugram,4,Cauliflower,2026-06-04,432.0,31.96,True,1.0
2,Gurugram,4,Cauliflower,2026-06-05,470.0,32.04,True,1.0
2,Gurugram,4,Cauliflower,2026-06-06,382.9,31.83,True,1.0
2,Gurugram,4,Cauliflower,2026-06-07,276.3,34.75,True,1.0
2,Gurugram,4,Cauliflower,2026-06-08,278.7,36.21,True,1.0
2,Gurugram,4,Cauliflower,2026-06-09,304.8,37.66,True,1.0
2,Gurugram,4,Cauliflower,2026-06-10,350.2,38.59,True,1.0
2,Gurugram,4,Cauliflower,2026-06-11,295.1,37.33,True,1.0
2,Gurugram,4,Cauliflower,2026-06-12,326.0,36.66,True,1.0
2,Gurugram,4,Cauliflower,2026-06-13,298.1,35.14,True,1.0
2,Gurugram,4,Cauliflower,2026-06-14,288.6,35.17,True,1.0
2,Gurugram,4,Cauliflower,2026-06-15,308.9,34.04,True,1.0
2,Gurugram,4,Cauliflower,2026-06-16,339.8,32.71,True,1.0
2,Gurugram,4,Cauliflower,2026-06-17,364.8,32.56,True,1.0
2,Gurugram,4,Cauliflower,2026-06-18,309.5,34.0,True,1.0
2,Gurugram,4,Cauliflower,2026-06-19,388.6,34.28,True,1.0
2,Gurugram,4,Cauliflower,2026-06-20,388.7,34.96,True,1.0
2,Gurugram,4,Cauliflower,2026-06-21,249.3,34.85,True,1.0
2,Gurugram,4,Cauliflower,2026-06-22,303.4,33.84,True,1.0
2,Gurugram,4,Cauliflower,2026-06-23,423.1,34.53,True,1.0
2,Gurugram,4,Cauliflower,2026-06-24,290.6,34.59,True,1.0
2,Gurugram,4,Cauliflower,2026-06-25,319.4,35.85,True,1.0
2,Gurugram,4,Cauliflower,2026-06-26,318.3,36.78,True,1.0
2,Gurugram,4,Cauliflower,2026-06-27,336.8,35.71,True,1.0
2,Gurugram,4,Cauliflower,2026-06-28,255.2,35.38,True,1.0
2,Gurugram,4,Cauliflower,2026-06-29,326.5,34.13,True,1.0
2,Gurugram,4,Cauliflower,2026-06-30,248.2,33.3,True,1.0
2,Gurugram,4,Cauliflower,2026-07-01,352.6,32.98,True,1.0
2,Gurugram,4,Cauliflower,2026-07-02,310.1,33.76,True,1.0
2,Gurugram,4,Cauliflower,2026-07-03,359.0,33.32,True,1.0
2,Gurugram,4,Cauliflower,2026-07-04,353.0,35.0,True,1.0
2,Gurugram,4,Cauliflower,2026-07-05,251.5,35.12,True,1.0
2,Gurugram,4,Cauliflower,2026-07-06,273.0,34.45,True,1.0
2,Gurugram,4,Cauliflower,2026-07-07,265.0,35.23,True,1.0
2,Gurugram,4,Cauliflower,2026-07-08,322.1,34.03,True,1.0
2,Gurugram,4,Cauliflower,2026-07-09,295.4,33.27,True,1.0
2,Gurugram,4,Cauliflower,2026-07-10,292.8,34.65,True,1.0
2,Gurugram,4,Cauliflower,2026-07-11,541.6,33.02,True,1.0
2,Gurugram,4,Cauliflower,2026-07-12,258.4,32.98,True,1.0
2,Gurugram,4,Cauliflower,2026-07-13,278.3,32.72,True,1.0
2,Gurugram,4,Cauliflower,2026-07-14,325.0,32.18,True,1.0
2,Gurugram,4,Cauliflower,2026-07-15,259.1,33.39,True,1.0
2,Gurugram,4,Cauliflower,2026-07-16,326.3,34.12,True,1.0
2,Gurugram,4,Cauliflower,2026-07-17,284.1,34.43,True,1.0
2,Gurugram,4,Cauliflower,2026-07-18,269.2,33.98,True,1.0
2,Gurugram,4,Cauliflower,2026-07-19,210.8,34.25,True,1.0
2,Gurugram,4,Cauliflower,2026-07-20,232.1,31.9,True,1.0
2,Gurugram,4,Cauliflower,2026-07-21,260.3,31.75,True,1.0
2,Gurugram,4,Cauliflower,2026-07-22,303.9,32.02,True,1.0
2,Gurugram,4,Cauliflower,2026-07-23,282.7,31.62,True,1.0
2,Gurugram,4,Cauliflower,2026-07-24,229.7,32.01,True,1.0
2,Gurugram,4,Cauliflower,2026-07-25,282.8,34.35,True,1.0
2,Gurugram,4,Cauliflower,2026-07-26,194.2,33.79,True,1.0
2,Gurugram,4,Cauliflower,2026-07-27,256.9,33.66,True,1.0
2,Gurugram,4,Cauliflower,2026-07-28,293.4,33.35,True,1.0
2,Gurugram,4,Cauliflower,2026-07-29,274.0,31.8,True,1.0
2,Gurugram,4,Cauliflower,2026-07-30,324.7,30.47,True,1.0
2,Gurugram,4,Cauliflower,2026-07-31,264.3,29.44,True,1.0
2,Gurugram,4,Cauliflower,2026-08-01,301.0,30.31,True,1.0
2,Gurugram,4,Cauliflower,2026-08-02,258.7,28.93,True,1.0
2,Gurugram,4,Cauliflower,2026-08-03,243.0,30.2,True,1.0
2,Gurugram,4,Cauliflower,2026-08-04,214.7,30.35,True,1.0
2,Gurugram,4,Cauliflower,2026-08-05,321.2,30.99,True,1.0
2,Gurugram,4,Cauliflower,2026-08-06,257.0,29.87,True,1.0
2,Gurugram,4,Cauliflower,2026-08-07,275.6,31.56,True,1.0
2,Gurugram,4,Cauliflower,2026-08-08,270.1,31.3,True,1.0
2,Gurugram,4,Cauliflower,2026-08-09,198.2,29.5,True,1.0
2,Gurugram,4,Cauliflower,2026-08-10,209.8,30.91,True,1.0
2,Gurugram,4,Cauliflower,2026-08-11,257.4,29.7,True,1.0
2,Gurugram,4,Cauliflower,2026-08-12,225.2,28.89,True,1.0
2,Gurugram,4,Cauliflower,2026-08-13,225.1,28.33,True,1.0
2,Gurugram,4,Cauliflower,2026-08-14,258.8,28.63,True,1.0
2,Gurugram,4,Cauliflower,2026-08-15,487.1,29.55,True,1.0
2,Gurugram,4,Cauliflower,2026-08-16,183.7,30.16,True,1.0
2,Gurugram,4,Cauliflower,2026-08-17,193.7,32.32,True,1.0
2,Gurugram,4,Cauliflower,2026-08-18,252.4,30.94,True,1.0
2,Gurugram,4,Cauliflower,2026-08-19,237.1,30.15,True,1.0
2,Gurugram,4,Cauliflower,2026-08-20,240.3,28.82,True,1.0
2,Gurugram,4,Cauliflower,2026-08-21,250.0,28.1,True,1.0
2,Gurugram,4,Cauliflower,2026-08-22,243.1,29.38,True,1.0
2,Gurugram,4,Cauliflower,2026-08-23,216.2,28.9,True,1.0
2,Gurugram,4,Cauliflower,2026-08-24,230.3,29.33,True,1.0
2,Gurugram,4,Cauliflower,2026-08-25,241.4,29.24,True,1.0
2,Gurugram,4,Cauliflower,2026-08-26,232.4,28.26,True,1.0
2,Gurugram,4,Cauliflower,2026-08-27,250.5,27.73,True,1.0
2,Gurugram,4,Cauliflower,2026-08-28,300.4,26.53,True,1.0
2,Gurugram,4,Cauliflower,2026-08-29,333.9,26.94,True,1.0
2,Gurugram,4,Cauliflower,2026-08-30,192.1,27.42,True,1.0
2,Gurugram,4,Cauliflower,2026-08-31,165.4,27.43,True,1.0
2,Gurugram,4,Cauliflower,2026-09-01,264.2,28.43,True,1.0
2,Gurugram,4,Cauliflower,2026-09-02,223.4,27.25,True,1.0
2,Gurugram,4,Cauliflower,2026-09-03,240.5,27.48,True,1.0
2,Gurugram,4,Cauliflower,2026-09-04,256.2,26.79,True,1.0
2,Gurugram,4,Cauliflower,2026-09-05,333.0,27.34,True,1.0
2,Gurugram,4,Cauliflower,2026-09-06,221.1,26.7,True,1.0
2,Gurugram,4,Cauliflower,2026-09-07,241.3,27.55,True,1.0
2,Gurugram,4,Cauliflower,2026-09-08,213.8,27.98,True,1.0
2,Gurugram,4,Cauliflower,2026-09-09,246.8,28.0,True,1.0
2,Gurugram,4,Cauliflower,2026-09-10,266.0,27.92,True,1.0
2,Gurugram,4,Cauliflower,2026-09-11,242.9,27.85,True,1.0
2,Gurugram,4,Cauliflower,2026-09-12,354.6,27.81,True,1.0
2,Gurugram,4,Cauliflower,2026-09-13,223.6,27.89,True,1.0
2,Gurugram,4,Cauliflower,2026-09-14,237.1,27.22,True,1.0
2,Gurugram,4,Cauliflower,2026-09-15,273.2,26.15,True,1.0
2,Gurugram,4,Cauliflower,2026-09-16,238.8,26.18,True,1.0
2,Gurugram,4,Cauliflower,2026-09-17,248.5,26.59,True,1.0
2,Gurugram,4,Cauliflower,2026-09-18,316.4,26.84,True,1.0
2,Gurugram,4,Cauliflower,2026-09-19,301.6,27.94,True,1.0
2,Gurugram,4,Cauliflower,2026-09-20,188.5,26.93,True,1.0
2,Gurugram,4,Cauliflower,2026-09-21,227.6,25.54,True,1.0
2,Gurugram,4,Cauliflower,2026-09-22,239.1,25.2,True,1.0
2,Gurugram,4,Cauliflower,2026-09-23,242.7,25.2,True,1.0
2,Gurugram,4,Cauliflower,2026-09-24,339.6,25.2,True,1.0
2,Gurugram,4,Cauliflower,2026-09-25,274.5,25.2,True,1.0
2,Gurugram,4,Cauliflower,2026-09-26,330.8,25.2,True,1.0
2,Gurugram,4,Cauliflower,2026-09-27,215.0,25.2,True,1.0
2,Gurugram,4,Cauliflower,2026-09-28,233.2,25.2,True,1.0
2,Gurugram,4,Cauliflower,2026-09-29,277.0,25.2,True,1.0
2,Gurugram,4,Cauliflower,2026-09-30,200.3,25.2,True,1.0
2,Gurugram,5,Green Chilli,2024-10-01,146.0,44.22,True,1.0
2,Gurugram,5,Green Chilli,2024-10-02,105.1,43.06,True,1.0
2,Gurugram,5,Green Chilli,2024-10-03,136.8,43.08,True,1.0
2,Gurugram,5,Green Chilli,2024-10-04,146.0,43.96,True,1.0
2,Gurugram,5,Green Chilli,2024-10-05,170.8,44.16,True,1.0
2,Gurugram,5,Green Chilli,2024-10-06,127.5,46.18,True,1.0
2,Gurugram,5,Green Chilli,2024-10-07,131.5,43.88,True,1.0
2,Gurugram,5,Green Chilli,2024-10-08,147.4,42.12,True,1.0
2,Gurugram,5,Green Chilli,2024-10-09,159.2,43.71,True,1.0
2,Gurugram,5,Green Chilli,2024-10-10,143.4,44.42,True,1.0
2,Gurugram,5,Green Chilli,2024-10-11,143.3,43.82,True,1.0
2,Gurugram,5,Green Chilli,2024-10-12,158.5,45.51,True,1.0
2,Gurugram,5,Green Chilli,2024-10-13,110.7,44.5,True,1.0
2,Gurugram,5,Green Chilli,2024-10-14,157.4,45.32,True,1.0
2,Gurugram,5,Green Chilli,2024-10-15,146.2,45.04,True,1.0
2,Gurugram,5,Green Chilli,2024-10-16,138.1,44.11,True,1.0
2,Gurugram,5,Green Chilli,2024-10-17,136.2,43.95,True,1.0
2,Gurugram,5,Green Chilli,2024-10-18,133.3,45.91,True,1.0
2,Gurugram,5,Green Chilli,2024-10-19,216.0,45.31,True,1.0
2,Gurugram,5,Green Chilli,2024-10-20,122.6,47.42,True,1.0
2,Gurugram,5,Green Chilli,2024-10-21,122.7,47.14,True,1.0
2,Gurugram,5,Green Chilli,2024-10-22,127.1,46.42,True,1.0
2,Gurugram,5,Green Chilli,2024-10-23,148.6,44.99,True,1.0
2,Gurugram,5,Green Chilli,2024-10-24,142.5,46.21,True,1.0
2,Gurugram,5,Green Chilli,2024-10-25,151.6,46.49,True,1.0
2,Gurugram,5,Green Chilli,2024-10-26,197.3,46.34,True,1.0
2,Gurugram,5,Green Chilli,2024-10-27,90.5,46.5,True,1.0
2,Gurugram,5,Green Chilli,2024-10-28,140.5,46.35,True,1.0
2,Gurugram,5,Green Chilli,2024-10-29,124.5,44.88,True,1.0
2,Gurugram,5,Green Chilli,2024-10-30,138.2,46.29,True,1.0
2,Gurugram,5,Green Chilli,2024-10-31,153.7,48.99,True,1.0
2,Gurugram,5,Green Chilli,2024-11-01,151.6,50.77,True,1.0
2,Gurugram,5,Green Chilli,2024-11-02,192.8,49.78,True,1.0
2,Gurugram,5,Green Chilli,2024-11-03,141.4,48.63,True,1.0
2,Gurugram,5,Green Chilli,2024-11-04,123.2,48.33,True,1.0
2,Gurugram,5,Green Chilli,2024-11-05,154.9,47.19,True,1.0
2,Gurugram,5,Green Chilli,2024-11-06,136.4,47.66,True,1.0
2,Gurugram,5,Green Chilli,2024-11-07,142.5,48.14,True,1.0
2,Gurugram,5,Green Chilli,2024-11-08,179.0,46.38,True,1.0
2,Gurugram,5,Green Chilli,2024-11-09,146.7,46.35,True,1.0
2,Gurugram,5,Green Chilli,2024-11-10,114.1,47.98,True,1.0
2,Gurugram,5,Green Chilli,2024-11-11,125.3,49.22,True,1.0
2,Gurugram,5,Green Chilli,2024-11-12,145.7,47.14,True,1.0
2,Gurugram,5,Green Chilli,2024-11-13,142.8,48.95,True,1.0
2,Gurugram,5,Green Chilli,2024-11-14,174.1,48.34,True,1.0
2,Gurugram,5,Green Chilli,2024-11-15,125.0,48.3,True,1.0
2,Gurugram,5,Green Chilli,2024-11-16,190.6,48.11,True,1.0
2,Gurugram,5,Green Chilli,2024-11-17,112.5,45.41,True,1.0
2,Gurugram,5,Green Chilli,2024-11-18,128.3,46.9,True,1.0
2,Gurugram,5,Green Chilli,2024-11-19,148.1,45.3,True,1.0
2,Gurugram,5,Green Chilli,2024-11-20,111.0,47.43,True,1.0
2,Gurugram,5,Green Chilli,2024-11-21,116.0,46.11,True,1.0
2,Gurugram,5,Green Chilli,2024-11-22,151.0,48.39,True,1.0
2,Gurugram,5,Green Chilli,2024-11-23,141.6,48.9,True,1.0
2,Gurugram,5,Green Chilli,2024-11-24,112.1,49.82,True,1.0
2,Gurugram,5,Green Chilli,2024-11-25,108.9,48.63,True,1.0
2,Gurugram,5,Green Chilli,2024-11-26,125.0,46.36,True,1.0
2,Gurugram,5,Green Chilli,2024-11-27,124.2,45.94,True,1.0
2,Gurugram,5,Green Chilli,2024-11-28,140.1,47.39,True,1.0
2,Gurugram,5,Green Chilli,2024-11-29,139.5,48.65,True,1.0
2,Gurugram,5,Green Chilli,2024-11-30,157.8,47.74,True,1.0
2,Gurugram,5,Green Chilli,2024-12-01,123.8,50.17,True,1.0
2,Gurugram,5,Green Chilli,2024-12-02,130.2,50.01,True,1.0
2,Gurugram,5,Green Chilli,2024-12-03,103.2,47.66,True,1.0
2,Gurugram,5,Green Chilli,2024-12-04,116.3,48.69,True,1.0
2,Gurugram,5,Green Chilli,2024-12-05,153.1,47.99,True,1.0
2,Gurugram,5,Green Chilli,2024-12-06,126.5,49.74,True,1.0
2,Gurugram,5,Green Chilli,2024-12-07,141.5,50.16,True,1.0
2,Gurugram,5,Green Chilli,2024-12-08,113.8,50.37,True,1.0
2,Gurugram,5,Green Chilli,2024-12-09,135.5,49.91,True,1.0
2,Gurugram,5,Green Chilli,2024-12-10,147.4,51.64,True,1.0
2,Gurugram,5,Green Chilli,2024-12-11,124.6,49.93,True,1.0
2,Gurugram,5,Green Chilli,2024-12-12,136.9,50.55,True,1.0
2,Gurugram,5,Green Chilli,2024-12-13,161.4,50.57,True,1.0
2,Gurugram,5,Green Chilli,2024-12-14,165.8,49.08,True,1.0
2,Gurugram,5,Green Chilli,2024-12-15,94.6,49.4,True,1.0
2,Gurugram,5,Green Chilli,2024-12-16,136.1,48.43,True,1.0
2,Gurugram,5,Green Chilli,2024-12-17,128.2,52.03,True,1.0
2,Gurugram,5,Green Chilli,2024-12-18,123.7,53.14,True,1.0
2,Gurugram,5,Green Chilli,2024-12-19,130.1,50.02,True,1.0
2,Gurugram,5,Green Chilli,2024-12-20,141.6,49.6,True,1.0
2,Gurugram,5,Green Chilli,2024-12-21,226.5,50.84,True,1.0
2,Gurugram,5,Green Chilli,2024-12-22,110.6,52.58,True,1.0
2,Gurugram,5,Green Chilli,2024-12-23,103.5,53.39,True,1.0
2,Gurugram,5,Green Chilli,2024-12-24,113.2,55.58,True,1.0
2,Gurugram,5,Green Chilli,2024-12-25,102.2,54.36,True,1.0
2,Gurugram,5,Green Chilli,2024-12-26,127.5,55.32,True,1.0
2,Gurugram,5,Green Chilli,2024-12-27,118.3,52.24,True,1.0
2,Gurugram,5,Green Chilli,2024-12-28,155.1,53.2,True,1.0
2,Gurugram,5,Green Chilli,2024-12-29,94.8,52.24,True,1.0
2,Gurugram,5,Green Chilli,2024-12-30,108.7,51.69,True,1.0
2,Gurugram,5,Green Chilli,2024-12-31,129.6,53.6,True,1.0
2,Gurugram,5,Green Chilli,2025-01-01,105.7,54.32,True,1.0
2,Gurugram,5,Green Chilli,2025-01-02,140.5,53.1,True,1.0
2,Gurugram,5,Green Chilli,2025-01-03,118.9,56.5,True,1.0
2,Gurugram,5,Green Chilli,2025-01-04,141.6,56.87,True,1.0
2,Gurugram,5,Green Chilli,2025-01-05,101.8,54.43,True,1.0
2,Gurugram,5,Green Chilli,2025-01-06,98.1,49.88,True,1.0
2,Gurugram,5,Green Chilli,2025-01-07,105.1,50.69,True,1.0
2,Gurugram,5,Green Chilli,2025-01-08,122.0,50.3,True,1.0
2,Gurugram,5,Green Chilli,2025-01-09,105.7,49.7,True,1.0
2,Gurugram,5,Green Chilli,2025-01-10,125.5,49.47,True,1.0
2,Gurugram,5,Green Chilli,2025-01-11,120.7,50.23,True,1.0
2,Gurugram,5,Green Chilli,2025-01-12,88.9,52.48,True,1.0
2,Gurugram,5,Green Chilli,2025-01-13,107.2,50.69,True,1.0
2,Gurugram,5,Green Chilli,2025-01-14,131.2,50.77,True,1.0
2,Gurugram,5,Green Chilli,2025-01-15,116.9,50.64,True,1.0
2,Gurugram,5,Green Chilli,2025-01-16,115.8,49.65,True,1.0
2,Gurugram,5,Green Chilli,2025-01-17,95.9,50.55,True,1.0
2,Gurugram,5,Green Chilli,2025-01-18,160.0,53.4,True,1.0
2,Gurugram,5,Green Chilli,2025-01-19,88.7,53.7,True,1.0
2,Gurugram,5,Green Chilli,2025-01-20,110.2,53.06,True,1.0
2,Gurugram,5,Green Chilli,2025-01-21,127.0,51.86,True,1.0
2,Gurugram,5,Green Chilli,2025-01-22,112.3,51.74,True,1.0
2,Gurugram,5,Green Chilli,2025-01-23,121.6,49.12,True,1.0
2,Gurugram,5,Green Chilli,2025-01-24,119.3,49.65,True,1.0
2,Gurugram,5,Green Chilli,2025-01-25,119.0,49.83,True,1.0
2,Gurugram,5,Green Chilli,2025-01-26,82.0,50.92,True,1.0
2,Gurugram,5,Green Chilli,2025-01-27,104.9,52.39,True,1.0
2,Gurugram,5,Green Chilli,2025-01-28,113.1,53.12,True,1.0
2,Gurugram,5,Green Chilli,2025-01-29,139.8,52.31,True,1.0
2,Gurugram,5,Green Chilli,2025-01-30,116.7,51.17,True,1.0
2,Gurugram,5,Green Chilli,2025-01-31,137.4,50.22,True,1.0
2,Gurugram,5,Green Chilli,2025-02-01,125.3,49.34,True,1.0
2,Gurugram,5,Green Chilli,2025-02-02,69.0,48.95,True,1.0
2,Gurugram,5,Green Chilli,2025-02-03,83.6,49.36,True,1.0
2,Gurugram,5,Green Chilli,2025-02-04,100.2,48.11,True,1.0
2,Gurugram,5,Green Chilli,2025-02-05,108.5,49.54,True,1.0
2,Gurugram,5,Green Chilli,2025-02-06,114.2,49.76,True,1.0
2,Gurugram,5,Green Chilli,2025-02-07,130.0,48.88,True,1.0
2,Gurugram,5,Green Chilli,2025-02-08,116.5,48.53,True,1.0
2,Gurugram,5,Green Chilli,2025-02-09,96.3,50.36,True,1.0
2,Gurugram,5,Green Chilli,2025-02-10,102.6,51.76,True,1.0
2,Gurugram,5,Green Chilli,2025-02-11,84.6,55.03,True,1.0
2,Gurugram,5,Green Chilli,2025-02-12,116.3,54.51,True,1.0
2,Gurugram,5,Green Chilli,2025-02-13,125.9,52.25,True,1.0
2,Gurugram,5,Green Chilli,2025-02-14,119.7,50.64,True,1.0
2,Gurugram,5,Green Chilli,2025-02-15,120.5,51.12,True,1.0
2,Gurugram,5,Green Chilli,2025-02-16,80.0,52.06,True,1.0
2,Gurugram,5,Green Chilli,2025-02-17,73.6,53.62,True,1.0
2,Gurugram,5,Green Chilli,2025-02-18,100.1,51.27,True,1.0
2,Gurugram,5,Green Chilli,2025-02-19,85.4,51.07,True,1.0
2,Gurugram,5,Green Chilli,2025-02-20,101.9,49.11,True,1.0
2,Gurugram,5,Green Chilli,2025-02-21,112.2,49.91,True,1.0
2,Gurugram,5,Green Chilli,2025-02-22,118.1,48.49,True,1.0
2,Gurugram,5,Green Chilli,2025-02-23,89.8,50.97,True,1.0
2,Gurugram,5,Green Chilli,2025-02-24,159.2,49.5,True,1.0
2,Gurugram,5,Green Chilli,2025-02-25,116.6,50.43,True,1.0
2,Gurugram,5,Green Chilli,2025-02-26,89.7,50.41,True,1.0
2,Gurugram,5,Green Chilli,2025-02-27,103.6,50.23,True,1.0
2,Gurugram,5,Green Chilli,2025-02-28,111.0,47.49,True,1.0
2,Gurugram,5,Green Chilli,2025-03-01,106.0,47.94,True,1.0
2,Gurugram,5,Green Chilli,2025-03-02,107.1,47.02,True,1.0
2,Gurugram,5,Green Chilli,2025-03-03,114.9,46.89,True,1.0
2,Gurugram,5,Green Chilli,2025-03-04,111.2,48.23,True,1.0
2,Gurugram,5,Green Chilli,2025-03-05,81.6,52.4,True,1.0
2,Gurugram,5,Green Chilli,2025-03-06,97.6,54.22,True,1.0
2,Gurugram,5,Green Chilli,2025-03-07,114.4,53.36,True,1.0
2,Gurugram,5,Green Chilli,2025-03-08,112.9,52.53,True,1.0
2,Gurugram,5,Green Chilli,2025-03-09,79.8,50.86,True,1.0
2,Gurugram,5,Green Chilli,2025-03-10,82.7,48.78,True,1.0
2,Gurugram,5,Green Chilli,2025-03-11,104.6,49.34,True,1.0
2,Gurugram,5,Green Chilli,2025-03-12,120.5,48.46,True,1.0
2,Gurugram,5,Green Chilli,2025-03-13,84.5,50.93,True,1.0
2,Gurugram,5,Green Chilli,2025-03-14,90.5,53.3,True,1.0
2,Gurugram,5,Green Chilli,2025-03-15,113.6,54.98,True,1.0
2,Gurugram,5,Green Chilli,2025-03-16,70.4,51.87,True,1.0
2,Gurugram,5,Green Chilli,2025-03-17,71.0,49.96,True,1.0
2,Gurugram,5,Green Chilli,2025-03-18,93.2,47.66,True,1.0
2,Gurugram,5,Green Chilli,2025-03-19,76.5,48.6,True,1.0
2,Gurugram,5,Green Chilli,2025-03-20,92.3,47.18,True,1.0
2,Gurugram,5,Green Chilli,2025-03-21,116.2,46.5,True,1.0
2,Gurugram,5,Green Chilli,2025-03-22,104.1,45.64,True,1.0
2,Gurugram,5,Green Chilli,2025-03-23,83.9,45.44,True,1.0
2,Gurugram,5,Green Chilli,2025-03-24,95.6,48.23,True,1.0
2,Gurugram,5,Green Chilli,2025-03-25,88.0,44.67,True,1.0
2,Gurugram,5,Green Chilli,2025-03-26,89.9,46.08,True,1.0
2,Gurugram,5,Green Chilli,2025-03-28,119.0,48.96,True,1.0
2,Gurugram,5,Green Chilli,2025-03-29,107.5,49.46,True,1.0
2,Gurugram,5,Green Chilli,2025-03-30,72.2,47.23,True,1.0
2,Gurugram,5,Green Chilli,2025-03-31,101.9,46.23,True,1.0
2,Gurugram,5,Green Chilli,2025-04-01,107.2,45.57,True,1.0
2,Gurugram,5,Green Chilli,2025-04-02,90.5,47.35,True,1.0
2,Gurugram,5,Green Chilli,2025-04-03,95.8,49.36,True,1.0
2,Gurugram,5,Green Chilli,2025-04-04,115.4,48.6,True,1.0
2,Gurugram,5,Green Chilli,2025-04-05,117.1,47.64,True,1.0
2,Gurugram,5,Green Chilli,2025-04-06,77.8,48.56,True,1.0
2,Gurugram,5,Green Chilli,2025-04-07,99.2,47.77,True,1.0
2,Gurugram,5,Green Chilli,2025-04-08,101.3,47.8,True,1.0
2,Gurugram,5,Green Chilli,2025-04-09,95.4,47.44,True,1.0
2,Gurugram,5,Green Chilli,2025-04-10,115.8,45.82,True,1.0
2,Gurugram,5,Green Chilli,2025-04-11,98.4,47.52,True,1.0
2,Gurugram,5,Green Chilli,2025-04-12,104.5,46.07,True,1.0
2,Gurugram,5,Green Chilli,2025-04-13,78.8,48.42,True,1.0
2,Gurugram,5,Green Chilli,2025-04-14,84.2,49.03,True,1.0
2,Gurugram,5,Green Chilli,2025-04-15,128.4,48.05,True,1.0
2,Gurugram,5,Green Chilli,2025-04-16,96.0,45.44,True,1.0
2,Gurugram,5,Green Chilli,2025-04-17,93.2,47.46,True,1.0
2,Gurugram,5,Green Chilli,2025-04-18,95.8,47.03,True,1.0
2,Gurugram,5,Green Chilli,2025-04-19,102.9,47.48,True,1.0
2,Gurugram,5,Green Chilli,2025-04-20,73.9,48.56,True,1.0
2,Gurugram,5,Green Chilli,2025-04-21,91.8,45.77,True,1.0
2,Gurugram,5,Green Chilli,2025-04-22,89.4,45.78,True,1.0
2,Gurugram,5,Green Chilli,2025-04-23,100.8,44.8,True,1.0
2,Gurugram,5,Green Chilli,2025-04-24,105.2,44.98,True,1.0
2,Gurugram,5,Green Chilli,2025-04-25,109.0,45.24,True,1.0
2,Gurugram,5,Green Chilli,2025-04-26,99.6,42.73,True,1.0
2,Gurugram,5,Green Chilli,2025-04-27,100.9,42.74,True,1.0
2,Gurugram,5,Green Chilli,2025-04-28,85.4,43.11,True,1.0
2,Gurugram,5,Green Chilli,2025-04-29,79.0,41.71,True,1.0
2,Gurugram,5,Green Chilli,2025-04-30,141.7,41.33,True,1.0
2,Gurugram,5,Green Chilli,2025-05-01,124.2,42.06,True,1.0
2,Gurugram,5,Green Chilli,2025-05-02,85.0,43.23,True,1.0
2,Gurugram,5,Green Chilli,2025-05-03,108.4,43.01,True,1.0
2,Gurugram,5,Green Chilli,2025-05-04,81.8,42.15,True,1.0
2,Gurugram,5,Green Chilli,2025-05-05,84.0,41.17,True,1.0
2,Gurugram,5,Green Chilli,2025-05-06,109.5,41.22,True,1.0
2,Gurugram,5,Green Chilli,2025-05-07,100.4,40.71,True,1.0
2,Gurugram,5,Green Chilli,2025-05-08,93.9,41.97,True,1.0
2,Gurugram,5,Green Chilli,2025-05-09,78.4,42.43,True,1.0
2,Gurugram,5,Green Chilli,2025-05-10,122.8,41.63,True,1.0
2,Gurugram,5,Green Chilli,2025-05-11,83.8,42.1,True,1.0
2,Gurugram,5,Green Chilli,2025-05-12,90.3,45.02,True,1.0
2,Gurugram,5,Green Chilli,2025-05-13,98.9,45.08,True,1.0
2,Gurugram,5,Green Chilli,2025-05-14,122.5,44.45,True,1.0
2,Gurugram,5,Green Chilli,2025-05-15,122.4,44.57,True,1.0
2,Gurugram,5,Green Chilli,2025-05-16,99.2,45.33,True,1.0
2,Gurugram,5,Green Chilli,2025-05-17,130.3,42.33,True,1.0
2,Gurugram,5,Green Chilli,2025-05-18,77.6,41.6,True,1.0
2,Gurugram,5,Green Chilli,2025-05-19,110.3,40.85,True,1.0
2,Gurugram,5,Green Chilli,2025-05-20,90.7,40.28,True,1.0
2,Gurugram,5,Green Chilli,2025-05-21,116.5,43.12,True,1.0
2,Gurugram,5,Green Chilli,2025-05-22,111.4,43.18,True,1.0
2,Gurugram,5,Green Chilli,2025-05-23,119.4,43.94,True,1.0
2,Gurugram,5,Green Chilli,2025-05-24,120.4,43.43,True,1.0
2,Gurugram,5,Green Chilli,2025-05-25,88.9,46.18,True,1.0
2,Gurugram,5,Green Chilli,2025-05-26,110.6,42.05,True,1.0
2,Gurugram,5,Green Chilli,2025-05-27,94.1,41.11,True,1.0
2,Gurugram,5,Green Chilli,2025-05-28,101.9,40.49,True,1.0
2,Gurugram,5,Green Chilli,2025-05-29,102.9,40.14,True,1.0
2,Gurugram,5,Green Chilli,2025-05-30,106.8,41.34,True,1.0
2,Gurugram,5,Green Chilli,2025-05-31,135.9,41.2,True,1.0
2,Gurugram,5,Green Chilli,2025-06-01,78.3,41.74,True,1.0
2,Gurugram,5,Green Chilli,2025-06-02,123.1,42.57,True,1.0
2,Gurugram,5,Green Chilli,2025-06-03,84.9,42.15,True,1.0
2,Gurugram,5,Green Chilli,2025-06-04,122.0,42.43,True,1.0
2,Gurugram,5,Green Chilli,2025-06-05,118.6,41.21,True,1.0
2,Gurugram,5,Green Chilli,2025-06-06,99.5,40.13,True,1.0
2,Gurugram,5,Green Chilli,2025-06-07,137.3,39.09,True,1.0
2,Gurugram,5,Green Chilli,2025-06-08,96.8,39.44,True,1.0
2,Gurugram,5,Green Chilli,2025-06-09,92.8,38.51,True,1.0
2,Gurugram,5,Green Chilli,2025-06-10,103.5,37.73,True,1.0
2,Gurugram,5,Green Chilli,2025-06-11,118.7,39.05,True,1.0
2,Gurugram,5,Green Chilli,2025-06-12,108.8,38.21,True,1.0
2,Gurugram,5,Green Chilli,2025-06-13,105.9,39.27,True,1.0
2,Gurugram,5,Green Chilli,2025-06-14,119.5,39.0,True,1.0
2,Gurugram,5,Green Chilli,2025-06-15,80.6,38.52,True,1.0
2,Gurugram,5,Green Chilli,2025-06-16,91.5,39.83,True,1.0
2,Gurugram,5,Green Chilli,2025-06-17,131.1,40.85,True,1.0
2,Gurugram,5,Green Chilli,2025-06-18,108.8,40.65,True,1.0
2,Gurugram,5,Green Chilli,2025-06-19,107.9,41.9,True,1.0
2,Gurugram,5,Green Chilli,2025-06-20,145.3,39.17,True,1.0
2,Gurugram,5,Green Chilli,2025-06-21,117.9,40.42,True,1.0
2,Gurugram,5,Green Chilli,2025-06-22,87.9,39.14,True,1.0
2,Gurugram,5,Green Chilli,2025-06-23,97.0,38.89,True,1.0
2,Gurugram,5,Green Chilli,2025-06-24,116.4,39.36,True,1.0
2,Gurugram,5,Green Chilli,2025-06-25,129.2,38.5,True,1.0
2,Gurugram,5,Green Chilli,2025-06-26,149.0,38.61,True,1.0
2,Gurugram,5,Green Chilli,2025-06-27,171.5,38.26,True,1.0
2,Gurugram,5,Green Chilli,2025-06-28,145.9,38.22,True,1.0
2,Gurugram,5,Green Chilli,2025-06-29,99.2,40.82,True,1.0
2,Gurugram,5,Green Chilli,2025-06-30,87.3,38.16,True,1.0
2,Gurugram,5,Green Chilli,2025-07-02,109.4,38.79,True,1.0
2,Gurugram,5,Green Chilli,2025-07-03,124.9,37.57,True,1.0
2,Gurugram,5,Green Chilli,2025-07-04,118.7,37.75,True,1.0
2,Gurugram,5,Green Chilli,2025-07-05,153.4,38.39,True,1.0
2,Gurugram,5,Green Chilli,2025-07-06,104.4,38.9,True,1.0
2,Gurugram,5,Green Chilli,2025-07-07,101.6,39.79,True,1.0
2,Gurugram,5,Green Chilli,2025-07-08,94.6,40.73,True,1.0
2,Gurugram,5,Green Chilli,2025-07-09,117.7,39.74,True,1.0
2,Gurugram,5,Green Chilli,2025-07-10,113.0,39.53,True,1.0
2,Gurugram,5,Green Chilli,2025-07-11,139.1,37.72,True,1.0
2,Gurugram,5,Green Chilli,2025-07-12,110.9,37.96,True,1.0
2,Gurugram,5,Green Chilli,2025-07-13,104.1,36.63,True,1.0
2,Gurugram,5,Green Chilli,2025-07-14,105.8,37.25,True,1.0
2,Gurugram,5,Green Chilli,2025-07-15,115.1,38.57,True,1.0
2,Gurugram,5,Green Chilli,2025-07-16,92.9,39.07,True,1.0
2,Gurugram,5,Green Chilli,2025-07-17,114.1,39.06,True,1.0
2,Gurugram,5,Green Chilli,2025-07-18,159.3,39.86,True,1.0
2,Gurugram,5,Green Chilli,2025-07-19,149.9,40.74,True,1.0
2,Gurugram,5,Green Chilli,2025-07-20,102.0,39.18,True,1.0
2,Gurugram,5,Green Chilli,2025-07-21,115.0,40.39,True,1.0
2,Gurugram,5,Green Chilli,2025-07-22,115.0,39.03,True,1.0
2,Gurugram,5,Green Chilli,2025-07-23,129.2,38.45,True,1.0
2,Gurugram,5,Green Chilli,2025-07-25,129.1,39.38,True,1.0
2,Gurugram,5,Green Chilli,2025-07-26,146.1,39.18,True,1.0
2,Gurugram,5,Green Chilli,2025-07-27,109.6,39.26,True,1.0
2,Gurugram,5,Green Chilli,2025-07-28,128.4,40.63,True,1.0
2,Gurugram,5,Green Chilli,2025-07-29,113.1,40.17,True,1.0
2,Gurugram,5,Green Chilli,2025-07-30,148.6,40.64,True,1.0
2,Gurugram,5,Green Chilli,2025-07-31,144.6,40.95,True,1.0
2,Gurugram,5,Green Chilli,2025-08-01,157.5,42.82,True,1.0
2,Gurugram,5,Green Chilli,2025-08-02,156.1,43.31,True,1.0
2,Gurugram,5,Green Chilli,2025-08-03,96.6,42.82,True,1.0
2,Gurugram,5,Green Chilli,2025-08-04,116.4,42.52,True,1.0
2,Gurugram,5,Green Chilli,2025-08-05,159.4,41.66,True,1.0
2,Gurugram,5,Green Chilli,2025-08-06,129.4,40.69,True,1.0
2,Gurugram,5,Green Chilli,2025-08-07,144.0,40.21,True,1.0
2,Gurugram,5,Green Chilli,2025-08-08,178.0,39.94,True,1.0
2,Gurugram,5,Green Chilli,2025-08-09,155.3,39.22,True,1.0
2,Gurugram,5,Green Chilli,2025-08-10,98.2,38.78,True,1.0
2,Gurugram,5,Green Chilli,2025-08-11,130.4,38.88,True,1.0
2,Gurugram,5,Green Chilli,2025-08-12,117.7,38.67,True,1.0
2,Gurugram,5,Green Chilli,2025-08-13,140.4,38.69,True,1.0
2,Gurugram,5,Green Chilli,2025-08-14,135.4,38.74,True,1.0
2,Gurugram,5,Green Chilli,2025-08-15,178.3,40.01,True,1.0
2,Gurugram,5,Green Chilli,2025-08-16,165.5,40.8,True,1.0
2,Gurugram,5,Green Chilli,2025-08-17,97.3,41.66,True,1.0
2,Gurugram,5,Green Chilli,2025-08-18,118.0,42.55,True,1.0
2,Gurugram,5,Green Chilli,2025-08-19,149.6,40.85,True,1.0
2,Gurugram,5,Green Chilli,2025-08-20,140.2,40.58,True,1.0
2,Gurugram,5,Green Chilli,2025-08-21,151.1,40.72,True,1.0
2,Gurugram,5,Green Chilli,2025-08-22,135.7,41.01,True,1.0
2,Gurugram,5,Green Chilli,2025-08-23,152.4,41.32,True,1.0
2,Gurugram,5,Green Chilli,2025-08-24,109.5,42.65,True,1.0
2,Gurugram,5,Green Chilli,2025-08-25,131.7,41.24,True,1.0
2,Gurugram,5,Green Chilli,2025-08-26,154.4,41.21,True,1.0
2,Gurugram,5,Green Chilli,2025-08-27,111.3,39.54,True,1.0
2,Gurugram,5,Green Chilli,2025-08-28,151.6,40.27,True,1.0
2,Gurugram,5,Green Chilli,2025-08-29,170.0,38.53,True,1.0
2,Gurugram,5,Green Chilli,2025-08-30,141.3,39.53,True,1.0
2,Gurugram,5,Green Chilli,2025-08-31,131.2,41.29,True,1.0
2,Gurugram,5,Green Chilli,2025-09-01,135.4,41.85,True,1.0
2,Gurugram,5,Green Chilli,2025-09-02,159.6,40.28,True,1.0
2,Gurugram,5,Green Chilli,2025-09-03,147.2,39.57,True,1.0
2,Gurugram,5,Green Chilli,2025-09-04,140.8,40.68,True,1.0
2,Gurugram,5,Green Chilli,2025-09-05,137.6,40.66,True,1.0
2,Gurugram,5,Green Chilli,2025-09-06,224.2,38.33,True,1.0
2,Gurugram,5,Green Chilli,2025-09-07,124.2,40.79,True,1.0
2,Gurugram,5,Green Chilli,2025-09-08,123.9,41.15,True,1.0
2,Gurugram,5,Green Chilli,2025-09-09,184.8,39.57,True,1.0
2,Gurugram,5,Green Chilli,2025-09-10,159.9,40.39,True,1.0
2,Gurugram,5,Green Chilli,2025-09-11,163.3,43.4,True,1.0
2,Gurugram,5,Green Chilli,2025-09-12,149.3,42.68,True,1.0
2,Gurugram,5,Green Chilli,2025-09-13,190.2,42.2,True,1.0
2,Gurugram,5,Green Chilli,2025-09-14,125.1,41.32,True,1.0
2,Gurugram,5,Green Chilli,2025-09-15,130.5,42.28,True,1.0
2,Gurugram,5,Green Chilli,2025-09-16,165.3,42.5,True,1.0
2,Gurugram,5,Green Chilli,2025-09-17,133.8,43.38,True,1.0
2,Gurugram,5,Green Chilli,2025-09-18,155.8,42.14,True,1.0
2,Gurugram,5,Green Chilli,2025-09-19,132.9,43.08,True,1.0
2,Gurugram,5,Green Chilli,2025-09-20,153.9,41.46,True,1.0
2,Gurugram,5,Green Chilli,2025-09-21,126.1,42.36,True,1.0
2,Gurugram,5,Green Chilli,2025-09-22,144.4,41.49,True,1.0
2,Gurugram,5,Green Chilli,2025-09-23,115.7,41.89,True,1.0
2,Gurugram,5,Green Chilli,2025-09-24,166.4,40.33,True,1.0
2,Gurugram,5,Green Chilli,2025-09-25,134.4,41.2,True,1.0
2,Gurugram,5,Green Chilli,2025-09-26,145.6,41.71,True,1.0
2,Gurugram,5,Green Chilli,2025-09-27,176.3,40.33,True,1.0
2,Gurugram,5,Green Chilli,2025-09-28,125.2,43.26,True,1.0
2,Gurugram,5,Green Chilli,2025-09-29,151.1,44.06,True,1.0
2,Gurugram,5,Green Chilli,2025-09-30,163.1,42.52,True,1.0
2,Gurugram,5,Green Chilli,2025-10-01,136.1,41.61,True,1.0
2,Gurugram,5,Green Chilli,2025-10-02,271.2,41.91,True,1.0
2,Gurugram,5,Green Chilli,2025-10-03,158.3,41.77,True,1.0
2,Gurugram,5,Green Chilli,2025-10-04,151.3,42.27,True,1.0
2,Gurugram,5,Green Chilli,2025-10-05,165.9,40.2,True,1.0
2,Gurugram,5,Green Chilli,2025-10-06,164.6,43.37,True,1.0
2,Gurugram,5,Green Chilli,2025-10-07,133.0,42.72,True,1.0
2,Gurugram,5,Green Chilli,2025-10-08,161.2,44.71,True,1.0
2,Gurugram,5,Green Chilli,2025-10-09,153.0,44.4,True,1.0
2,Gurugram,5,Green Chilli,2025-10-10,133.4,47.64,True,1.0
2,Gurugram,5,Green Chilli,2025-10-11,146.4,47.87,True,1.0
2,Gurugram,5,Green Chilli,2025-10-12,109.0,48.35,True,1.0
2,Gurugram,5,Green Chilli,2025-10-13,119.1,48.9,True,1.0
2,Gurugram,5,Green Chilli,2025-10-14,162.5,47.79,True,1.0
2,Gurugram,5,Green Chilli,2025-10-15,116.0,47.15,True,1.0
2,Gurugram,5,Green Chilli,2025-10-16,207.0,46.37,True,1.0
2,Gurugram,5,Green Chilli,2025-10-17,145.5,46.51,True,1.0
2,Gurugram,5,Green Chilli,2025-10-18,161.2,46.26,True,1.0
2,Gurugram,5,Green Chilli,2025-10-19,130.4,46.5,True,1.0
2,Gurugram,5,Green Chilli,2025-10-20,114.3,45.19,True,1.0
2,Gurugram,5,Green Chilli,2025-10-21,134.4,44.8,True,1.0
2,Gurugram,5,Green Chilli,2025-10-22,145.5,45.82,True,1.0
2,Gurugram,5,Green Chilli,2025-10-23,124.2,45.87,True,1.0
2,Gurugram,5,Green Chilli,2025-10-24,171.6,46.55,True,1.0
2,Gurugram,5,Green Chilli,2025-10-25,202.8,47.32,True,1.0
2,Gurugram,5,Green Chilli,2025-10-26,133.8,48.19,True,1.0
2,Gurugram,5,Green Chilli,2025-10-27,139.1,48.3,True,1.0
2,Gurugram,5,Green Chilli,2025-10-28,159.2,47.42,True,1.0
2,Gurugram,5,Green Chilli,2025-10-29,144.8,46.0,True,1.0
2,Gurugram,5,Green Chilli,2025-10-30,126.0,47.75,True,1.0
2,Gurugram,5,Green Chilli,2025-10-31,173.2,46.52,True,1.0
2,Gurugram,5,Green Chilli,2025-11-01,205.0,46.62,True,1.0
2,Gurugram,5,Green Chilli,2025-11-02,109.2,48.93,True,1.0
2,Gurugram,5,Green Chilli,2025-11-03,140.4,47.28,True,1.0
2,Gurugram,5,Green Chilli,2025-11-04,131.4,46.88,True,1.0
2,Gurugram,5,Green Chilli,2025-11-05,145.7,47.15,True,1.0
2,Gurugram,5,Green Chilli,2025-11-06,141.5,44.87,True,1.0
2,Gurugram,5,Green Chilli,2025-11-07,161.8,44.26,True,1.0
2,Gurugram,5,Green Chilli,2025-11-08,180.9,46.87,True,1.0
2,Gurugram,5,Green Chilli,2025-11-09,97.5,47.72,True,1.0
2,Gurugram,5,Green Chilli,2025-11-10,160.3,48.87,True,1.0
2,Gurugram,5,Green Chilli,2025-11-11,131.0,48.92,True,1.0
2,Gurugram,5,Green Chilli,2025-11-12,132.0,45.99,True,1.0
2,Gurugram,5,Green Chilli,2025-11-13,172.5,45.26,True,1.0
2,Gurugram,5,Green Chilli,2025-11-14,163.0,43.27,True,1.0
2,Gurugram,5,Green Chilli,2025-11-15,177.4,45.53,True,1.0
2,Gurugram,5,Green Chilli,2025-11-16,114.1,50.08,True,1.0
2,Gurugram,5,Green Chilli,2025-11-17,115.5,47.41,True,1.0
2,Gurugram,5,Green Chilli,2025-11-18,202.1,49.22,True,1.0
2,Gurugram,5,Green Chilli,2025-11-19,114.2,50.58,True,1.0
2,Gurugram,5,Green Chilli,2025-11-20,145.2,50.28,True,1.0
2,Gurugram,5,Green Chilli,2025-11-21,143.2,47.91,True,1.0
2,Gurugram,5,Green Chilli,2025-11-22,203.2,47.02,True,1.0
2,Gurugram,5,Green Chilli,2025-11-23,124.8,44.92,True,1.0
2,Gurugram,5,Green Chilli,2025-11-24,154.3,45.95,True,1.0
2,Gurugram,5,Green Chilli,2025-11-25,123.9,47.17,True,1.0
2,Gurugram,5,Green Chilli,2025-11-26,119.0,48.91,True,1.0
2,Gurugram,5,Green Chilli,2025-11-27,130.6,48.73,True,1.0
2,Gurugram,5,Green Chilli,2025-11-28,184.6,47.75,True,1.0
2,Gurugram,5,Green Chilli,2025-11-29,151.1,47.31,True,1.0
2,Gurugram,5,Green Chilli,2025-11-30,128.0,47.78,True,1.0
2,Gurugram,5,Green Chilli,2025-12-01,132.7,48.73,True,1.0
2,Gurugram,5,Green Chilli,2025-12-02,134.9,50.99,True,1.0
2,Gurugram,5,Green Chilli,2025-12-03,145.8,53.66,True,1.0
2,Gurugram,5,Green Chilli,2025-12-04,115.4,52.46,True,1.0
2,Gurugram,5,Green Chilli,2025-12-05,166.2,50.1,True,1.0
2,Gurugram,5,Green Chilli,2025-12-06,176.3,51.84,True,1.0
2,Gurugram,5,Green Chilli,2025-12-07,111.8,55.17,True,1.0
2,Gurugram,5,Green Chilli,2025-12-08,118.1,52.45,True,1.0
2,Gurugram,5,Green Chilli,2025-12-09,121.2,51.01,True,1.0
2,Gurugram,5,Green Chilli,2025-12-10,116.9,50.59,True,1.0
2,Gurugram,5,Green Chilli,2025-12-11,155.6,50.53,True,1.0
2,Gurugram,5,Green Chilli,2025-12-12,125.8,49.5,True,1.0
2,Gurugram,5,Green Chilli,2025-12-13,101.3,47.83,True,1.0
2,Gurugram,5,Green Chilli,2025-12-14,114.3,49.45,True,1.0
2,Gurugram,5,Green Chilli,2025-12-15,114.8,49.57,True,1.0
2,Gurugram,5,Green Chilli,2025-12-16,132.1,51.49,True,1.0
2,Gurugram,5,Green Chilli,2025-12-17,141.3,52.02,True,1.0
2,Gurugram,5,Green Chilli,2025-12-18,83.8,53.13,True,1.0
2,Gurugram,5,Green Chilli,2025-12-19,152.1,52.48,True,1.0
2,Gurugram,5,Green Chilli,2025-12-20,169.4,53.0,True,1.0
2,Gurugram,5,Green Chilli,2025-12-21,107.7,51.25,True,1.0
2,Gurugram,5,Green Chilli,2025-12-22,97.5,51.86,True,1.0
2,Gurugram,5,Green Chilli,2025-12-23,133.5,53.07,True,1.0
2,Gurugram,5,Green Chilli,2025-12-24,134.1,54.44,True,1.0
2,Gurugram,5,Green Chilli,2025-12-25,124.6,52.92,True,1.0
2,Gurugram,5,Green Chilli,2025-12-26,170.6,53.23,True,1.0
2,Gurugram,5,Green Chilli,2025-12-27,167.5,54.55,True,1.0
2,Gurugram,5,Green Chilli,2025-12-28,115.6,51.15,True,1.0
2,Gurugram,5,Green Chilli,2025-12-29,134.8,50.61,True,1.0
2,Gurugram,5,Green Chilli,2025-12-30,126.1,51.61,True,1.0
2,Gurugram,5,Green Chilli,2025-12-31,144.1,51.05,True,1.0
2,Gurugram,5,Green Chilli,2026-01-01,109.0,50.14,True,1.0
2,Gurugram,5,Green Chilli,2026-01-02,124.9,51.09,True,1.0
2,Gurugram,5,Green Chilli,2026-01-03,128.3,50.45,True,1.0
2,Gurugram,5,Green Chilli,2026-01-04,113.4,50.8,True,1.0
2,Gurugram,5,Green Chilli,2026-01-05,135.6,48.74,True,1.0
2,Gurugram,5,Green Chilli,2026-01-06,119.3,48.83,True,1.0
2,Gurugram,5,Green Chilli,2026-01-07,127.6,49.96,True,1.0
2,Gurugram,5,Green Chilli,2026-01-08,148.8,50.23,True,1.0
2,Gurugram,5,Green Chilli,2026-01-09,139.4,50.49,True,1.0
2,Gurugram,5,Green Chilli,2026-01-10,135.9,51.21,True,1.0
2,Gurugram,5,Green Chilli,2026-01-11,109.0,52.88,True,1.0
2,Gurugram,5,Green Chilli,2026-01-12,140.8,52.06,True,1.0
2,Gurugram,5,Green Chilli,2026-01-13,108.5,51.81,True,1.0
2,Gurugram,5,Green Chilli,2026-01-14,101.1,51.79,True,1.0
2,Gurugram,5,Green Chilli,2026-01-15,141.2,50.96,True,1.0
2,Gurugram,5,Green Chilli,2026-01-16,136.2,49.94,True,1.0
2,Gurugram,5,Green Chilli,2026-01-17,147.7,51.59,True,1.0
2,Gurugram,5,Green Chilli,2026-01-18,102.3,49.84,True,1.0
2,Gurugram,5,Green Chilli,2026-01-19,109.1,51.14,True,1.0
2,Gurugram,5,Green Chilli,2026-01-20,121.9,50.89,True,1.0
2,Gurugram,5,Green Chilli,2026-01-21,132.2,50.52,True,1.0
2,Gurugram,5,Green Chilli,2026-01-22,118.9,51.23,True,1.0
2,Gurugram,5,Green Chilli,2026-01-23,115.6,51.94,True,1.0
2,Gurugram,5,Green Chilli,2026-01-24,135.4,50.23,True,1.0
2,Gurugram,5,Green Chilli,2026-01-25,98.7,50.48,True,1.0
2,Gurugram,5,Green Chilli,2026-01-26,114.2,50.06,True,1.0
2,Gurugram,5,Green Chilli,2026-01-27,112.3,49.34,True,1.0
2,Gurugram,5,Green Chilli,2026-01-28,128.3,46.99,True,1.0
2,Gurugram,5,Green Chilli,2026-01-29,110.1,49.38,True,1.0
2,Gurugram,5,Green Chilli,2026-01-30,117.4,51.18,True,1.0
2,Gurugram,5,Green Chilli,2026-01-31,157.2,49.47,True,1.0
2,Gurugram,5,Green Chilli,2026-02-01,76.3,49.78,True,1.0
2,Gurugram,5,Green Chilli,2026-02-02,104.1,48.42,True,1.0
2,Gurugram,5,Green Chilli,2026-02-03,114.1,48.67,True,1.0
2,Gurugram,5,Green Chilli,2026-02-04,111.2,48.45,True,1.0
2,Gurugram,5,Green Chilli,2026-02-05,105.0,51.1,True,1.0
2,Gurugram,5,Green Chilli,2026-02-06,103.1,49.06,True,1.0
2,Gurugram,5,Green Chilli,2026-02-07,140.9,47.11,True,1.0
2,Gurugram,5,Green Chilli,2026-02-08,92.4,47.69,True,1.0
2,Gurugram,5,Green Chilli,2026-02-09,125.0,48.17,True,1.0
2,Gurugram,5,Green Chilli,2026-02-10,113.0,51.72,True,1.0
2,Gurugram,5,Green Chilli,2026-02-11,108.5,50.28,True,1.0
2,Gurugram,5,Green Chilli,2026-02-12,102.0,52.52,True,1.0
2,Gurugram,5,Green Chilli,2026-02-13,98.9,52.65,True,1.0
2,Gurugram,5,Green Chilli,2026-02-14,136.0,54.49,True,1.0
2,Gurugram,5,Green Chilli,2026-02-15,100.6,53.64,True,1.0
2,Gurugram,5,Green Chilli,2026-02-16,91.8,50.25,True,1.0
2,Gurugram,5,Green Chilli,2026-02-17,90.0,48.94,True,1.0
2,Gurugram,5,Green Chilli,2026-02-18,109.4,50.09,True,1.0
2,Gurugram,5,Green Chilli,2026-02-19,106.2,48.85,True,1.0
2,Gurugram,5,Green Chilli,2026-02-20,123.8,52.69,True,1.0
2,Gurugram,5,Green Chilli,2026-02-21,122.7,49.23,True,1.0
2,Gurugram,5,Green Chilli,2026-02-22,95.2,48.56,True,1.0
2,Gurugram,5,Green Chilli,2026-02-23,108.7,49.61,True,1.0
2,Gurugram,5,Green Chilli,2026-02-24,81.5,49.69,True,1.0
2,Gurugram,5,Green Chilli,2026-02-25,128.9,49.04,True,1.0
2,Gurugram,5,Green Chilli,2026-02-26,127.7,51.3,True,1.0
2,Gurugram,5,Green Chilli,2026-02-27,113.8,50.88,True,1.0
2,Gurugram,5,Green Chilli,2026-02-28,113.6,52.04,True,1.0
2,Gurugram,5,Green Chilli,2026-03-01,90.6,50.63,True,1.0
2,Gurugram,5,Green Chilli,2026-03-02,105.0,51.76,True,1.0
2,Gurugram,5,Green Chilli,2026-03-03,83.5,51.34,True,1.0
2,Gurugram,5,Green Chilli,2026-03-04,103.2,48.39,True,1.0
2,Gurugram,5,Green Chilli,2026-03-05,104.3,46.95,True,1.0
2,Gurugram,5,Green Chilli,2026-03-06,116.0,49.12,True,1.0
2,Gurugram,5,Green Chilli,2026-03-07,129.0,49.06,True,1.0
2,Gurugram,5,Green Chilli,2026-03-08,76.0,50.63,True,1.0
2,Gurugram,5,Green Chilli,2026-03-09,83.5,51.11,True,1.0
2,Gurugram,5,Green Chilli,2026-03-10,98.7,48.78,True,1.0
2,Gurugram,5,Green Chilli,2026-03-11,100.6,47.09,True,1.0
2,Gurugram,5,Green Chilli,2026-03-12,89.0,47.37,True,1.0
2,Gurugram,5,Green Chilli,2026-03-13,114.8,47.91,True,1.0
2,Gurugram,5,Green Chilli,2026-03-14,130.0,47.08,True,1.0
2,Gurugram,5,Green Chilli,2026-03-15,82.1,48.11,True,1.0
2,Gurugram,5,Green Chilli,2026-03-16,106.8,47.82,True,1.0
2,Gurugram,5,Green Chilli,2026-03-17,106.1,46.86,True,1.0
2,Gurugram,5,Green Chilli,2026-03-19,178.1,46.75,True,1.0
2,Gurugram,5,Green Chilli,2026-03-20,111.5,45.13,True,1.0
2,Gurugram,5,Green Chilli,2026-03-21,148.5,47.97,True,1.0
2,Gurugram,5,Green Chilli,2026-03-22,95.8,45.23,True,1.0
2,Gurugram,5,Green Chilli,2026-03-23,89.5,43.76,True,1.0
2,Gurugram,5,Green Chilli,2026-03-24,104.2,45.88,True,1.0
2,Gurugram,5,Green Chilli,2026-03-25,97.5,46.63,True,1.0
2,Gurugram,5,Green Chilli,2026-03-26,110.2,46.03,True,1.0
2,Gurugram,5,Green Chilli,2026-03-27,107.6,48.97,True,1.0
2,Gurugram,5,Green Chilli,2026-03-28,109.6,47.8,True,1.0
2,Gurugram,5,Green Chilli,2026-03-29,94.7,47.36,True,1.0
2,Gurugram,5,Green Chilli,2026-03-30,95.0,47.18,True,1.0
2,Gurugram,5,Green Chilli,2026-03-31,83.1,47.84,True,1.0
2,Gurugram,5,Green Chilli,2026-04-01,88.3,48.38,True,1.0
2,Gurugram,5,Green Chilli,2026-04-02,83.7,49.68,True,1.0
2,Gurugram,5,Green Chilli,2026-04-03,113.1,47.99,True,1.0
2,Gurugram,5,Green Chilli,2026-04-04,124.9,47.38,True,1.0
2,Gurugram,5,Green Chilli,2026-04-05,81.2,46.59,True,1.0
2,Gurugram,5,Green Chilli,2026-04-06,113.4,44.68,True,1.0
2,Gurugram,5,Green Chilli,2026-04-07,101.9,44.61,True,1.0
2,Gurugram,5,Green Chilli,2026-04-08,77.7,45.38,True,1.0
2,Gurugram,5,Green Chilli,2026-04-09,88.7,45.61,True,1.0
2,Gurugram,5,Green Chilli,2026-04-10,112.0,47.49,True,1.0
2,Gurugram,5,Green Chilli,2026-04-11,117.6,47.13,True,1.0
2,Gurugram,5,Green Chilli,2026-04-12,82.6,45.29,True,1.0
2,Gurugram,5,Green Chilli,2026-04-13,94.2,44.6,True,1.0
2,Gurugram,5,Green Chilli,2026-04-14,90.0,43.73,True,1.0
2,Gurugram,5,Green Chilli,2026-04-15,132.9,43.36,True,1.0
2,Gurugram,5,Green Chilli,2026-04-16,106.9,43.7,True,1.0
2,Gurugram,5,Green Chilli,2026-04-17,99.0,44.99,True,1.0
2,Gurugram,5,Green Chilli,2026-04-18,109.9,46.02,True,1.0
2,Gurugram,5,Green Chilli,2026-04-19,81.4,44.41,True,1.0
2,Gurugram,5,Green Chilli,2026-04-20,107.4,44.96,True,1.0
2,Gurugram,5,Green Chilli,2026-04-21,83.7,44.69,True,1.0
2,Gurugram,5,Green Chilli,2026-04-22,90.2,44.11,True,1.0
2,Gurugram,5,Green Chilli,2026-04-23,97.5,43.29,True,1.0
2,Gurugram,5,Green Chilli,2026-04-24,113.4,42.61,True,1.0
2,Gurugram,5,Green Chilli,2026-04-25,130.8,42.35,True,1.0
2,Gurugram,5,Green Chilli,2026-04-26,69.4,44.08,True,1.0
2,Gurugram,5,Green Chilli,2026-04-27,98.4,45.17,True,1.0
2,Gurugram,5,Green Chilli,2026-04-28,89.5,45.76,True,1.0
2,Gurugram,5,Green Chilli,2026-04-29,109.8,42.24,True,1.0
2,Gurugram,5,Green Chilli,2026-04-30,99.9,44.12,True,1.0
2,Gurugram,5,Green Chilli,2026-05-01,114.2,44.25,True,1.0
2,Gurugram,5,Green Chilli,2026-05-02,111.2,45.03,True,1.0
2,Gurugram,5,Green Chilli,2026-05-03,97.6,44.22,True,1.0
2,Gurugram,5,Green Chilli,2026-05-04,104.3,44.08,True,1.0
2,Gurugram,5,Green Chilli,2026-05-05,102.2,45.41,True,1.0
2,Gurugram,5,Green Chilli,2026-05-06,108.4,45.92,True,1.0
2,Gurugram,5,Green Chilli,2026-05-07,134.4,43.74,True,1.0
2,Gurugram,5,Green Chilli,2026-05-08,114.3,42.42,True,1.0
2,Gurugram,5,Green Chilli,2026-05-09,116.7,42.98,True,1.0
2,Gurugram,5,Green Chilli,2026-05-10,97.0,43.04,True,1.0
2,Gurugram,5,Green Chilli,2026-05-11,78.2,41.74,True,1.0
2,Gurugram,5,Green Chilli,2026-05-12,108.7,41.8,True,1.0
2,Gurugram,5,Green Chilli,2026-05-13,97.2,41.08,True,1.0
2,Gurugram,5,Green Chilli,2026-05-14,99.8,42.04,True,1.0
2,Gurugram,5,Green Chilli,2026-05-15,183.8,44.82,True,1.0
2,Gurugram,5,Green Chilli,2026-05-16,132.1,42.77,True,1.0
2,Gurugram,5,Green Chilli,2026-05-17,79.6,42.99,True,1.0
2,Gurugram,5,Green Chilli,2026-05-18,99.7,43.08,True,1.0
2,Gurugram,5,Green Chilli,2026-05-19,102.3,42.37,True,1.0
2,Gurugram,5,Green Chilli,2026-05-20,100.3,41.63,True,1.0
2,Gurugram,5,Green Chilli,2026-05-21,113.8,41.14,True,1.0
2,Gurugram,5,Green Chilli,2026-05-22,141.7,39.49,True,1.0
2,Gurugram,5,Green Chilli,2026-05-23,136.9,37.79,True,1.0
2,Gurugram,5,Green Chilli,2026-05-24,76.9,37.81,True,1.0
2,Gurugram,5,Green Chilli,2026-05-25,93.0,38.08,True,1.0
2,Gurugram,5,Green Chilli,2026-05-26,106.5,39.74,True,1.0
2,Gurugram,5,Green Chilli,2026-05-27,96.9,38.83,True,1.0
2,Gurugram,5,Green Chilli,2026-05-28,108.0,38.81,True,1.0
2,Gurugram,5,Green Chilli,2026-05-29,110.4,40.58,True,1.0
2,Gurugram,5,Green Chilli,2026-05-30,148.6,41.52,True,1.0
2,Gurugram,5,Green Chilli,2026-05-31,94.2,41.78,True,1.0
2,Gurugram,5,Green Chilli,2026-06-01,105.2,42.7,True,1.0
2,Gurugram,5,Green Chilli,2026-06-02,111.0,45.3,True,1.0
2,Gurugram,5,Green Chilli,2026-06-03,83.3,43.61,True,1.0
2,Gurugram,5,Green Chilli,2026-06-04,124.6,43.31,True,1.0
2,Gurugram,5,Green Chilli,2026-06-05,89.6,42.18,True,1.0
2,Gurugram,5,Green Chilli,2026-06-06,94.7,41.33,True,1.0
2,Gurugram,5,Green Chilli,2026-06-07,110.5,39.89,True,1.0
2,Gurugram,5,Green Chilli,2026-06-08,138.6,41.89,True,1.0
2,Gurugram,5,Green Chilli,2026-06-09,142.6,41.5,True,1.0
2,Gurugram,5,Green Chilli,2026-06-10,148.6,42.83,True,1.0
2,Gurugram,5,Green Chilli,2026-06-11,123.2,42.35,True,1.0
2,Gurugram,5,Green Chilli,2026-06-12,107.1,40.52,True,1.0
2,Gurugram,5,Green Chilli,2026-06-13,101.0,40.28,True,1.0
2,Gurugram,5,Green Chilli,2026-06-14,99.7,40.82,True,1.0
2,Gurugram,5,Green Chilli,2026-06-15,130.0,40.68,True,1.0
2,Gurugram,5,Green Chilli,2026-06-16,138.4,38.28,True,1.0
2,Gurugram,5,Green Chilli,2026-06-17,122.8,38.64,True,1.0
2,Gurugram,5,Green Chilli,2026-06-18,133.3,38.43,True,1.0
2,Gurugram,5,Green Chilli,2026-06-19,120.0,38.24,True,1.0
2,Gurugram,5,Green Chilli,2026-06-20,173.6,37.07,True,1.0
2,Gurugram,5,Green Chilli,2026-06-21,96.0,39.8,True,1.0
2,Gurugram,5,Green Chilli,2026-06-22,130.5,40.75,True,1.0
2,Gurugram,5,Green Chilli,2026-06-23,101.6,39.32,True,1.0
2,Gurugram,5,Green Chilli,2026-06-24,133.3,39.01,True,1.0
2,Gurugram,5,Green Chilli,2026-06-25,132.2,40.5,True,1.0
2,Gurugram,5,Green Chilli,2026-06-26,130.5,38.24,True,1.0
2,Gurugram,5,Green Chilli,2026-06-27,164.6,40.24,True,1.0
2,Gurugram,5,Green Chilli,2026-06-28,110.4,40.27,True,1.0
2,Gurugram,5,Green Chilli,2026-06-29,140.2,40.41,True,1.0
2,Gurugram,5,Green Chilli,2026-06-30,153.7,39.77,True,1.0
2,Gurugram,5,Green Chilli,2026-07-01,167.3,40.0,True,1.0
2,Gurugram,5,Green Chilli,2026-07-02,119.3,41.94,True,1.0
2,Gurugram,5,Green Chilli,2026-07-03,130.4,41.11,True,1.0
2,Gurugram,5,Green Chilli,2026-07-04,142.9,39.62,True,1.0
2,Gurugram,5,Green Chilli,2026-07-05,86.6,38.79,True,1.0
2,Gurugram,5,Green Chilli,2026-07-06,115.7,39.96,True,1.0
2,Gurugram,5,Green Chilli,2026-07-07,114.1,39.91,True,1.0
2,Gurugram,5,Green Chilli,2026-07-08,119.5,39.82,True,1.0
2,Gurugram,5,Green Chilli,2026-07-09,115.8,38.88,True,1.0
2,Gurugram,5,Green Chilli,2026-07-10,162.0,40.43,True,1.0
2,Gurugram,5,Green Chilli,2026-07-11,166.7,40.06,True,1.0
2,Gurugram,5,Green Chilli,2026-07-12,91.0,38.74,True,1.0
2,Gurugram,5,Green Chilli,2026-07-13,147.3,36.84,True,1.0
2,Gurugram,5,Green Chilli,2026-07-14,132.7,36.1,True,1.0
2,Gurugram,5,Green Chilli,2026-07-15,113.0,37.29,True,1.0
2,Gurugram,5,Green Chilli,2026-07-16,114.2,36.77,True,1.0
2,Gurugram,5,Green Chilli,2026-07-17,129.2,35.23,True,1.0
2,Gurugram,5,Green Chilli,2026-07-18,179.5,35.38,True,1.0
2,Gurugram,5,Green Chilli,2026-07-19,103.1,36.19,True,1.0
2,Gurugram,5,Green Chilli,2026-07-20,117.6,37.56,True,1.0
2,Gurugram,5,Green Chilli,2026-07-21,145.0,35.26,True,1.0
2,Gurugram,5,Green Chilli,2026-07-22,129.6,36.22,True,1.0
2,Gurugram,5,Green Chilli,2026-07-23,147.1,37.92,True,1.0
2,Gurugram,5,Green Chilli,2026-07-24,132.6,37.24,True,1.0
2,Gurugram,5,Green Chilli,2026-07-25,139.8,37.08,True,1.0
2,Gurugram,5,Green Chilli,2026-07-26,115.0,37.8,True,1.0
2,Gurugram,5,Green Chilli,2026-07-27,146.3,37.04,True,1.0
2,Gurugram,5,Green Chilli,2026-07-28,115.6,36.6,True,1.0
2,Gurugram,5,Green Chilli,2026-07-29,158.7,37.14,True,1.0
2,Gurugram,5,Green Chilli,2026-07-30,136.7,37.85,True,1.0
2,Gurugram,5,Green Chilli,2026-07-31,139.4,38.8,True,1.0
2,Gurugram,5,Green Chilli,2026-08-01,159.5,38.86,True,1.0
2,Gurugram,5,Green Chilli,2026-08-02,92.2,38.9,True,1.0
2,Gurugram,5,Green Chilli,2026-08-04,124.4,38.2,True,1.0
2,Gurugram,5,Green Chilli,2026-08-05,164.4,36.23,True,1.0
2,Gurugram,5,Green Chilli,2026-08-06,130.4,36.13,True,1.0
2,Gurugram,5,Green Chilli,2026-08-07,161.5,36.5,True,1.0
2,Gurugram,5,Green Chilli,2026-08-08,159.5,36.43,True,1.0
2,Gurugram,5,Green Chilli,2026-08-09,119.4,36.06,True,1.0
2,Gurugram,5,Green Chilli,2026-08-10,145.4,38.15,True,1.0
2,Gurugram,5,Green Chilli,2026-08-11,122.2,37.6,True,1.0
2,Gurugram,5,Green Chilli,2026-08-12,157.2,37.73,True,1.0
2,Gurugram,5,Green Chilli,2026-08-13,171.6,38.87,True,1.0
2,Gurugram,5,Green Chilli,2026-08-14,142.5,39.55,True,1.0
2,Gurugram,5,Green Chilli,2026-08-15,178.7,38.74,True,1.0
2,Gurugram,5,Green Chilli,2026-08-16,135.8,38.02,True,1.0
2,Gurugram,5,Green Chilli,2026-08-17,115.9,38.43,True,1.0
2,Gurugram,5,Green Chilli,2026-08-18,177.4,38.05,True,1.0
2,Gurugram,5,Green Chilli,2026-08-19,150.4,38.42,True,1.0
2,Gurugram,5,Green Chilli,2026-08-20,144.1,37.9,True,1.0
2,Gurugram,5,Green Chilli,2026-08-21,158.3,38.95,True,1.0
2,Gurugram,5,Green Chilli,2026-08-22,187.3,37.7,True,1.0
2,Gurugram,5,Green Chilli,2026-08-23,112.5,38.15,True,1.0
2,Gurugram,5,Green Chilli,2026-08-24,128.8,39.05,True,1.0
2,Gurugram,5,Green Chilli,2026-08-25,167.6,39.72,True,1.0
2,Gurugram,5,Green Chilli,2026-08-26,158.9,42.72,True,1.0
2,Gurugram,5,Green Chilli,2026-08-27,154.8,41.71,True,1.0
2,Gurugram,5,Green Chilli,2026-08-28,166.6,41.48,True,1.0
2,Gurugram,5,Green Chilli,2026-08-29,157.4,41.06,True,1.0
2,Gurugram,5,Green Chilli,2026-08-30,118.0,43.19,True,1.0
2,Gurugram,5,Green Chilli,2026-08-31,130.1,43.64,True,1.0
2,Gurugram,5,Green Chilli,2026-09-01,133.1,45.16,True,1.0
2,Gurugram,5,Green Chilli,2026-09-02,169.9,43.08,True,1.0
2,Gurugram,5,Green Chilli,2026-09-03,135.4,42.6,True,1.0
2,Gurugram,5,Green Chilli,2026-09-04,158.2,42.16,True,1.0
2,Gurugram,5,Green Chilli,2026-09-05,188.4,40.5,True,1.0
2,Gurugram,5,Green Chilli,2026-09-06,126.4,41.06,True,1.0
2,Gurugram,5,Green Chilli,2026-09-07,143.3,40.5,True,1.0
2,Gurugram,5,Green Chilli,2026-09-08,127.1,41.58,True,1.0
2,Gurugram,5,Green Chilli,2026-09-09,142.7,41.27,True,1.0
2,Gurugram,5,Green Chilli,2026-09-11,161.1,40.5,True,1.0
2,Gurugram,5,Green Chilli,2026-09-12,178.2,40.5,True,1.0
2,Gurugram,5,Green Chilli,2026-09-13,127.9,42.73,True,1.0
2,Gurugram,5,Green Chilli,2026-09-14,141.1,43.52,True,1.0
2,Gurugram,5,Green Chilli,2026-09-15,228.4,43.15,True,1.0
2,Gurugram,5,Green Chilli,2026-09-16,146.9,43.89,True,1.0
2,Gurugram,5,Green Chilli,2026-09-17,180.7,43.56,True,1.0
2,Gurugram,5,Green Chilli,2026-09-18,155.8,42.07,True,1.0
2,Gurugram,5,Green Chilli,2026-09-19,171.3,42.64,True,1.0
2,Gurugram,5,Green Chilli,2026-09-20,122.8,43.63,True,1.0
2,Gurugram,5,Green Chilli,2026-09-21,134.1,47.23,True,1.0
2,Gurugram,5,Green Chilli,2026-09-22,135.1,46.18,True,1.0
2,Gurugram,5,Green Chilli,2026-09-23,147.2,44.49,True,1.0
2,Gurugram,5,Green Chilli,2026-09-24,186.4,45.16,True,1.0
2,Gurugram,5,Green Chilli,2026-09-25,182.5,45.36,True,1.0
2,Gurugram,5,Green Chilli,2026-09-26,177.6,46.7,True,1.0
2,Gurugram,5,Green Chilli,2026-09-27,116.5,46.58,True,1.0
2,Gurugram,5,Green Chilli,2026-09-28,209.4,43.38,True,1.0
2,Gurugram,5,Green Chilli,2026-09-29,153.9,43.29,True,1.0
2,Gurugram,5,Green Chilli,2026-09-30,142.3,44.95,True,1.0
3,Noida,1,Tomato,2024-10-01,766.1,26.35,True,1.0
3,Noida,1,Tomato,2024-10-02,661.4,27.42,True,1.0
3,Noida,1,Tomato,2024-10-03,897.0,27.62,True,1.0
3,Noida,1,Tomato,2024-10-04,817.4,26.36,True,1.0
3,Noida,1,Tomato,2024-10-05,680.1,26.19,True,1.0
3,Noida,1,Tomato,2024-10-06,565.4,27.77,True,1.0
3,Noida,1,Tomato,2024-10-07,700.9,25.73,True,1.0
3,Noida,1,Tomato,2024-10-08,730.2,25.82,True,1.0
3,Noida,1,Tomato,2024-10-09,696.8,27.15,True,1.0
3,Noida,1,Tomato,2024-10-10,639.3,26.44,True,1.0
3,Noida,1,Tomato,2024-10-11,921.7,26.08,True,1.0
3,Noida,1,Tomato,2024-10-12,947.3,26.26,True,1.0
3,Noida,1,Tomato,2024-10-13,563.2,27.58,True,1.0
3,Noida,1,Tomato,2024-10-14,672.9,26.85,True,1.0
3,Noida,1,Tomato,2024-10-15,663.9,26.48,True,1.0
3,Noida,1,Tomato,2024-10-16,607.2,26.21,True,1.0
3,Noida,1,Tomato,2024-10-17,712.0,28.05,True,1.0
3,Noida,1,Tomato,2024-10-18,778.8,29.38,True,1.0
3,Noida,1,Tomato,2024-10-19,725.6,29.32,True,1.0
3,Noida,1,Tomato,2024-10-20,506.9,28.74,True,1.0
3,Noida,1,Tomato,2024-10-21,716.6,28.62,True,1.0
3,Noida,1,Tomato,2024-10-22,748.0,29.13,True,1.0
3,Noida,1,Tomato,2024-10-23,690.8,27.5,True,1.0
3,Noida,1,Tomato,2024-10-24,728.9,28.03,True,1.0
3,Noida,1,Tomato,2024-10-25,800.6,26.49,True,1.0
3,Noida,1,Tomato,2024-10-26,885.4,25.89,True,1.0
3,Noida,1,Tomato,2024-10-27,600.1,26.62,True,1.0
3,Noida,1,Tomato,2024-10-28,663.5,25.36,True,1.0
3,Noida,1,Tomato,2024-10-29,666.9,25.42,True,1.0
3,Noida,1,Tomato,2024-10-30,725.1,24.93,True,1.0
3,Noida,1,Tomato,2024-10-31,709.2,24.99,True,1.0
3,Noida,1,Tomato,2024-11-01,742.7,23.27,True,1.0
3,Noida,1,Tomato,2024-11-02,1018.2,22.77,True,1.0
3,Noida,1,Tomato,2024-11-03,476.3,23.11,True,1.0
3,Noida,1,Tomato,2024-11-04,669.6,24.45,True,1.0
3,Noida,1,Tomato,2024-11-05,657.1,24.62,True,1.0
3,Noida,1,Tomato,2024-11-06,946.0,24.84,True,1.0
3,Noida,1,Tomato,2024-11-07,510.2,25.48,True,1.0
3,Noida,1,Tomato,2024-11-08,894.5,24.77,True,1.0
3,Noida,1,Tomato,2024-11-09,896.1,25.09,True,1.0
3,Noida,1,Tomato,2024-11-10,397.2,24.52,True,1.0
3,Noida,1,Tomato,2024-11-11,609.0,23.48,True,1.0
3,Noida,1,Tomato,2024-11-12,551.8,23.65,True,1.0
3,Noida,1,Tomato,2024-11-13,642.5,24.41,True,1.0
3,Noida,1,Tomato,2024-11-14,783.4,24.77,True,1.0
3,Noida,1,Tomato,2024-11-15,643.2,24.75,True,1.0
3,Noida,1,Tomato,2024-11-16,614.0,26.48,True,1.0
3,Noida,1,Tomato,2024-11-17,568.6,26.21,True,1.0
3,Noida,1,Tomato,2024-11-18,650.0,26.42,True,1.0
3,Noida,1,Tomato,2024-11-19,500.9,27.52,True,1.0
3,Noida,1,Tomato,2024-11-20,600.8,25.57,True,1.0
3,Noida,1,Tomato,2024-11-21,638.0,24.45,True,1.0
3,Noida,1,Tomato,2024-11-22,806.2,25.63,True,1.0
3,Noida,1,Tomato,2024-11-23,721.8,24.62,True,1.0
3,Noida,1,Tomato,2024-11-24,569.1,24.48,True,1.0
3,Noida,1,Tomato,2024-11-25,682.5,25.1,True,1.0
3,Noida,1,Tomato,2024-11-26,624.9,25.38,True,1.0
3,Noida,1,Tomato,2024-11-27,543.2,26.2,True,1.0
3,Noida,1,Tomato,2024-11-28,704.7,26.57,True,1.0
3,Noida,1,Tomato,2024-11-29,656.5,26.48,True,1.0
3,Noida,1,Tomato,2024-11-30,795.4,25.04,True,1.0
3,Noida,1,Tomato,2024-12-01,542.2,25.16,True,1.0
3,Noida,1,Tomato,2024-12-02,797.7,24.88,True,1.0
3,Noida,1,Tomato,2024-12-03,640.7,23.53,True,1.0
3,Noida,1,Tomato,2024-12-04,846.8,24.45,True,1.0
3,Noida,1,Tomato,2024-12-05,738.4,24.67,True,1.0
3,Noida,1,Tomato,2024-12-06,860.7,24.26,True,1.0
3,Noida,1,Tomato,2024-12-07,777.0,23.76,True,1.0
3,Noida,1,Tomato,2024-12-08,654.3,22.77,True,1.0
3,Noida,1,Tomato,2024-12-09,671.7,22.97,True,1.0
3,Noida,1,Tomato,2024-12-10,588.0,23.27,True,1.0
3,Noida,1,Tomato,2024-12-11,603.6,22.61,True,1.0
3,Noida,1,Tomato,2024-12-12,734.5,23.44,True,1.0
3,Noida,1,Tomato,2024-12-13,841.2,22.51,True,1.0
3,Noida,1,Tomato,2024-12-14,815.7,21.23,True,1.0
3,Noida,1,Tomato,2024-12-15,686.8,22.28,True,1.0
3,Noida,1,Tomato,2024-12-16,648.3,22.1,True,1.0
3,Noida,1,Tomato,2024-12-17,642.3,22.13,True,1.0
3,Noida,1,Tomato,2024-12-18,660.3,21.69,True,1.0
3,Noida,1,Tomato,2024-12-19,746.5,20.9,True,1.0
3,Noida,1,Tomato,2024-12-20,703.6,22.08,True,1.0
3,Noida,1,Tomato,2024-12-21,728.5,21.68,True,1.0
3,Noida,1,Tomato,2024-12-22,618.5,22.88,True,1.0
3,Noida,1,Tomato,2024-12-23,681.8,23.16,True,1.0
3,Noida,1,Tomato,2024-12-24,696.1,22.6,True,1.0
3,Noida,1,Tomato,2024-12-25,757.3,21.72,True,1.0
3,Noida,1,Tomato,2024-12-26,783.0,21.32,True,1.0
3,Noida,1,Tomato,2024-12-27,667.8,20.74,True,1.0
3,Noida,1,Tomato,2024-12-28,702.2,22.33,True,1.0
3,Noida,1,Tomato,2024-12-29,758.2,22.24,True,1.0
3,Noida,1,Tomato,2024-12-30,700.3,22.8,True,1.0
3,Noida,1,Tomato,2024-12-31,883.7,21.63,True,1.0
3,Noida,1,Tomato,2025-01-01,959.5,21.75,True,1.0
3,Noida,1,Tomato,2025-01-02,810.0,22.42,True,1.0
3,Noida,1,Tomato,2025-01-03,665.9,21.91,True,1.0
3,Noida,1,Tomato,2025-01-04,678.4,22.4,True,1.0
3,Noida,1,Tomato,2025-01-05,658.5,21.4,True,1.0
3,Noida,1,Tomato,2025-01-06,518.8,20.55,True,1.0
3,Noida,1,Tomato,2025-01-07,744.3,20.98,True,1.0
3,Noida,1,Tomato,2025-01-08,710.8,20.81,True,1.0
3,Noida,1,Tomato,2025-01-09,652.6,21.29,True,1.0
3,Noida,1,Tomato,2025-01-10,798.3,20.05,True,1.0
3,Noida,1,Tomato,2025-01-11,837.8,20.75,True,1.0
3,Noida,1,Tomato,2025-01-12,765.3,22.42,True,1.0
3,Noida,1,Tomato,2025-01-13,661.3,21.94,True,1.0
3,Noida,1,Tomato,2025-01-14,799.1,21.63,True,1.0
3,Noida,1,Tomato,2025-01-15,861.2,21.49,True,1.0
3,Noida,1,Tomato,2025-01-16,877.2,20.17,True,1.0
3,Noida,1,Tomato,2025-01-17,853.7,20.58,True,1.0
3,Noida,1,Tomato,2025-01-18,981.4,19.69,True,1.0
3,Noida,1,Tomato,2025-01-19,595.5,19.73,True,1.0
3,Noida,1,Tomato,2025-01-20,699.7,20.7,True,1.0
3,Noida,1,Tomato,2025-01-21,757.4,20.23,True,1.0
3,Noida,1,Tomato,2025-01-22,708.6,20.6,True,1.0
3,Noida,1,Tomato,2025-01-23,849.6,21.17,True,1.0
3,Noida,1,Tomato,2025-01-24,733.2,21.11,True,1.0
3,Noida,1,Tomato,2025-01-25,1018.7,20.09,True,1.0
3,Noida,1,Tomato,2025-01-26,595.4,19.98,True,1.0
3,Noida,1,Tomato,2025-01-27,923.6,21.24,True,1.0
3,Noida,1,Tomato,2025-01-28,684.7,19.77,True,1.0
3,Noida,1,Tomato,2025-01-29,888.4,19.76,True,1.0
3,Noida,1,Tomato,2025-01-30,981.6,19.58,True,1.0
3,Noida,1,Tomato,2025-01-31,1401.4,19.83,True,1.0
3,Noida,1,Tomato,2025-02-01,1095.7,20.36,True,1.0
3,Noida,1,Tomato,2025-02-02,785.3,21.24,True,1.0
3,Noida,1,Tomato,2025-02-03,827.7,20.73,True,1.0
3,Noida,1,Tomato,2025-02-04,727.8,21.02,True,1.0
3,Noida,1,Tomato,2025-02-05,684.2,21.02,True,1.0
3,Noida,1,Tomato,2025-02-06,965.5,21.0,True,1.0
3,Noida,1,Tomato,2025-02-07,1029.7,20.36,True,1.0
3,Noida,1,Tomato,2025-02-08,1070.0,19.68,True,1.0
3,Noida,1,Tomato,2025-02-09,591.1,19.15,True,1.0
3,Noida,1,Tomato,2025-02-10,978.1,18.97,True,1.0
3,Noida,1,Tomato,2025-02-11,710.8,19.43,True,1.0
3,Noida,1,Tomato,2025-02-12,1047.5,20.0,True,1.0
3,Noida,1,Tomato,2025-02-13,976.7,20.15,True,1.0
3,Noida,1,Tomato,2025-02-14,913.3,19.76,True,1.0
3,Noida,1,Tomato,2025-02-15,1185.5,20.84,True,1.0
3,Noida,1,Tomato,2025-02-16,717.2,21.45,True,1.0
3,Noida,1,Tomato,2025-02-17,809.9,20.74,True,1.0
3,Noida,1,Tomato,2025-02-18,877.3,19.99,True,1.0
3,Noida,1,Tomato,2025-02-19,722.0,20.01,True,1.0
3,Noida,1,Tomato,2025-02-20,1017.9,20.69,True,1.0
3,Noida,1,Tomato,2025-02-21,917.8,20.61,True,1.0
3,Noida,1,Tomato,2025-02-22,1007.2,20.69,True,1.0
3,Noida,1,Tomato,2025-02-23,907.7,20.3,True,1.0
3,Noida,1,Tomato,2025-02-24,767.4,20.41,True,1.0
3,Noida,1,Tomato,2025-02-25,908.6,21.14,True,1.0
3,Noida,1,Tomato,2025-02-26,1125.9,20.58,True,1.0
3,Noida,1,Tomato,2025-02-28,988.5,20.38,True,1.0
3,Noida,1,Tomato,2025-03-01,1084.5,20.37,True,1.0
3,Noida,1,Tomato,2025-03-02,918.6,19.4,True,1.0
3,Noida,1,Tomato,2025-03-03,773.9,18.51,True,1.0
3,Noida,1,Tomato,2025-03-04,1259.8,18.35,True,1.0
3,Noida,1,Tomato,2025-03-05,1421.6,18.87,True,1.0
3,Noida,1,Tomato,2025-03-06,847.7,19.46,True,1.0
3,Noida,1,Tomato,2025-03-07,894.0,19.29,True,1.0
3,Noida,1,Tomato,2025-03-08,1038.5,20.24,True,1.0
3,Noida,1,Tomato,2025-03-09,782.2,20.05,True,1.0
3,Noida,1,Tomato,2025-03-10,891.6,20.01,True,1.0
3,Noida,1,Tomato,2025-03-11,1759.2,19.87,True,1.0
3,Noida,1,Tomato,2025-03-12,956.7,19.96,True,1.0
3,Noida,1,Tomato,2025-03-13,1386.4,20.37,True,1.0
3,Noida,1,Tomato,2025-03-14,1016.5,20.63,True,1.0
3,Noida,1,Tomato,2025-03-15,2164.1,19.92,True,1.0
3,Noida,1,Tomato,2025-03-16,730.4,20.83,True,1.0
3,Noida,1,Tomato,2025-03-17,970.4,19.96,True,1.0
3,Noida,1,Tomato,2025-03-18,1038.5,20.03,True,1.0
3,Noida,1,Tomato,2025-03-19,1097.3,19.89,True,1.0
3,Noida,1,Tomato,2025-03-20,1094.8,19.37,True,1.0
3,Noida,1,Tomato,2025-03-21,1164.1,19.55,True,1.0
3,Noida,1,Tomato,2025-03-22,1097.6,19.32,True,1.0
3,Noida,1,Tomato,2025-03-23,1047.6,19.62,True,1.0
3,Noida,1,Tomato,2025-03-24,1132.8,20.03,True,1.0
3,Noida,1,Tomato,2025-03-25,1193.5,20.96,True,1.0
3,Noida,1,Tomato,2025-03-26,857.4,20.94,True,1.0
3,Noida,1,Tomato,2025-03-27,1057.5,20.4,True,1.0
3,Noida,1,Tomato,2025-03-28,1188.6,20.16,True,1.0
3,Noida,1,Tomato,2025-03-29,1131.8,20.32,True,1.0
3,Noida,1,Tomato,2025-03-30,882.0,20.41,True,1.0
3,Noida,1,Tomato,2025-03-31,1005.7,21.3,True,1.0
3,Noida,1,Tomato,2025-04-01,992.0,21.92,True,1.0
3,Noida,1,Tomato,2025-04-02,1180.6,21.28,True,1.0
3,Noida,1,Tomato,2025-04-03,1243.6,20.75,True,1.0
3,Noida,1,Tomato,2025-04-04,1087.1,19.26,True,1.0
3,Noida,1,Tomato,2025-04-05,1385.2,19.37,True,1.0
3,Noida,1,Tomato,2025-04-06,1027.9,19.23,True,1.0
3,Noida,1,Tomato,2025-04-07,1081.4,19.48,True,1.0
3,Noida,1,Tomato,2025-04-08,1013.1,20.1,True,1.0
3,Noida,1,Tomato,2025-04-09,1155.6,20.43,True,1.0
3,Noida,1,Tomato,2025-04-10,1244.5,20.56,True,1.0
3,Noida,1,Tomato,2025-04-11,1302.9,20.8,True,1.0
3,Noida,1,Tomato,2025-04-12,1061.3,20.8,True,1.0
3,Noida,1,Tomato,2025-04-13,1561.0,21.0,True,1.0
3,Noida,1,Tomato,2025-04-14,995.8,19.18,True,1.0
3,Noida,1,Tomato,2025-04-15,910.9,19.61,True,1.0
3,Noida,1,Tomato,2025-04-16,1169.6,20.02,True,1.0
3,Noida,1,Tomato,2025-04-18,1155.2,20.41,True,1.0
3,Noida,1,Tomato,2025-04-19,1252.1,21.12,True,1.0
3,Noida,1,Tomato,2025-04-20,944.1,20.86,True,1.0
3,Noida,1,Tomato,2025-04-21,1071.8,22.43,True,1.0
3,Noida,1,Tomato,2025-04-22,1227.1,22.61,True,1.0
3,Noida,1,Tomato,2025-04-23,1245.3,22.31,True,1.0
3,Noida,1,Tomato,2025-04-24,1047.8,21.99,True,1.0
3,Noida,1,Tomato,2025-04-25,1232.7,21.87,True,1.0
3,Noida,1,Tomato,2025-04-26,1235.1,21.29,True,1.0
3,Noida,1,Tomato,2025-04-27,915.6,21.41,True,1.0
3,Noida,1,Tomato,2025-04-28,1243.6,21.74,True,1.0
3,Noida,1,Tomato,2025-04-29,1170.4,22.19,True,1.0
3,Noida,1,Tomato,2025-04-30,1055.1,22.52,True,1.0
3,Noida,1,Tomato,2025-05-01,1304.2,22.23,True,1.0
3,Noida,1,Tomato,2025-05-02,1314.4,21.34,True,1.0
3,Noida,1,Tomato,2025-05-03,1087.7,21.21,True,1.0
3,Noida,1,Tomato,2025-05-04,807.8,22.55,True,1.0
3,Noida,1,Tomato,2025-05-05,921.2,23.09,True,1.0
3,Noida,1,Tomato,2025-05-06,1133.7,23.15,True,1.0
3,Noida,1,Tomato,2025-05-07,989.6,22.47,True,1.0
3,Noida,1,Tomato,2025-05-08,1229.5,22.51,True,1.0
3,Noida,1,Tomato,2025-05-09,1432.2,21.77,True,1.0
3,Noida,1,Tomato,2025-05-10,1372.3,21.71,True,1.0
3,Noida,1,Tomato,2025-05-11,960.2,21.88,True,1.0
3,Noida,1,Tomato,2025-05-12,1319.4,21.95,True,1.0
3,Noida,1,Tomato,2025-05-13,983.7,22.86,True,1.0
3,Noida,1,Tomato,2025-05-14,1053.1,22.0,True,1.0
3,Noida,1,Tomato,2025-05-15,1228.3,21.78,True,1.0
3,Noida,1,Tomato,2025-05-16,1164.2,21.33,True,1.0
3,Noida,1,Tomato,2025-05-17,1511.7,21.12,True,1.0
3,Noida,1,Tomato,2025-05-18,886.1,21.83,True,1.0
3,Noida,1,Tomato,2025-05-19,1015.0,21.29,True,1.0
3,Noida,1,Tomato,2025-05-20,1169.9,22.39,True,1.0
3,Noida,1,Tomato,2025-05-21,1015.0,22.56,True,1.0
3,Noida,1,Tomato,2025-05-22,1127.7,22.91,True,1.0
3,Noida,1,Tomato,2025-05-23,1959.4,23.35,True,1.0
3,Noida,1,Tomato,2025-05-24,1645.4,23.18,True,1.0
3,Noida,1,Tomato,2025-05-25,914.5,24.06,True,1.0
3,Noida,1,Tomato,2025-05-26,1942.6,23.87,True,1.0
3,Noida,1,Tomato,2025-05-27,988.1,24.31,True,1.0
3,Noida,1,Tomato,2025-05-28,1222.3,24.08,True,1.0
3,Noida,1,Tomato,2025-05-29,1308.2,24.29,True,1.0
3,Noida,1,Tomato,2025-05-30,1406.4,24.45,True,1.0
3,Noida,1,Tomato,2025-05-31,1226.3,24.56,True,1.0
3,Noida,1,Tomato,2025-06-01,886.6,23.81,True,1.0
3,Noida,1,Tomato,2025-06-02,1109.2,24.28,True,1.0
3,Noida,1,Tomato,2025-06-03,1034.0,24.12,True,1.0
3,Noida,1,Tomato,2025-06-04,1108.5,24.68,True,1.0
3,Noida,1,Tomato,2025-06-06,1277.4,22.65,True,1.0
3,Noida,1,Tomato,2025-06-07,1302.6,23.5,True,1.0
3,Noida,1,Tomato,2025-06-08,1121.6,25.2,True,1.0
3,Noida,1,Tomato,2025-06-09,1178.9,25.71,True,1.0
3,Noida,1,Tomato,2025-06-10,1326.0,24.99,True,1.0
3,Noida,1,Tomato,2025-06-11,1025.9,23.82,True,1.0
3,Noida,1,Tomato,2025-06-12,1309.0,24.72,True,1.0
3,Noida,1,Tomato,2025-06-13,1226.0,24.79,True,1.0
3,Noida,1,Tomato,2025-06-14,1563.3,25.35,True,1.0
3,Noida,1,Tomato,2025-06-15,877.0,25.42,True,1.0
3,Noida,1,Tomato,2025-06-16,1154.9,25.43,True,1.0
3,Noida,1,Tomato,2025-06-17,1134.1,27.67,True,1.0
3,Noida,1,Tomato,2025-06-18,1148.7,27.0,True,1.0
3,Noida,1,Tomato,2025-06-19,1214.4,26.45,True,1.0
3,Noida,1,Tomato,2025-06-20,1219.1,26.11,True,1.0
3,Noida,1,Tomato,2025-06-21,1257.8,25.56,True,1.0
3,Noida,1,Tomato,2025-06-22,905.1,26.36,True,1.0
3,Noida,1,Tomato,2025-06-23,1032.3,25.94,True,1.0
3,Noida,1,Tomato,2025-06-24,1161.7,26.4,True,1.0
3,Noida,1,Tomato,2025-06-25,1237.5,26.49,True,1.0
3,Noida,1,Tomato,2025-06-26,1075.8,27.28,True,1.0
3,Noida,1,Tomato,2025-06-27,1354.2,27.25,True,1.0
3,Noida,1,Tomato,2025-06-28,1146.6,26.0,True,1.0
3,Noida,1,Tomato,2025-06-29,867.6,25.1,True,1.0
3,Noida,1,Tomato,2025-06-30,1156.9,26.49,True,1.0
3,Noida,1,Tomato,2025-07-01,1057.4,25.99,True,1.0
3,Noida,1,Tomato,2025-07-02,979.0,25.15,True,1.0
3,Noida,1,Tomato,2025-07-03,1222.6,25.05,True,1.0
3,Noida,1,Tomato,2025-07-04,1144.2,26.42,True,1.0
3,Noida,1,Tomato,2025-07-05,1271.9,25.41,True,1.0
3,Noida,1,Tomato,2025-07-06,977.5,25.14,True,1.0
3,Noida,1,Tomato,2025-07-07,1020.0,25.11,True,1.0
3,Noida,1,Tomato,2025-07-08,1091.5,24.69,True,1.0
3,Noida,1,Tomato,2025-07-09,934.0,24.47,True,1.0
3,Noida,1,Tomato,2025-07-10,1263.6,24.09,True,1.0
3,Noida,1,Tomato,2025-07-11,1125.5,24.58,True,1.0
3,Noida,1,Tomato,2025-07-12,1448.5,25.01,True,1.0
3,Noida,1,Tomato,2025-07-13,769.9,25.1,True,1.0
3,Noida,1,Tomato,2025-07-14,1076.0,24.49,True,1.0
3,Noida,1,Tomato,2025-07-15,1085.9,26.17,True,1.0
3,Noida,1,Tomato,2025-07-16,1067.4,25.47,True,1.0
3,Noida,1,Tomato,2025-07-17,1081.4,26.19,True,1.0
3,Noida,1,Tomato,2025-07-18,1317.6,25.7,True,1.0
3,Noida,1,Tomato,2025-07-19,1199.2,26.67,True,1.0
3,Noida,1,Tomato,2025-07-20,982.4,27.61,True,1.0
3,Noida,1,Tomato,2025-07-21,887.5,26.86,True,1.0
3,Noida,1,Tomato,2025-07-22,997.1,25.59,True,1.0
3,Noida,1,Tomato,2025-07-23,1147.3,26.66,True,1.0
3,Noida,1,Tomato,2025-07-24,947.0,28.39,True,1.0
3,Noida,1,Tomato,2025-07-25,1146.8,28.47,True,1.0
3,Noida,1,Tomato,2025-07-26,1375.1,28.33,True,1.0
3,Noida,1,Tomato,2025-07-27,736.5,28.78,True,1.0
3,Noida,1,Tomato,2025-07-28,1132.2,29.07,True,1.0
3,Noida,1,Tomato,2025-07-29,1024.9,27.98,True,1.0
3,Noida,1,Tomato,2025-07-30,922.4,27.38,True,1.0
3,Noida,1,Tomato,2025-07-31,1036.4,27.98,True,1.0
3,Noida,1,Tomato,2025-08-01,1239.0,27.81,True,1.0
3,Noida,1,Tomato,2025-08-02,984.4,28.88,True,1.0
3,Noida,1,Tomato,2025-08-03,868.3,28.0,True,1.0
3,Noida,1,Tomato,2025-08-04,820.2,28.57,True,1.0
3,Noida,1,Tomato,2025-08-05,1070.3,28.65,True,1.0
3,Noida,1,Tomato,2025-08-06,1474.8,28.33,True,1.0
3,Noida,1,Tomato,2025-08-07,1124.9,29.18,True,1.0
3,Noida,1,Tomato,2025-08-08,1035.5,29.38,True,1.0
3,Noida,1,Tomato,2025-08-09,1096.4,28.14,True,1.0
3,Noida,1,Tomato,2025-08-10,759.9,28.63,True,1.0
3,Noida,1,Tomato,2025-08-12,711.8,29.02,True,1.0
3,Noida,1,Tomato,2025-08-13,787.3,28.53,True,1.0
3,Noida,1,Tomato,2025-08-14,965.5,27.86,True,1.0
3,Noida,1,Tomato,2025-08-15,1099.6,27.93,True,1.0
3,Noida,1,Tomato,2025-08-16,1124.0,28.54,True,1.0
3,Noida,1,Tomato,2025-08-17,883.0,27.77,True,1.0
3,Noida,1,Tomato,2025-08-18,947.6,26.83,True,1.0
3,Noida,1,Tomato,2025-08-19,888.5,26.93,True,1.0
3,Noida,1,Tomato,2025-08-20,917.1,26.24,True,1.0
3,Noida,1,Tomato,2025-08-21,729.9,27.22,True,1.0
3,Noida,1,Tomato,2025-08-22,834.3,27.17,True,1.0
3,Noida,1,Tomato,2025-08-23,1164.8,26.13,True,1.0
3,Noida,1,Tomato,2025-08-24,801.3,26.47,True,1.0
3,Noida,1,Tomato,2025-08-25,1042.0,26.83,True,1.0
3,Noida,1,Tomato,2025-08-26,941.2,27.59,True,1.0
3,Noida,1,Tomato,2025-08-27,939.2,27.66,True,1.0
3,Noida,1,Tomato,2025-08-28,877.2,29.34,True,1.0
3,Noida,1,Tomato,2025-08-29,716.7,28.57,True,1.0
3,Noida,1,Tomato,2025-08-31,734.5,28.26,True,1.0
3,Noida,1,Tomato,2025-09-01,966.4,28.01,True,1.0
3,Noida,1,Tomato,2025-09-02,848.7,28.18,True,1.0
3,Noida,1,Tomato,2025-09-03,879.1,28.62,True,1.0
3,Noida,1,Tomato,2025-09-04,828.2,29.59,True,1.0
3,Noida,1,Tomato,2025-09-05,768.1,27.87,True,1.0
3,Noida,1,Tomato,2025-09-06,815.8,27.55,True,1.0
3,Noida,1,Tomato,2025-09-07,701.6,27.37,True,1.0
3,Noida,1,Tomato,2025-09-08,752.8,28.34,True,1.0
3,Noida,1,Tomato,2025-09-09,917.4,27.98,True,1.0
3,Noida,1,Tomato,2025-09-10,723.7,26.54,True,1.0
3,Noida,1,Tomato,2025-09-11,747.3,27.05,True,1.0
3,Noida,1,Tomato,2025-09-12,998.1,27.32,True,1.0
3,Noida,1,Tomato,2025-09-13,1012.0,27.67,True,1.0
3,Noida,1,Tomato,2025-09-14,681.7,26.96,True,1.0
3,Noida,1,Tomato,2025-09-15,860.4,28.63,True,1.0
3,Noida,1,Tomato,2025-09-16,800.2,28.17,True,1.0
3,Noida,1,Tomato,2025-09-17,951.0,27.95,True,1.0
3,Noida,1,Tomato,2025-09-18,986.2,27.23,True,1.0
3,Noida,1,Tomato,2025-09-19,936.6,26.7,True,1.0
3,Noida,1,Tomato,2025-09-20,892.5,26.11,True,1.0
3,Noida,1,Tomato,2025-09-21,637.1,26.32,True,1.0
3,Noida,1,Tomato,2025-09-22,704.1,26.03,True,1.0
3,Noida,1,Tomato,2025-09-23,1029.4,28.14,True,1.0
3,Noida,1,Tomato,2025-09-24,892.4,26.54,True,1.0
3,Noida,1,Tomato,2025-09-25,985.8,26.03,True,1.0
3,Noida,1,Tomato,2025-09-26,771.5,26.21,True,1.0
3,Noida,1,Tomato,2025-09-27,981.5,27.14,True,1.0
3,Noida,1,Tomato,2025-09-28,547.0,26.95,True,1.0
3,Noida,1,Tomato,2025-09-29,771.2,27.66,True,1.0
3,Noida,1,Tomato,2025-09-30,728.9,26.84,True,1.0
3,Noida,1,Tomato,2025-10-01,705.9,27.07,True,1.0
3,Noida,1,Tomato,2025-10-02,755.3,28.57,True,1.0
3,Noida,1,Tomato,2025-10-03,813.2,27.44,True,1.0
3,Noida,1,Tomato,2025-10-04,963.5,27.74,True,1.0
3,Noida,1,Tomato,2025-10-05,541.6,27.77,True,1.0
3,Noida,1,Tomato,2025-10-06,612.1,25.89,True,1.0
3,Noida,1,Tomato,2025-10-08,789.3,27.09,True,1.0
3,Noida,1,Tomato,2025-10-09,1008.9,27.2,True,1.0
3,Noida,1,Tomato,2025-10-10,810.0,26.23,True,1.0
3,Noida,1,Tomato,2025-10-11,939.7,26.99,True,1.0
3,Noida,1,Tomato,2025-10-12,595.4,26.61,True,1.0
3,Noida,1,Tomato,2025-10-13,614.6,26.97,True,1.0
3,Noida,1,Tomato,2025-10-14,796.2,27.23,True,1.0
3,Noida,1,Tomato,2025-10-15,768.5,26.25,True,1.0
3,Noida,1,Tomato,2025-10-16,799.0,27.0,True,1.0
3,Noida,1,Tomato,2025-10-17,939.1,26.14,True,1.0
3,Noida,1,Tomato,2025-10-18,850.2,25.32,True,1.0
3,Noida,1,Tomato,2025-10-19,641.7,25.05,True,1.0
3,Noida,1,Tomato,2025-10-20,735.7,25.23,True,1.0
3,Noida,1,Tomato,2025-10-21,674.9,25.67,True,1.0
3,Noida,1,Tomato,2025-10-22,655.5,25.32,True,1.0
3,Noida,1,Tomato,2025-10-23,791.1,26.18,True,1.0
3,Noida,1,Tomato,2025-10-24,824.2,26.4,True,1.0
3,Noida,1,Tomato,2025-10-25,827.6,25.82,True,1.0
3,Noida,1,Tomato,2025-10-26,719.9,26.59,True,1.0
3,Noida,1,Tomato,2025-10-27,624.9,27.33,True,1.0
3,Noida,1,Tomato,2025-10-28,749.8,26.86,True,1.0
3,Noida,1,Tomato,2025-10-29,579.0,26.43,True,1.0
3,Noida,1,Tomato,2025-10-30,697.9,24.97,True,1.0
3,Noida,1,Tomato,2025-10-31,673.6,24.94,True,1.0
3,Noida,1,Tomato,2025-11-01,915.0,24.97,True,1.0
3,Noida,1,Tomato,2025-11-02,558.4,25.37,True,1.0
3,Noida,1,Tomato,2025-11-03,742.0,25.33,True,1.0
3,Noida,1,Tomato,2025-11-04,625.4,25.58,True,1.0
3,Noida,1,Tomato,2025-11-05,744.1,26.7,True,1.0
3,Noida,1,Tomato,2025-11-06,721.9,25.92,True,1.0
3,Noida,1,Tomato,2025-11-07,753.5,25.4,True,1.0
3,Noida,1,Tomato,2025-11-08,772.6,24.44,True,1.0
3,Noida,1,Tomato,2025-11-09,890.6,24.67,True,1.0
3,Noida,1,Tomato,2025-11-10,602.9,25.52,True,1.0
3,Noida,1,Tomato,2025-11-11,742.3,24.15,True,1.0
3,Noida,1,Tomato,2025-11-12,725.7,23.95,True,1.0
3,Noida,1,Tomato,2025-11-13,691.8,24.27,True,1.0
3,Noida,1,Tomato,2025-11-14,849.7,25.05,True,1.0
3,Noida,1,Tomato,2025-11-15,812.1,25.26,True,1.0
3,Noida,1,Tomato,2025-11-16,558.5,25.34,True,1.0
3,Noida,1,Tomato,2025-11-17,725.1,24.97,True,1.0
3,Noida,1,Tomato,2025-11-18,636.9,25.2,True,1.0
3,Noida,1,Tomato,2025-11-19,716.8,25.73,True,1.0
3,Noida,1,Tomato,2025-11-20,619.0,24.14,True,1.0
3,Noida,1,Tomato,2025-11-21,849.9,24.72,True,1.0
3,Noida,1,Tomato,2025-11-22,822.4,24.53,True,1.0
3,Noida,1,Tomato,2025-11-23,598.8,24.07,True,1.0
3,Noida,1,Tomato,2025-11-24,638.8,22.48,True,1.0
3,Noida,1,Tomato,2025-11-25,757.3,22.06,True,1.0
3,Noida,1,Tomato,2025-11-26,732.8,23.76,True,1.0
3,Noida,1,Tomato,2025-11-27,715.0,23.35,True,1.0
3,Noida,1,Tomato,2025-11-28,598.8,22.79,True,1.0
3,Noida,1,Tomato,2025-11-29,805.5,22.79,True,1.0
3,Noida,1,Tomato,2025-11-30,534.6,22.58,True,1.0
3,Noida,1,Tomato,2025-12-01,656.7,22.98,True,1.0
3,Noida,1,Tomato,2025-12-02,859.5,24.19,True,1.0
3,Noida,1,Tomato,2025-12-03,696.6,23.59,True,1.0
3,Noida,1,Tomato,2025-12-04,885.6,23.65,True,1.0
3,Noida,1,Tomato,2025-12-05,945.2,22.81,True,1.0
3,Noida,1,Tomato,2025-12-06,796.5,23.97,True,1.0
3,Noida,1,Tomato,2025-12-07,585.0,23.88,True,1.0
3,Noida,1,Tomato,2025-12-08,620.7,22.94,True,1.0
3,Noida,1,Tomato,2025-12-09,667.3,23.59,True,1.0
3,Noida,1,Tomato,2025-12-10,844.7,24.23,True,1.0
3,Noida,1,Tomato,2025-12-11,657.1,23.95,True,1.0
3,Noida,1,Tomato,2025-12-12,839.5,22.54,True,1.0
3,Noida,1,Tomato,2025-12-13,712.0,23.81,True,1.0
3,Noida,1,Tomato,2025-12-14,712.1,23.69,True,1.0
3,Noida,1,Tomato,2025-12-15,656.8,24.17,True,1.0
3,Noida,1,Tomato,2025-12-16,708.0,23.32,True,1.0
3,Noida,1,Tomato,2025-12-17,762.6,22.82,True,1.0
3,Noida,1,Tomato,2025-12-18,843.0,22.79,True,1.0
3,Noida,1,Tomato,2025-12-20,841.5,23.17,True,1.0
3,Noida,1,Tomato,2025-12-21,556.7,22.09,True,1.0
3,Noida,1,Tomato,2025-12-22,723.5,22.29,True,1.0
3,Noida,1,Tomato,2025-12-23,838.3,23.3,True,1.0
3,Noida,1,Tomato,2025-12-24,834.3,22.97,True,1.0
3,Noida,1,Tomato,2025-12-25,749.6,22.76,True,1.0
3,Noida,1,Tomato,2025-12-26,846.6,21.72,True,1.0
3,Noida,1,Tomato,2025-12-27,1228.5,20.91,True,1.0
3,Noida,1,Tomato,2025-12-28,542.0,20.8,True,1.0
3,Noida,1,Tomato,2025-12-29,670.7,20.88,True,1.0
3,Noida,1,Tomato,2025-12-30,758.4,21.19,True,1.0
3,Noida,1,Tomato,2025-12-31,843.2,21.42,True,1.0
3,Noida,1,Tomato,2026-01-01,683.9,22.46,True,1.0
3,Noida,1,Tomato,2026-01-02,714.4,22.21,True,1.0
3,Noida,1,Tomato,2026-01-03,897.4,22.65,True,1.0
3,Noida,1,Tomato,2026-01-04,560.0,22.24,True,1.0
3,Noida,1,Tomato,2026-01-05,801.5,22.89,True,1.0
3,Noida,1,Tomato,2026-01-06,727.6,21.23,True,1.0
3,Noida,1,Tomato,2026-01-07,886.3,20.87,True,1.0
3,Noida,1,Tomato,2026-01-08,795.9,21.55,True,1.0
3,Noida,1,Tomato,2026-01-09,716.3,21.32,True,1.0
3,Noida,1,Tomato,2026-01-10,849.1,21.81,True,1.0
3,Noida,1,Tomato,2026-01-11,808.0,21.81,True,1.0
3,Noida,1,Tomato,2026-01-12,800.4,22.14,True,1.0
3,Noida,1,Tomato,2026-01-13,790.1,22.15,True,1.0
3,Noida,1,Tomato,2026-01-14,789.4,22.18,True,1.0
3,Noida,1,Tomato,2026-01-15,810.6,22.71,True,1.0
3,Noida,1,Tomato,2026-01-16,989.8,22.74,True,1.0
3,Noida,1,Tomato,2026-01-17,846.3,22.75,True,1.0
3,Noida,1,Tomato,2026-01-18,602.8,22.12,True,1.0
3,Noida,1,Tomato,2026-01-19,637.5,21.31,True,1.0
3,Noida,1,Tomato,2026-01-20,621.4,20.7,True,1.0
3,Noida,1,Tomato,2026-01-21,724.8,21.1,True,1.0
3,Noida,1,Tomato,2026-01-22,955.6,19.51,True,1.0
3,Noida,1,Tomato,2026-01-23,919.8,19.07,True,1.0
3,Noida,1,Tomato,2026-01-24,835.1,18.94,True,1.0
3,Noida,1,Tomato,2026-01-25,815.5,19.23,True,1.0
3,Noida,1,Tomato,2026-01-26,747.9,18.14,True,1.0
3,Noida,1,Tomato,2026-01-27,759.7,19.46,True,1.0
3,Noida,1,Tomato,2026-01-28,764.8,20.04,True,1.0
3,Noida,1,Tomato,2026-01-29,1035.3,21.28,True,1.0
3,Noida,1,Tomato,2026-01-30,1064.4,21.6,True,1.0
3,Noida,1,Tomato,2026-01-31,1010.0,21.8,True,1.0
3,Noida,1,Tomato,2026-02-01,671.2,22.71,True,1.0
3,Noida,1,Tomato,2026-02-02,978.8,21.55,True,1.0
3,Noida,1,Tomato,2026-02-03,893.4,20.22,True,1.0
3,Noida,1,Tomato,2026-02-04,964.8,20.04,True,1.0
3,Noida,1,Tomato,2026-02-05,927.4,19.58,True,1.0
3,Noida,1,Tomato,2026-02-06,1003.2,19.57,True,1.0
3,Noida,1,Tomato,2026-02-07,1020.4,19.11,True,1.0
3,Noida,1,Tomato,2026-02-08,690.1,19.69,True,1.0
3,Noida,1,Tomato,2026-02-09,885.2,20.06,True,1.0
3,Noida,1,Tomato,2026-02-10,939.1,20.01,True,1.0
3,Noida,1,Tomato,2026-02-11,923.1,20.16,True,1.0
3,Noida,1,Tomato,2026-02-12,889.4,20.0,True,1.0
3,Noida,1,Tomato,2026-02-13,1086.4,20.4,True,1.0
3,Noida,1,Tomato,2026-02-14,1234.2,20.28,True,1.0
3,Noida,1,Tomato,2026-02-15,957.9,20.0,True,1.0
3,Noida,1,Tomato,2026-02-16,820.6,20.49,True,1.0
3,Noida,1,Tomato,2026-02-17,912.7,21.04,True,1.0
3,Noida,1,Tomato,2026-02-18,890.4,21.47,True,1.0
3,Noida,1,Tomato,2026-02-19,1023.3,20.38,True,1.0
3,Noida,1,Tomato,2026-02-20,1139.4,19.9,True,1.0
3,Noida,1,Tomato,2026-02-21,1154.0,18.93,True,1.0
3,Noida,1,Tomato,2026-02-22,776.4,19.06,True,1.0
3,Noida,1,Tomato,2026-02-23,736.0,19.51,True,1.0
3,Noida,1,Tomato,2026-02-24,1068.3,19.52,True,1.0
3,Noida,1,Tomato,2026-02-25,930.8,20.71,True,1.0
3,Noida,1,Tomato,2026-02-26,1087.4,20.2,True,1.0
3,Noida,1,Tomato,2026-02-27,1127.3,19.46,True,1.0
3,Noida,1,Tomato,2026-02-28,1109.0,19.88,True,1.0
3,Noida,1,Tomato,2026-03-01,958.2,19.94,True,1.0
3,Noida,1,Tomato,2026-03-02,947.3,20.22,True,1.0
3,Noida,1,Tomato,2026-03-03,1031.8,20.27,True,1.0
3,Noida,1,Tomato,2026-03-04,931.9,20.28,True,1.0
3,Noida,1,Tomato,2026-03-05,1019.8,18.96,True,1.0
3,Noida,1,Tomato,2026-03-06,1233.4,18.82,True,1.0
3,Noida,1,Tomato,2026-03-07,1179.6,18.81,True,1.0
3,Noida,1,Tomato,2026-03-08,877.5,18.93,True,1.0
3,Noida,1,Tomato,2026-03-09,1140.3,18.96,True,1.0
3,Noida,1,Tomato,2026-03-10,1187.7,19.47,True,1.0
3,Noida,1,Tomato,2026-03-11,1147.7,19.94,True,1.0
3,Noida,1,Tomato,2026-03-12,1072.6,19.3,True,1.0
3,Noida,1,Tomato,2026-03-13,1249.3,19.88,True,1.0
3,Noida,1,Tomato,2026-03-14,1128.7,20.24,True,1.0
3,Noida,1,Tomato,2026-03-15,954.6,20.43,True,1.0
3,Noida,1,Tomato,2026-03-16,1040.5,19.5,True,1.0
3,Noida,1,Tomato,2026-03-17,1249.9,19.91,True,1.0
3,Noida,1,Tomato,2026-03-18,1158.7,20.0,True,1.0
3,Noida,1,Tomato,2026-03-19,1088.0,20.58,True,1.0
3,Noida,1,Tomato,2026-03-20,1124.1,21.51,True,1.0
3,Noida,1,Tomato,2026-03-21,1143.4,22.07,True,1.0
3,Noida,1,Tomato,2026-03-22,1049.5,21.55,True,1.0
3,Noida,1,Tomato,2026-03-23,988.9,21.13,True,1.0
3,Noida,1,Tomato,2026-03-24,776.3,21.24,True,1.0
3,Noida,1,Tomato,2026-03-25,1135.7,20.28,True,1.0
3,Noida,1,Tomato,2026-03-26,959.6,19.46,True,1.0
3,Noida,1,Tomato,2026-03-27,1481.0,19.46,True,1.0
3,Noida,1,Tomato,2026-03-28,1291.0,20.42,True,1.0
3,Noida,1,Tomato,2026-03-29,879.1,20.23,True,1.0
3,Noida,1,Tomato,2026-03-30,1029.7,21.18,True,1.0
3,Noida,1,Tomato,2026-03-31,1139.4,19.36,True,1.0
3,Noida,1,Tomato,2026-04-01,1036.9,18.83,True,1.0
3,Noida,1,Tomato,2026-04-02,1499.8,19.26,True,1.0
3,Noida,1,Tomato,2026-04-03,1313.0,20.16,True,1.0
3,Noida,1,Tomato,2026-04-04,1447.9,20.27,True,1.0
3,Noida,1,Tomato,2026-04-05,890.7,20.34,True,1.0
3,Noida,1,Tomato,2026-04-06,1109.1,20.38,True,1.0
3,Noida,1,Tomato,2026-04-07,928.7,19.5,True,1.0
3,Noida,1,Tomato,2026-04-08,1104.7,20.56,True,1.0
3,Noida,1,Tomato,2026-04-09,1062.5,20.25,True,1.0
3,Noida,1,Tomato,2026-04-10,994.1,21.1,True,1.0
3,Noida,1,Tomato,2026-04-11,1321.7,21.02,True,1.0
3,Noida,1,Tomato,2026-04-12,1024.0,21.67,True,1.0
3,Noida,1,Tomato,2026-04-13,1170.8,21.7,True,1.0
3,Noida,1,Tomato,2026-04-14,974.4,21.47,True,1.0
3,Noida,1,Tomato,2026-04-15,973.8,21.52,True,1.0
3,Noida,1,Tomato,2026-04-16,1189.2,20.55,True,1.0
3,Noida,1,Tomato,2026-04-17,1256.5,20.77,True,1.0
3,Noida,1,Tomato,2026-04-18,1135.0,22.0,True,1.0
3,Noida,1,Tomato,2026-04-19,809.0,22.65,True,1.0
3,Noida,1,Tomato,2026-04-20,1304.6,21.67,True,1.0
3,Noida,1,Tomato,2026-04-21,1192.7,21.94,True,1.0
3,Noida,1,Tomato,2026-04-22,1154.0,21.99,True,1.0
3,Noida,1,Tomato,2026-04-23,1333.6,22.4,True,1.0
3,Noida,1,Tomato,2026-04-24,1337.9,22.25,True,1.0
3,Noida,1,Tomato,2026-04-25,1546.8,21.95,True,1.0
3,Noida,1,Tomato,2026-04-26,1038.8,22.76,True,1.0
3,Noida,1,Tomato,2026-04-27,1065.3,22.63,True,1.0
3,Noida,1,Tomato,2026-04-28,1292.2,23.24,True,1.0
3,Noida,1,Tomato,2026-04-29,1071.5,23.51,True,1.0
3,Noida,1,Tomato,2026-04-30,1199.7,22.86,True,1.0
3,Noida,1,Tomato,2026-05-01,1230.9,22.53,True,1.0
3,Noida,1,Tomato,2026-05-02,1589.0,23.7,True,1.0
3,Noida,1,Tomato,2026-05-03,856.8,23.39,True,1.0
3,Noida,1,Tomato,2026-05-04,1218.4,22.58,True,1.0
3,Noida,1,Tomato,2026-05-05,1182.7,21.76,True,1.0
3,Noida,1,Tomato,2026-05-06,1106.9,22.59,True,1.0
3,Noida,1,Tomato,2026-05-07,1079.8,22.68,True,1.0
3,Noida,1,Tomato,2026-05-08,1166.2,22.15,True,1.0
3,Noida,1,Tomato,2026-05-09,1219.9,22.74,True,1.0
3,Noida,1,Tomato,2026-05-10,1076.7,22.84,True,1.0
3,Noida,1,Tomato,2026-05-11,1153.2,21.78,True,1.0
3,Noida,1,Tomato,2026-05-12,1336.5,22.48,True,1.0
3,Noida,1,Tomato,2026-05-13,1045.5,23.5,True,1.0
3,Noida,1,Tomato,2026-05-14,812.7,25.12,True,1.0
3,Noida,1,Tomato,2026-05-15,1237.1,24.52,True,1.0
3,Noida,1,Tomato,2026-05-16,1542.6,24.27,True,1.0
3,Noida,1,Tomato,2026-05-17,1104.2,25.08,True,1.0
3,Noida,1,Tomato,2026-05-18,1092.5,24.65,True,1.0
3,Noida,1,Tomato,2026-05-19,1117.0,24.45,True,1.0
3,Noida,1,Tomato,2026-05-20,1117.0,23.72,True,1.0
3,Noida,1,Tomato,2026-05-21,1081.7,22.73,True,1.0
3,Noida,1,Tomato,2026-05-22,1430.6,23.59,True,1.0
3,Noida,1,Tomato,2026-05-23,1104.2,22.77,True,1.0
3,Noida,1,Tomato,2026-05-24,1007.8,23.82,True,1.0
3,Noida,1,Tomato,2026-05-25,1063.7,23.29,True,1.0
3,Noida,1,Tomato,2026-05-26,1229.3,23.64,True,1.0
3,Noida,1,Tomato,2026-05-27,1345.8,23.48,True,1.0
3,Noida,1,Tomato,2026-05-28,1451.2,24.45,True,1.0
3,Noida,1,Tomato,2026-05-29,1434.0,24.55,True,1.0
3,Noida,1,Tomato,2026-05-30,1166.0,25.84,True,1.0
3,Noida,1,Tomato,2026-05-31,1066.1,24.58,True,1.0
3,Noida,1,Tomato,2026-06-01,1066.9,24.79,True,1.0
3,Noida,1,Tomato,2026-06-02,1138.0,24.7,True,1.0
3,Noida,1,Tomato,2026-06-03,1067.7,24.83,True,1.0
3,Noida,1,Tomato,2026-06-04,1035.0,25.89,True,1.0
3,Noida,1,Tomato,2026-06-05,1097.2,25.93,True,1.0
3,Noida,1,Tomato,2026-06-06,1531.1,24.72,True,1.0
3,Noida,1,Tomato,2026-06-07,963.2,25.11,True,1.0
3,Noida,1,Tomato,2026-06-08,1054.9,24.72,True,1.0
3,Noida,1,Tomato,2026-06-09,1202.7,24.44,True,1.0
3,Noida,1,Tomato,2026-06-10,1274.7,25.34,True,1.0
3,Noida,1,Tomato,2026-06-11,1526.2,24.81,True,1.0
3,Noida,1,Tomato,2026-06-12,1474.7,24.63,True,1.0
3,Noida,1,Tomato,2026-06-13,1320.1,24.81,True,1.0
3,Noida,1,Tomato,2026-06-14,977.0,25.62,True,1.0
3,Noida,1,Tomato,2026-06-15,1046.3,25.95,True,1.0
3,Noida,1,Tomato,2026-06-16,1363.1,25.61,True,1.0
3,Noida,1,Tomato,2026-06-17,1223.6,25.36,True,1.0
3,Noida,1,Tomato,2026-06-19,1158.3,24.34,True,1.0
3,Noida,1,Tomato,2026-06-20,1295.0,24.26,True,1.0
3,Noida,1,Tomato,2026-06-21,1057.1,24.58,True,1.0
3,Noida,1,Tomato,2026-06-22,1290.3,26.39,True,1.0
3,Noida,1,Tomato,2026-06-23,1038.5,25.72,True,1.0
3,Noida,1,Tomato,2026-06-24,1334.9,25.56,True,1.0
3,Noida,1,Tomato,2026-06-25,1256.1,24.22,True,1.0
3,Noida,1,Tomato,2026-06-26,1119.6,25.18,True,1.0
3,Noida,1,Tomato,2026-06-27,1457.5,24.33,True,1.0
3,Noida,1,Tomato,2026-06-28,930.7,24.23,True,1.0
3,Noida,1,Tomato,2026-06-29,1243.1,25.56,True,1.0
3,Noida,1,Tomato,2026-06-30,1014.9,24.27,True,1.0
3,Noida,1,Tomato,2026-07-01,1009.4,24.94,True,1.0
3,Noida,1,Tomato,2026-07-02,1459.6,25.96,True,1.0
3,Noida,1,Tomato,2026-07-03,1173.9,27.27,True,1.0
3,Noida,1,Tomato,2026-07-04,1106.9,26.34,True,1.0
3,Noida,1,Tomato,2026-07-05,935.1,25.95,True,1.0
3,Noida,1,Tomato,2026-07-06,1124.8,27.53,True,1.0
3,Noida,1,Tomato,2026-07-07,1026.1,27.26,True,1.0
3,Noida,1,Tomato,2026-07-08,1025.5,26.54,True,1.0
3,Noida,1,Tomato,2026-07-09,1254.2,26.08,True,1.0
3,Noida,1,Tomato,2026-07-10,1211.4,25.59,True,1.0
3,Noida,1,Tomato,2026-07-11,1257.7,25.65,True,1.0
3,Noida,1,Tomato,2026-07-12,857.6,26.86,True,1.0
3,Noida,1,Tomato,2026-07-13,985.1,27.59,True,1.0
3,Noida,1,Tomato,2026-07-14,1043.9,26.53,True,1.0
3,Noida,1,Tomato,2026-07-15,971.3,26.86,True,1.0
3,Noida,1,Tomato,2026-07-16,1184.8,26.64,True,1.0
3,Noida,1,Tomato,2026-07-17,1180.7,27.42,True,1.0
3,Noida,1,Tomato,2026-07-18,1391.6,27.24,True,1.0
3,Noida,1,Tomato,2026-07-19,745.6,27.55,True,1.0
3,Noida,1,Tomato,2026-07-20,1053.7,27.36,True,1.0
3,Noida,1,Tomato,2026-07-21,1283.2,25.71,True,1.0
3,Noida,1,Tomato,2026-07-22,1119.1,26.25,True,1.0
3,Noida,1,Tomato,2026-07-23,1340.0,25.66,True,1.0
3,Noida,1,Tomato,2026-07-24,1191.3,26.77,True,1.0
3,Noida,1,Tomato,2026-07-25,1124.7,26.48,True,1.0
3,Noida,1,Tomato,2026-07-26,1786.6,26.35,True,1.0
3,Noida,1,Tomato,2026-07-27,1061.6,26.72,True,1.0
3,Noida,1,Tomato,2026-07-28,901.2,27.44,True,1.0
3,Noida,1,Tomato,2026-07-29,1304.1,27.39,True,1.0
3,Noida,1,Tomato,2026-07-30,1265.6,28.81,True,1.0
3,Noida,1,Tomato,2026-07-31,1118.7,29.86,True,1.0
3,Noida,1,Tomato,2026-08-01,940.5,30.69,True,1.0
3,Noida,1,Tomato,2026-08-02,752.7,29.6,True,1.0
3,Noida,1,Tomato,2026-08-03,1068.6,27.86,True,1.0
3,Noida,1,Tomato,2026-08-04,738.7,28.86,True,1.0
3,Noida,1,Tomato,2026-08-05,1102.9,28.23,True,1.0
3,Noida,1,Tomato,2026-08-06,1243.0,28.17,True,1.0
3,Noida,1,Tomato,2026-08-07,947.7,28.62,True,1.0
3,Noida,1,Tomato,2026-08-08,1205.8,27.15,True,1.0
3,Noida,1,Tomato,2026-08-09,811.7,28.71,True,1.0
3,Noida,1,Tomato,2026-08-10,1077.7,29.23,True,1.0
3,Noida,1,Tomato,2026-08-11,981.5,29.16,True,1.0
3,Noida,1,Tomato,2026-08-12,710.8,29.57,True,1.0
3,Noida,1,Tomato,2026-08-13,796.9,29.58,True,1.0
3,Noida,1,Tomato,2026-08-14,945.3,29.23,True,1.0
3,Noida,1,Tomato,2026-08-15,1073.2,28.64,True,1.0
3,Noida,1,Tomato,2026-08-16,757.1,27.89,True,1.0
3,Noida,1,Tomato,2026-08-17,869.0,28.2,True,1.0
3,Noida,1,Tomato,2026-08-18,1018.5,28.48,True,1.0
3,Noida,1,Tomato,2026-08-19,844.4,29.27,True,1.0
3,Noida,1,Tomato,2026-08-20,971.8,29.11,True,1.0
3,Noida,1,Tomato,2026-08-21,1110.3,28.13,True,1.0
3,Noida,1,Tomato,2026-08-22,984.4,26.91,True,1.0
3,Noida,1,Tomato,2026-08-23,795.6,27.19,True,1.0
3,Noida,1,Tomato,2026-08-24,937.1,27.47,True,1.0
3,Noida,1,Tomato,2026-08-25,870.2,27.61,True,1.0
3,Noida,1,Tomato,2026-08-26,928.9,26.6,True,1.0
3,Noida,1,Tomato,2026-08-27,881.5,27.91,True,1.0
3,Noida,1,Tomato,2026-08-28,910.6,28.87,True,1.0
3,Noida,1,Tomato,2026-08-29,1048.1,28.0,True,1.0
3,Noida,1,Tomato,2026-08-30,705.5,28.72,True,1.0
3,Noida,1,Tomato,2026-08-31,1052.0,29.35,True,1.0
3,Noida,1,Tomato,2026-09-01,858.5,26.4,True,1.0
3,Noida,1,Tomato,2026-09-02,1119.3,26.4,True,1.0
3,Noida,1,Tomato,2026-09-03,1033.5,26.4,True,1.0
3,Noida,1,Tomato,2026-09-04,864.6,26.4,True,1.0
3,Noida,1,Tomato,2026-09-05,1026.8,26.4,True,1.0
3,Noida,1,Tomato,2026-09-06,880.3,26.4,True,1.0
3,Noida,1,Tomato,2026-09-07,958.4,26.4,True,1.0
3,Noida,1,Tomato,2026-09-08,792.4,26.4,True,1.0
3,Noida,1,Tomato,2026-09-09,830.3,26.4,True,1.0
3,Noida,1,Tomato,2026-09-10,914.9,26.4,True,1.0
3,Noida,1,Tomato,2026-09-11,930.7,26.4,True,1.0
3,Noida,1,Tomato,2026-09-12,1037.2,26.4,True,1.0
3,Noida,1,Tomato,2026-09-13,670.9,26.4,True,1.0
3,Noida,1,Tomato,2026-09-14,840.5,26.4,True,1.0
3,Noida,1,Tomato,2026-09-15,756.7,26.4,True,1.0
3,Noida,1,Tomato,2026-09-16,769.8,26.4,True,1.0
3,Noida,1,Tomato,2026-09-17,1003.4,26.4,True,1.0
3,Noida,1,Tomato,2026-09-18,772.4,26.4,True,1.0
3,Noida,1,Tomato,2026-09-19,936.1,26.4,True,1.0
3,Noida,1,Tomato,2026-09-20,792.8,26.4,True,1.0
3,Noida,1,Tomato,2026-09-21,926.2,26.4,True,1.0
3,Noida,1,Tomato,2026-09-22,1251.9,26.4,True,1.0
3,Noida,1,Tomato,2026-09-23,911.4,26.4,True,1.0
3,Noida,1,Tomato,2026-09-24,693.8,26.4,True,1.0
3,Noida,1,Tomato,2026-09-25,853.8,26.4,True,1.0
3,Noida,1,Tomato,2026-09-26,1062.3,26.4,True,1.0
3,Noida,1,Tomato,2026-09-27,658.2,26.4,True,1.0
3,Noida,1,Tomato,2026-09-28,814.0,26.4,True,1.0
3,Noida,1,Tomato,2026-09-29,721.4,26.4,True,1.0
3,Noida,1,Tomato,2026-09-30,880.4,26.4,True,1.0
3,Noida,2,Onion,2024-10-01,1651.6,23.86,True,1.0
3,Noida,2,Onion,2024-10-02,1479.7,26.51,True,1.0
3,Noida,2,Onion,2024-10-03,1474.9,25.49,True,1.0
3,Noida,2,Onion,2024-10-04,1435.8,25.06,True,1.0
3,Noida,2,Onion,2024-10-05,1462.0,23.13,True,1.0
3,Noida,2,Onion,2024-10-06,1266.9,24.2,True,1.0
3,Noida,2,Onion,2024-10-07,1619.0,23.82,True,1.0
3,Noida,2,Onion,2024-10-08,1429.2,23.9,True,1.0
3,Noida,2,Onion,2024-10-09,1267.5,23.64,True,1.0
3,Noida,2,Onion,2024-10-10,1518.0,23.72,True,1.0
3,Noida,2,Onion,2024-10-11,1715.8,23.68,True,1.0
3,Noida,2,Onion,2024-10-12,1606.7,23.82,True,1.0
3,Noida,2,Onion,2024-10-13,998.2,23.92,True,1.0
3,Noida,2,Onion,2024-10-14,1331.2,23.92,True,1.0
3,Noida,2,Onion,2024-10-15,1512.1,23.91,True,1.0
3,Noida,2,Onion,2024-10-16,1149.7,24.94,True,1.0
3,Noida,2,Onion,2024-10-17,1354.0,25.37,True,1.0
3,Noida,2,Onion,2024-10-18,1561.8,25.69,True,1.0
3,Noida,2,Onion,2024-10-19,1452.1,24.74,True,1.0
3,Noida,2,Onion,2024-10-20,1814.1,25.51,True,1.0
3,Noida,2,Onion,2024-10-21,1365.2,25.97,True,1.0
3,Noida,2,Onion,2024-10-22,1384.2,25.06,True,1.0
3,Noida,2,Onion,2024-10-23,1437.2,25.94,True,1.0
3,Noida,2,Onion,2024-10-24,1565.3,24.95,True,1.0
3,Noida,2,Onion,2024-10-25,1308.5,23.49,True,1.0
3,Noida,2,Onion,2024-10-26,1780.5,24.49,True,1.0
3,Noida,2,Onion,2024-10-27,1444.4,24.35,True,1.0
3,Noida,2,Onion,2024-10-28,1087.1,25.03,True,1.0
3,Noida,2,Onion,2024-10-29,1248.0,24.28,True,1.0
3,Noida,2,Onion,2024-10-30,1399.2,23.43,True,1.0
3,Noida,2,Onion,2024-10-31,1288.4,24.53,True,1.0
3,Noida,2,Onion,2024-11-01,1276.3,23.5,True,1.0
3,Noida,2,Onion,2024-11-02,1717.4,22.7,True,1.0
3,Noida,2,Onion,2024-11-03,1085.2,21.92,True,1.0
3,Noida,2,Onion,2024-11-04,1198.8,20.87,True,1.0
3,Noida,2,Onion,2024-11-05,1363.9,21.2,True,1.0
3,Noida,2,Onion,2024-11-06,1325.2,20.75,True,1.0
3,Noida,2,Onion,2024-11-07,1653.4,21.72,True,1.0
3,Noida,2,Onion,2024-11-08,1378.0,21.06,True,1.0
3,Noida,2,Onion,2024-11-09,1741.6,21.29,True,1.0
3,Noida,2,Onion,2024-11-10,1374.1,23.66,True,1.0
3,Noida,2,Onion,2024-11-11,1339.9,24.06,True,1.0
3,Noida,2,Onion,2024-11-12,1245.9,24.14,True,1.0
3,Noida,2,Onion,2024-11-13,1372.9,23.06,True,1.0
3,Noida,2,Onion,2024-11-14,1266.3,23.23,True,1.0
3,Noida,2,Onion,2024-11-15,1884.0,23.54,True,1.0
3,Noida,2,Onion,2024-11-16,1480.2,22.66,True,1.0
3,Noida,2,Onion,2024-11-17,1242.8,23.17,True,1.0
3,Noida,2,Onion,2024-11-18,1172.1,24.26,True,1.0
3,Noida,2,Onion,2024-11-19,1151.8,23.98,True,1.0
3,Noida,2,Onion,2024-11-20,1293.2,23.87,True,1.0
3,Noida,2,Onion,2024-11-21,1465.7,22.58,True,1.0
3,Noida,2,Onion,2024-11-22,1411.3,22.11,True,1.0
3,Noida,2,Onion,2024-11-23,1658.5,23.36,True,1.0
3,Noida,2,Onion,2024-11-24,1112.6,23.11,True,1.0
3,Noida,2,Onion,2024-11-25,1087.9,22.76,True,1.0
3,Noida,2,Onion,2024-11-26,1469.1,22.66,True,1.0
3,Noida,2,Onion,2024-11-27,1322.2,23.0,True,1.0
3,Noida,2,Onion,2024-11-28,1612.4,22.52,True,1.0
3,Noida,2,Onion,2024-11-29,1563.7,23.01,True,1.0
3,Noida,2,Onion,2024-11-30,1270.8,22.38,True,1.0
3,Noida,2,Onion,2024-12-01,1051.1,23.33,True,1.0
3,Noida,2,Onion,2024-12-02,1216.3,22.78,True,1.0
3,Noida,2,Onion,2024-12-03,1699.3,23.97,True,1.0
3,Noida,2,Onion,2024-12-04,1149.1,23.91,True,1.0
3,Noida,2,Onion,2024-12-05,1179.5,23.29,True,1.0
3,Noida,2,Onion,2024-12-06,1402.4,24.04,True,1.0
3,Noida,2,Onion,2024-12-07,1234.0,23.02,True,1.0
3,Noida,2,Onion,2024-12-08,1008.1,22.86,True,1.0
3,Noida,2,Onion,2024-12-09,1229.9,23.09,True,1.0
3,Noida,2,Onion,2024-12-10,1137.7,23.17,True,1.0
3,Noida,2,Onion,2024-12-11,1026.2,22.0,True,1.0
3,Noida,2,Onion,2024-12-12,1303.2,21.88,True,1.0
3,Noida,2,Onion,2024-12-13,1331.7,22.47,True,1.0
3,Noida,2,Onion,2024-12-14,1515.9,21.93,True,1.0
3,Noida,2,Onion,2024-12-15,908.7,23.21,True,1.0
3,Noida,2,Onion,2024-12-16,1082.2,23.61,True,1.0
3,Noida,2,Onion,2024-12-17,1167.1,23.21,True,1.0
3,Noida,2,Onion,2024-12-19,1383.9,24.45,True,1.0
3,Noida,2,Onion,2024-12-20,1503.8,24.76,True,1.0
3,Noida,2,Onion,2024-12-21,1233.2,24.57,True,1.0
3,Noida,2,Onion,2024-12-22,924.5,23.21,True,1.0
3,Noida,2,Onion,2024-12-23,1510.9,24.32,True,1.0
3,Noida,2,Onion,2024-12-24,1285.5,24.71,True,1.0
3,Noida,2,Onion,2024-12-25,1100.9,24.13,True,1.0
3,Noida,2,Onion,2024-12-26,1348.7,23.45,True,1.0
3,Noida,2,Onion,2024-12-27,1178.1,23.21,True,1.0
3,Noida,2,Onion,2024-12-28,1305.8,22.38,True,1.0
3,Noida,2,Onion,2024-12-29,977.9,22.27,True,1.0
3,Noida,2,Onion,2024-12-30,1271.8,22.97,True,1.0
3,Noida,2,Onion,2024-12-31,1232.4,21.81,True,1.0
3,Noida,2,Onion,2025-01-01,1105.3,21.96,True,1.0
3,Noida,2,Onion,2025-01-02,1365.8,22.31,True,1.0
3,Noida,2,Onion,2025-01-03,1592.7,22.54,True,1.0
3,Noida,2,Onion,2025-01-04,1182.4,21.87,True,1.0
3,Noida,2,Onion,2025-01-05,1180.9,21.41,True,1.0
3,Noida,2,Onion,2025-01-06,1326.1,22.49,True,1.0
3,Noida,2,Onion,2025-01-07,1264.9,21.78,True,1.0
3,Noida,2,Onion,2025-01-08,1256.9,22.69,True,1.0
3,Noida,2,Onion,2025-01-09,1333.9,22.36,True,1.0
3,Noida,2,Onion,2025-01-10,1405.5,23.13,True,1.0
3,Noida,2,Onion,2025-01-11,1411.6,22.68,True,1.0
3,Noida,2,Onion,2025-01-12,809.7,21.89,True,1.0
3,Noida,2,Onion,2025-01-13,1040.5,22.61,True,1.0
3,Noida,2,Onion,2025-01-14,1230.3,22.55,True,1.0
3,Noida,2,Onion,2025-01-15,1063.0,23.45,True,1.0
3,Noida,2,Onion,2025-01-16,1218.4,23.72,True,1.0
3,Noida,2,Onion,2025-01-17,1215.6,23.14,True,1.0
3,Noida,2,Onion,2025-01-18,1258.0,22.58,True,1.0
3,Noida,2,Onion,2025-01-19,1147.0,22.5,True,1.0
3,Noida,2,Onion,2025-01-20,1083.8,22.53,True,1.0
3,Noida,2,Onion,2025-01-21,1305.8,21.86,True,1.0
3,Noida,2,Onion,2025-01-22,1129.4,22.47,True,1.0
3,Noida,2,Onion,2025-01-23,1063.1,22.1,True,1.0
3,Noida,2,Onion,2025-01-24,1316.7,21.82,True,1.0
3,Noida,2,Onion,2025-01-25,1323.4,21.54,True,1.0
3,Noida,2,Onion,2025-01-26,983.5,21.81,True,1.0
3,Noida,2,Onion,2025-01-27,1043.2,21.41,True,1.0
3,Noida,2,Onion,2025-01-28,1320.5,21.64,True,1.0
3,Noida,2,Onion,2025-01-29,1171.3,23.48,True,1.0
3,Noida,2,Onion,2025-01-30,1223.8,22.93,True,1.0
3,Noida,2,Onion,2025-01-31,1341.4,22.3,True,1.0
3,Noida,2,Onion,2025-02-01,1143.3,21.09,True,1.0
3,Noida,2,Onion,2025-02-02,1019.3,21.3,True,1.0
3,Noida,2,Onion,2025-02-03,1118.1,20.74,True,1.0
3,Noida,2,Onion,2025-02-04,1299.5,20.77,True,1.0
3,Noida,2,Onion,2025-02-05,972.6,21.1,True,1.0
3,Noida,2,Onion,2025-02-06,921.4,20.2,True,1.0
3,Noida,2,Onion,2025-02-07,1304.6,20.67,True,1.0
3,Noida,2,Onion,2025-02-08,1290.7,21.08,True,1.0
3,Noida,2,Onion,2025-02-09,1132.9,20.41,True,1.0
3,Noida,2,Onion,2025-02-10,1045.3,20.47,True,1.0
3,Noida,2,Onion,2025-02-11,1278.9,19.67,True,1.0
3,Noida,2,Onion,2025-02-12,1252.2,21.07,True,1.0
3,Noida,2,Onion,2025-02-13,1229.3,21.33,True,1.0
3,Noida,2,Onion,2025-02-14,1400.8,21.19,True,1.0
3,Noida,2,Onion,2025-02-15,1241.5,21.09,True,1.0
3,Noida,2,Onion,2025-02-16,1079.3,21.8,True,1.0
3,Noida,2,Onion,2025-02-17,1168.5,21.53,True,1.0
3,Noida,2,Onion,2025-02-18,1224.5,21.6,True,1.0
3,Noida,2,Onion,2025-02-19,1112.5,22.38,True,1.0
3,Noida,2,Onion,2025-02-20,1138.1,21.74,True,1.0
3,Noida,2,Onion,2025-02-21,1242.3,20.84,True,1.0
3,Noida,2,Onion,2025-02-22,1328.3,20.38,True,1.0
3,Noida,2,Onion,2025-02-23,1005.1,21.39,True,1.0
3,Noida,2,Onion,2025-02-24,1282.4,21.29,True,1.0
3,Noida,2,Onion,2025-02-25,1018.6,20.85,True,1.0
3,Noida,2,Onion,2025-02-26,1134.3,21.42,True,1.0
3,Noida,2,Onion,2025-02-27,1234.4,21.83,True,1.0
3,Noida,2,Onion,2025-02-28,1506.9,21.2,True,1.0
3,Noida,2,Onion,2025-03-01,1408.9,20.47,True,1.0
3,Noida,2,Onion,2025-03-02,1048.1,19.63,True,1.0
3,Noida,2,Onion,2025-03-03,1115.0,18.93,True,1.0
3,Noida,2,Onion,2025-03-04,1213.6,19.27,True,1.0
3,Noida,2,Onion,2025-03-05,1259.6,19.15,True,1.0
3,Noida,2,Onion,2025-03-06,1367.6,20.62,True,1.0
3,Noida,2,Onion,2025-03-07,1680.9,20.62,True,1.0
3,Noida,2,Onion,2025-03-08,1855.7,19.47,True,1.0
3,Noida,2,Onion,2025-03-09,1074.5,20.57,True,1.0
3,Noida,2,Onion,2025-03-10,1315.8,20.62,True,1.0
3,Noida,2,Onion,2025-03-11,1190.5,20.97,True,1.0
3,Noida,2,Onion,2025-03-12,1236.1,21.19,True,1.0
3,Noida,2,Onion,2025-03-13,1243.6,21.11,True,1.0
3,Noida,2,Onion,2025-03-14,1300.0,21.18,True,1.0
3,Noida,2,Onion,2025-03-15,1853.0,21.04,True,1.0
3,Noida,2,Onion,2025-03-16,1271.1,20.16,True,1.0
3,Noida,2,Onion,2025-03-17,1072.3,20.39,True,1.0
3,Noida,2,Onion,2025-03-18,1247.5,20.93,True,1.0
3,Noida,2,Onion,2025-03-19,1702.9,20.58,True,1.0
3,Noida,2,Onion,2025-03-20,1324.3,20.77,True,1.0
3,Noida,2,Onion,2025-03-21,1363.5,20.82,True,1.0
3,Noida,2,Onion,2025-03-22,1636.8,21.7,True,1.0
3,Noida,2,Onion,2025-03-23,1073.6,21.05,True,1.0
3,Noida,2,Onion,2025-03-24,1005.6,20.57,True,1.0
3,Noida,2,Onion,2025-03-25,1318.9,20.34,True,1.0
3,Noida,2,Onion,2025-03-26,1426.3,20.19,True,1.0
3,Noida,2,Onion,2025-03-27,1091.6,18.86,True,1.0
3,Noida,2,Onion,2025-03-28,2187.9,18.84,True,1.0
3,Noida,2,Onion,2025-03-29,1500.8,19.33,True,1.0
3,Noida,2,Onion,2025-03-30,1225.3,19.51,True,1.0
3,Noida,2,Onion,2025-03-31,1262.0,19.19,True,1.0
3,Noida,2,Onion,2025-04-01,1417.0,19.04,True,1.0
3,Noida,2,Onion,2025-04-02,1340.5,19.09,True,1.0
3,Noida,2,Onion,2025-04-03,1299.1,18.89,True,1.0
3,Noida,2,Onion,2025-04-04,1278.2,18.89,True,1.0
3,Noida,2,Onion,2025-04-05,1456.7,18.88,True,1.0
3,Noida,2,Onion,2025-04-06,956.6,19.66,True,1.0
3,Noida,2,Onion,2025-04-07,1581.0,20.28,True,1.0
3,Noida,2,Onion,2025-04-08,1423.3,20.68,True,1.0
3,Noida,2,Onion,2025-04-09,1357.1,20.66,True,1.0
3,Noida,2,Onion,2025-04-10,1632.1,19.98,True,1.0
3,Noida,2,Onion,2025-04-11,1629.6,20.47,True,1.0
3,Noida,2,Onion,2025-04-12,1451.0,20.07,True,1.0
3,Noida,2,Onion,2025-04-13,1123.2,19.99,True,1.0
3,Noida,2,Onion,2025-04-14,1439.6,20.69,True,1.0
3,Noida,2,Onion,2025-04-15,1926.0,20.45,True,1.0
3,Noida,2,Onion,2025-04-16,1571.8,20.37,True,1.0
3,Noida,2,Onion,2025-04-17,1548.0,19.37,True,1.0
3,Noida,2,Onion,2025-04-19,1504.9,19.19,True,1.0
3,Noida,2,Onion,2025-04-20,1156.6,19.91,True,1.0
3,Noida,2,Onion,2025-04-21,1502.8,19.74,True,1.0
3,Noida,2,Onion,2025-04-22,1398.6,18.51,True,1.0
3,Noida,2,Onion,2025-04-23,1645.4,18.66,True,1.0
3,Noida,2,Onion,2025-04-24,1794.3,18.84,True,1.0
3,Noida,2,Onion,2025-04-25,1732.6,19.36,True,1.0
3,Noida,2,Onion,2025-04-26,1233.6,19.83,True,1.0
3,Noida,2,Onion,2025-04-27,1132.8,19.6,True,1.0
3,Noida,2,Onion,2025-04-28,1472.0,20.21,True,1.0
3,Noida,2,Onion,2025-04-29,1467.7,18.32,True,1.0
3,Noida,2,Onion,2025-04-30,1847.6,18.34,True,1.0
3,Noida,2,Onion,2025-05-01,1528.7,18.15,True,1.0
3,Noida,2,Onion,2025-05-02,1792.0,17.95,True,1.0
3,Noida,2,Onion,2025-05-03,1930.8,18.97,True,1.0
3,Noida,2,Onion,2025-05-04,1196.3,19.65,True,1.0
3,Noida,2,Onion,2025-05-05,1552.7,19.24,True,1.0
3,Noida,2,Onion,2025-05-06,1388.0,20.04,True,1.0
3,Noida,2,Onion,2025-05-07,1453.0,20.01,True,1.0
3,Noida,2,Onion,2025-05-08,1558.8,19.68,True,1.0
3,Noida,2,Onion,2025-05-09,1815.1,19.32,True,1.0
3,Noida,2,Onion,2025-05-10,1729.5,19.02,True,1.0
3,Noida,2,Onion,2025-05-11,1320.9,19.5,True,1.0
3,Noida,2,Onion,2025-05-12,1356.5,19.95,True,1.0
3,Noida,2,Onion,2025-05-13,1192.7,20.03,True,1.0
3,Noida,2,Onion,2025-05-14,1777.5,18.83,True,1.0
3,Noida,2,Onion,2025-05-15,1736.4,19.28,True,1.0
3,Noida,2,Onion,2025-05-16,1691.2,19.75,True,1.0
3,Noida,2,Onion,2025-05-17,1385.5,19.4,True,1.0
3,Noida,2,Onion,2025-05-18,1272.6,19.56,True,1.0
3,Noida,2,Onion,2025-05-19,1240.6,18.63,True,1.0
3,Noida,2,Onion,2025-05-20,1382.9,18.34,True,1.0
3,Noida,2,Onion,2025-05-21,1751.6,18.62,True,1.0
3,Noida,2,Onion,2025-05-22,2064.0,18.83,True,1.0
3,Noida,2,Onion,2025-05-23,1994.0,19.35,True,1.0
3,Noida,2,Onion,2025-05-24,1920.7,18.87,True,1.0
3,Noida,2,Onion,2025-05-25,1368.3,19.01,True,1.0
3,Noida,2,Onion,2025-05-26,1362.2,19.03,True,1.0
3,Noida,2,Onion,2025-05-27,1620.8,19.61,True,1.0
3,Noida,2,Onion,2025-05-28,1538.7,20.55,True,1.0
3,Noida,2,Onion,2025-05-29,1888.3,21.42,True,1.0
3,Noida,2,Onion,2025-05-30,1847.9,20.09,True,1.0
3,Noida,2,Onion,2025-05-31,1524.2,20.06,True,1.0
3,Noida,2,Onion,2025-06-01,1224.7,19.45,True,1.0
3,Noida,2,Onion,2025-06-02,1552.1,19.61,True,1.0
3,Noida,2,Onion,2025-06-03,1414.7,20.01,True,1.0
3,Noida,2,Onion,2025-06-04,1640.8,20.11,True,1.0
3,Noida,2,Onion,2025-06-05,1695.9,20.11,True,1.0
3,Noida,2,Onion,2025-06-06,1797.4,21.02,True,1.0
3,Noida,2,Onion,2025-06-07,2159.3,21.22,True,1.0
3,Noida,2,Onion,2025-06-08,1274.4,20.77,True,1.0
3,Noida,2,Onion,2025-06-09,1630.8,20.65,True,1.0
3,Noida,2,Onion,2025-06-10,1331.1,21.07,True,1.0
3,Noida,2,Onion,2025-06-11,1659.4,21.22,True,1.0
3,Noida,2,Onion,2025-06-12,1715.1,20.72,True,1.0
3,Noida,2,Onion,2025-06-13,1438.0,19.61,True,1.0
3,Noida,2,Onion,2025-06-14,1994.3,19.2,True,1.0
3,Noida,2,Onion,2025-06-15,1765.6,19.65,True,1.0
3,Noida,2,Onion,2025-06-16,1480.6,18.92,True,1.0
3,Noida,2,Onion,2025-06-17,1735.6,19.31,True,1.0
3,Noida,2,Onion,2025-06-18,1374.0,19.42,True,1.0
3,Noida,2,Onion,2025-06-19,1344.1,20.34,True,1.0
3,Noida,2,Onion,2025-06-20,1662.7,19.68,True,1.0
3,Noida,2,Onion,2025-06-21,1903.2,18.9,True,1.0
3,Noida,2,Onion,2025-06-22,1401.8,19.19,True,1.0
3,Noida,2,Onion,2025-06-23,1401.1,20.0,True,1.0
3,Noida,2,Onion,2025-06-24,1474.3,20.85,True,1.0
3,Noida,2,Onion,2025-06-25,1341.1,20.3,True,1.0
3,Noida,2,Onion,2025-06-26,1455.6,20.74,True,1.0
3,Noida,2,Onion,2025-06-27,1589.4,20.13,True,1.0
3,Noida,2,Onion,2025-06-28,2033.3,19.93,True,1.0
3,Noida,2,Onion,2025-06-29,1631.6,20.56,True,1.0
3,Noida,2,Onion,2025-06-30,1379.2,21.11,True,1.0
3,Noida,2,Onion,2025-07-01,1589.7,20.49,True,1.0
3,Noida,2,Onion,2025-07-02,1856.2,20.94,True,1.0
3,Noida,2,Onion,2025-07-04,1411.8,20.13,True,1.0
3,Noida,2,Onion,2025-07-05,2035.5,19.78,True,1.0
3,Noida,2,Onion,2025-07-06,1245.5,19.74,True,1.0
3,Noida,2,Onion,2025-07-07,1571.7,19.45,True,1.0
3,Noida,2,Onion,2025-07-08,1510.5,20.3,True,1.0
3,Noida,2,Onion,2025-07-09,1340.2,20.93,True,1.0
3,Noida,2,Onion,2025-07-10,1732.4,20.64,True,1.0
3,Noida,2,Onion,2025-07-11,1610.8,21.08,True,1.0
3,Noida,2,Onion,2025-07-12,2293.2,21.34,True,1.0
3,Noida,2,Onion,2025-07-13,1481.4,21.3,True,1.0
3,Noida,2,Onion,2025-07-14,1347.9,22.72,True,1.0
3,Noida,2,Onion,2025-07-15,1634.8,21.83,True,1.0
3,Noida,2,Onion,2025-07-16,1437.1,21.76,True,1.0
3,Noida,2,Onion,2025-07-17,1584.0,21.48,True,1.0
3,Noida,2,Onion,2025-07-18,1806.2,21.31,True,1.0
3,Noida,2,Onion,2025-07-19,1822.1,21.52,True,1.0
3,Noida,2,Onion,2025-07-20,1747.5,21.4,True,1.0
3,Noida,2,Onion,2025-07-21,1750.0,20.99,True,1.0
3,Noida,2,Onion,2025-07-22,1723.1,21.31,True,1.0
3,Noida,2,Onion,2025-07-23,1366.9,22.21,True,1.0
3,Noida,2,Onion,2025-07-24,1463.2,22.72,True,1.0
3,Noida,2,Onion,2025-07-25,1973.1,22.61,True,1.0
3,Noida,2,Onion,2025-07-27,1202.5,22.09,True,1.0
3,Noida,2,Onion,2025-07-28,1516.6,22.77,True,1.0
3,Noida,2,Onion,2025-07-29,1668.7,23.35,True,1.0
3,Noida,2,Onion,2025-07-30,1899.5,23.21,True,1.0
3,Noida,2,Onion,2025-07-31,1631.1,22.66,True,1.0
3,Noida,2,Onion,2025-08-01,1843.7,22.39,True,1.0
3,Noida,2,Onion,2025-08-02,1768.5,22.85,True,1.0
3,Noida,2,Onion,2025-08-03,1547.4,23.13,True,1.0
3,Noida,2,Onion,2025-08-04,1354.6,21.77,True,1.0
3,Noida,2,Onion,2025-08-05,1272.6,22.36,True,1.0
3,Noida,2,Onion,2025-08-06,1525.2,22.84,True,1.0
3,Noida,2,Onion,2025-08-07,1744.0,22.15,True,1.0
3,Noida,2,Onion,2025-08-08,1759.7,21.77,True,1.0
3,Noida,2,Onion,2025-08-09,1926.3,21.52,True,1.0
3,Noida,2,Onion,2025-08-10,1370.6,21.41,True,1.0
3,Noida,2,Onion,2025-08-11,1602.0,20.9,True,1.0
3,Noida,2,Onion,2025-08-12,1515.5,21.6,True,1.0
3,Noida,2,Onion,2025-08-13,1651.9,21.43,True,1.0
3,Noida,2,Onion,2025-08-14,1685.7,21.77,True,1.0
3,Noida,2,Onion,2025-08-15,1928.5,21.75,True,1.0
3,Noida,2,Onion,2025-08-16,2009.5,22.22,True,1.0
3,Noida,2,Onion,2025-08-17,1292.0,21.76,True,1.0
3,Noida,2,Onion,2025-08-18,1532.1,22.24,True,1.0
3,Noida,2,Onion,2025-08-19,1763.7,22.69,True,1.0
3,Noida,2,Onion,2025-08-20,1544.9,23.31,True,1.0
3,Noida,2,Onion,2025-08-21,1526.8,24.55,True,1.0
3,Noida,2,Onion,2025-08-22,1699.8,22.68,True,1.0
3,Noida,2,Onion,2025-08-23,2045.4,23.0,True,1.0
3,Noida,2,Onion,2025-08-25,1753.8,21.51,True,1.0
3,Noida,2,Onion,2025-08-26,1858.5,22.53,True,1.0
3,Noida,2,Onion,2025-08-27,1621.7,23.6,True,1.0
3,Noida,2,Onion,2025-08-28,1478.6,23.23,True,1.0
3,Noida,2,Onion,2025-08-29,1683.7,23.38,True,1.0
3,Noida,2,Onion,2025-08-30,1561.6,23.31,True,1.0
3,Noida,2,Onion,2025-08-31,1144.6,23.6,True,1.0
3,Noida,2,Onion,2025-09-01,1641.7,24.13,True,1.0
3,Noida,2,Onion,2025-09-02,1441.6,24.14,True,1.0
3,Noida,2,Onion,2025-09-03,1649.4,24.16,True,1.0
3,Noida,2,Onion,2025-09-04,1731.1,24.82,True,1.0
3,Noida,2,Onion,2025-09-05,1571.3,24.29,True,1.0
3,Noida,2,Onion,2025-09-06,1845.2,24.7,True,1.0
3,Noida,2,Onion,2025-09-07,1101.6,23.78,True,1.0
3,Noida,2,Onion,2025-09-08,1610.1,24.83,True,1.0
3,Noida,2,Onion,2025-09-09,1393.8,24.98,True,1.0
3,Noida,2,Onion,2025-09-10,1646.1,24.28,True,1.0
3,Noida,2,Onion,2025-09-11,1743.7,22.68,True,1.0
3,Noida,2,Onion,2025-09-12,2762.1,22.98,True,1.0
3,Noida,2,Onion,2025-09-13,1863.7,22.42,True,1.0
3,Noida,2,Onion,2025-09-14,1329.6,23.0,True,1.0
3,Noida,2,Onion,2025-09-15,1379.2,24.21,True,1.0
3,Noida,2,Onion,2025-09-16,1287.4,24.19,True,1.0
3,Noida,2,Onion,2025-09-17,1485.6,23.96,True,1.0
3,Noida,2,Onion,2025-09-18,1922.3,24.16,True,1.0
3,Noida,2,Onion,2025-09-19,1558.8,24.26,True,1.0
3,Noida,2,Onion,2025-09-20,1732.2,22.57,True,1.0
3,Noida,2,Onion,2025-09-21,1931.1,23.12,True,1.0
3,Noida,2,Onion,2025-09-22,1404.1,23.78,True,1.0
3,Noida,2,Onion,2025-09-23,1437.7,23.66,True,1.0
3,Noida,2,Onion,2025-09-24,1698.6,24.42,True,1.0
3,Noida,2,Onion,2025-09-25,1819.0,24.2,True,1.0
3,Noida,2,Onion,2025-09-26,1687.1,24.68,True,1.0
3,Noida,2,Onion,2025-09-27,1554.2,26.13,True,1.0
3,Noida,2,Onion,2025-09-28,1185.4,25.42,True,1.0
3,Noida,2,Onion,2025-09-29,1428.4,23.65,True,1.0
3,Noida,2,Onion,2025-09-30,1538.1,23.56,True,1.0
3,Noida,2,Onion,2025-10-01,1506.1,22.58,True,1.0
3,Noida,2,Onion,2025-10-02,1451.7,23.43,True,1.0
3,Noida,2,Onion,2025-10-03,1678.8,24.54,True,1.0
3,Noida,2,Onion,2025-10-04,1710.6,24.91,True,1.0
3,Noida,2,Onion,2025-10-05,1405.2,24.91,True,1.0
3,Noida,2,Onion,2025-10-06,1385.3,24.24,True,1.0
3,Noida,2,Onion,2025-10-07,1142.6,25.34,True,1.0
3,Noida,2,Onion,2025-10-08,1269.4,25.54,True,1.0
3,Noida,2,Onion,2025-10-09,1440.1,25.34,True,1.0
3,Noida,2,Onion,2025-10-10,1507.4,25.15,True,1.0
3,Noida,2,Onion,2025-10-11,1990.9,24.95,True,1.0
3,Noida,2,Onion,2025-10-12,1176.7,25.06,True,1.0
3,Noida,2,Onion,2025-10-13,1301.9,24.38,True,1.0
3,Noida,2,Onion,2025-10-14,1654.6,25.43,True,1.0
3,Noida,2,Onion,2025-10-15,1351.1,25.19,True,1.0
3,Noida,2,Onion,2025-10-16,1582.2,25.34,True,1.0
3,Noida,2,Onion,2025-10-17,1815.1,24.71,True,1.0
3,Noida,2,Onion,2025-10-18,1344.3,24.85,True,1.0
3,Noida,2,Onion,2025-10-19,1329.4,23.12,True,1.0
3,Noida,2,Onion,2025-10-20,1211.3,22.73,True,1.0
3,Noida,2,Onion,2025-10-21,1151.6,23.17,True,1.0
3,Noida,2,Onion,2025-10-22,1372.5,22.64,True,1.0
3,Noida,2,Onion,2025-10-23,1230.0,24.79,True,1.0
3,Noida,2,Onion,2025-10-24,1450.8,23.5,True,1.0
3,Noida,2,Onion,2025-10-25,1557.6,23.98,True,1.0
3,Noida,2,Onion,2025-10-26,1114.8,25.24,True,1.0
3,Noida,2,Onion,2025-10-27,1236.3,25.31,True,1.0
3,Noida,2,Onion,2025-10-28,1183.8,24.78,True,1.0
3,Noida,2,Onion,2025-10-29,1164.4,24.25,True,1.0
3,Noida,2,Onion,2025-10-30,1242.3,24.74,True,1.0
3,Noida,2,Onion,2025-10-31,1768.9,24.05,True,1.0
3,Noida,2,Onion,2025-11-01,1616.3,24.04,True,1.0
3,Noida,2,Onion,2025-11-02,920.6,24.6,True,1.0
3,Noida,2,Onion,2025-11-03,1494.9,24.29,True,1.0
3,Noida,2,Onion,2025-11-04,1197.3,24.35,True,1.0
3,Noida,2,Onion,2025-11-05,1478.5,24.12,True,1.0
3,Noida,2,Onion,2025-11-06,1525.3,23.5,True,1.0
3,Noida,2,Onion,2025-11-07,1452.3,24.55,True,1.0
3,Noida,2,Onion,2025-11-08,1304.1,25.45,True,1.0
3,Noida,2,Onion,2025-11-09,1187.2,24.86,True,1.0
3,Noida,2,Onion,2025-11-10,1322.5,24.48,True,1.0
3,Noida,2,Onion,2025-11-11,1099.3,24.28,True,1.0
3,Noida,2,Onion,2025-11-12,1462.5,24.64,True,1.0
3,Noida,2,Onion,2025-11-13,1203.6,23.88,True,1.0
3,Noida,2,Onion,2025-11-14,1205.8,23.91,True,1.0
3,Noida,2,Onion,2025-11-15,1595.5,24.17,True,1.0
3,Noida,2,Onion,2025-11-16,729.2,24.62,True,1.0
3,Noida,2,Onion,2025-11-17,1138.3,22.61,True,1.0
3,Noida,2,Onion,2025-11-18,1314.1,23.32,True,1.0
3,Noida,2,Onion,2025-11-19,1573.8,23.79,True,1.0
3,Noida,2,Onion,2025-11-20,1417.3,24.58,True,1.0
3,Noida,2,Onion,2025-11-21,1495.2,24.07,True,1.0
3,Noida,2,Onion,2025-11-22,1505.6,23.71,True,1.0
3,Noida,2,Onion,2025-11-23,999.1,24.65,True,1.0
3,Noida,2,Onion,2025-11-24,1203.2,23.39,True,1.0
3,Noida,2,Onion,2025-11-25,1244.1,24.7,True,1.0
3,Noida,2,Onion,2025-11-26,1001.7,26.34,True,1.0
3,Noida,2,Onion,2025-11-27,1505.5,25.96,True,1.0
3,Noida,2,Onion,2025-11-28,1551.6,25.93,True,1.0
3,Noida,2,Onion,2025-11-29,1404.3,24.26,True,1.0
3,Noida,2,Onion,2025-11-30,1002.6,23.68,True,1.0
3,Noida,2,Onion,2025-12-01,1085.2,24.47,True,1.0
3,Noida,2,Onion,2025-12-02,1430.0,24.54,True,1.0
3,Noida,2,Onion,2025-12-03,1330.2,24.2,True,1.0
3,Noida,2,Onion,2025-12-04,1398.7,24.24,True,1.0
3,Noida,2,Onion,2025-12-05,1426.8,24.46,True,1.0
3,Noida,2,Onion,2025-12-06,1207.6,24.04,True,1.0
3,Noida,2,Onion,2025-12-07,1188.9,23.93,True,1.0
3,Noida,2,Onion,2025-12-08,1083.6,23.84,True,1.0
3,Noida,2,Onion,2025-12-09,1203.2,23.09,True,1.0
3,Noida,2,Onion,2025-12-10,1246.7,23.47,True,1.0
3,Noida,2,Onion,2025-12-11,1209.5,24.76,True,1.0
3,Noida,2,Onion,2025-12-12,1254.2,25.64,True,1.0
3,Noida,2,Onion,2025-12-13,1368.1,23.97,True,1.0
3,Noida,2,Onion,2025-12-14,948.7,24.23,True,1.0
3,Noida,2,Onion,2025-12-15,1158.9,24.48,True,1.0
3,Noida,2,Onion,2025-12-16,1514.5,23.89,True,1.0
3,Noida,2,Onion,2025-12-17,1192.9,23.11,True,1.0
3,Noida,2,Onion,2025-12-18,1319.3,22.34,True,1.0
3,Noida,2,Onion,2025-12-19,1041.6,22.37,True,1.0
3,Noida,2,Onion,2025-12-20,1724.7,22.88,True,1.0
3,Noida,2,Onion,2025-12-21,835.8,22.91,True,1.0
3,Noida,2,Onion,2025-12-22,1189.8,22.62,True,1.0
3,Noida,2,Onion,2025-12-23,1200.5,22.01,True,1.0
3,Noida,2,Onion,2025-12-24,1154.0,22.59,True,1.0
3,Noida,2,Onion,2025-12-25,1299.9,23.47,True,1.0
3,Noida,2,Onion,2025-12-26,1260.5,22.77,True,1.0
3,Noida,2,Onion,2025-12-27,1316.4,23.17,True,1.0
3,Noida,2,Onion,2025-12-28,994.0,21.93,True,1.0
3,Noida,2,Onion,2025-12-29,1204.6,21.85,True,1.0
3,Noida,2,Onion,2025-12-30,1276.4,22.66,True,1.0
3,Noida,2,Onion,2025-12-31,1202.4,22.04,True,1.0
3,Noida,2,Onion,2026-01-01,1496.6,21.91,True,1.0
3,Noida,2,Onion,2026-01-03,1485.0,22.56,True,1.0
3,Noida,2,Onion,2026-01-04,966.7,22.09,True,1.0
3,Noida,2,Onion,2026-01-05,1140.9,22.67,True,1.0
3,Noida,2,Onion,2026-01-06,874.5,23.99,True,1.0
3,Noida,2,Onion,2026-01-07,1430.7,23.44,True,1.0
3,Noida,2,Onion,2026-01-08,1413.1,23.72,True,1.0
3,Noida,2,Onion,2026-01-09,1232.4,24.3,True,1.0
3,Noida,2,Onion,2026-01-10,1558.0,24.0,True,1.0
3,Noida,2,Onion,2026-01-11,891.5,23.38,True,1.0
3,Noida,2,Onion,2026-01-12,996.0,22.54,True,1.0
3,Noida,2,Onion,2026-01-13,1324.3,21.62,True,1.0
3,Noida,2,Onion,2026-01-14,1210.9,22.57,True,1.0
3,Noida,2,Onion,2026-01-15,1413.6,22.64,True,1.0
3,Noida,2,Onion,2026-01-16,1113.9,23.43,True,1.0
3,Noida,2,Onion,2026-01-17,1504.0,23.75,True,1.0
3,Noida,2,Onion,2026-01-18,1031.6,22.89,True,1.0
3,Noida,2,Onion,2026-01-19,1111.4,21.94,True,1.0
3,Noida,2,Onion,2026-01-20,1140.7,22.28,True,1.0
3,Noida,2,Onion,2026-01-21,1183.6,21.84,True,1.0
3,Noida,2,Onion,2026-01-22,994.6,22.16,True,1.0
3,Noida,2,Onion,2026-01-23,1469.7,21.68,True,1.0
3,Noida,2,Onion,2026-01-24,1490.7,21.26,True,1.0
3,Noida,2,Onion,2026-01-25,978.7,21.39,True,1.0
3,Noida,2,Onion,2026-01-26,1151.7,22.15,True,1.0
3,Noida,2,Onion,2026-01-27,1253.5,22.27,True,1.0
3,Noida,2,Onion,2026-01-28,1244.4,22.91,True,1.0
3,Noida,2,Onion,2026-01-29,1112.9,21.8,True,1.0
3,Noida,2,Onion,2026-01-30,1401.3,21.16,True,1.0
3,Noida,2,Onion,2026-01-31,1345.5,21.28,True,1.0
3,Noida,2,Onion,2026-02-01,1028.6,22.78,True,1.0
3,Noida,2,Onion,2026-02-02,1354.0,22.88,True,1.0
3,Noida,2,Onion,2026-02-03,1252.6,21.83,True,1.0
3,Noida,2,Onion,2026-02-04,1106.6,21.71,True,1.0
3,Noida,2,Onion,2026-02-05,991.8,21.81,True,1.0
3,Noida,2,Onion,2026-02-06,1477.6,21.37,True,1.0
3,Noida,2,Onion,2026-02-07,1639.0,21.79,True,1.0
3,Noida,2,Onion,2026-02-08,1043.4,21.59,True,1.0
3,Noida,2,Onion,2026-02-09,1177.0,21.35,True,1.0
3,Noida,2,Onion,2026-02-10,1111.2,22.14,True,1.0
3,Noida,2,Onion,2026-02-11,1204.3,20.85,True,1.0
3,Noida,2,Onion,2026-02-12,1165.4,20.42,True,1.0
3,Noida,2,Onion,2026-02-13,1319.8,20.19,True,1.0
3,Noida,2,Onion,2026-02-14,1668.7,20.0,True,1.0
3,Noida,2,Onion,2026-02-15,1041.6,19.93,True,1.0
3,Noida,2,Onion,2026-02-16,1266.3,20.57,True,1.0
3,Noida,2,Onion,2026-02-17,1110.2,21.39,True,1.0
3,Noida,2,Onion,2026-02-18,1241.1,21.86,True,1.0
3,Noida,2,Onion,2026-02-19,1372.1,20.99,True,1.0
3,Noida,2,Onion,2026-02-20,1518.5,20.93,True,1.0
3,Noida,2,Onion,2026-02-21,1464.5,21.21,True,1.0
3,Noida,2,Onion,2026-02-22,937.7,21.27,True,1.0
3,Noida,2,Onion,2026-02-23,1077.9,21.96,True,1.0
3,Noida,2,Onion,2026-02-24,1200.1,21.21,True,1.0
3,Noida,2,Onion,2026-02-25,1324.7,21.19,True,1.0
3,Noida,2,Onion,2026-02-26,1318.9,20.83,True,1.0
3,Noida,2,Onion,2026-02-27,1304.4,20.96,True,1.0
3,Noida,2,Onion,2026-02-28,1550.5,20.26,True,1.0
3,Noida,2,Onion,2026-03-01,1157.4,19.85,True,1.0
3,Noida,2,Onion,2026-03-02,1228.2,19.68,True,1.0
3,Noida,2,Onion,2026-03-03,981.9,19.64,True,1.0
3,Noida,2,Onion,2026-03-04,1311.5,20.82,True,1.0
3,Noida,2,Onion,2026-03-05,1389.0,21.45,True,1.0
3,Noida,2,Onion,2026-03-06,1501.9,21.04,True,1.0
3,Noida,2,Onion,2026-03-07,1421.6,20.98,True,1.0
3,Noida,2,Onion,2026-03-08,923.7,19.9,True,1.0
3,Noida,2,Onion,2026-03-09,1473.2,19.96,True,1.0
3,Noida,2,Onion,2026-03-10,1071.3,20.19,True,1.0
3,Noida,2,Onion,2026-03-11,1555.8,20.92,True,1.0
3,Noida,2,Onion,2026-03-12,1527.8,20.94,True,1.0
3,Noida,2,Onion,2026-03-13,1448.6,21.02,True,1.0
3,Noida,2,Onion,2026-03-14,1532.3,20.98,True,1.0
3,Noida,2,Onion,2026-03-15,1673.6,20.92,True,1.0
3,Noida,2,Onion,2026-03-16,1186.7,19.91,True,1.0
3,Noida,2,Onion,2026-03-17,1326.5,19.77,True,1.0
3,Noida,2,Onion,2026-03-18,1141.9,20.73,True,1.0
3,Noida,2,Onion,2026-03-19,1165.1,21.05,True,1.0
3,Noida,2,Onion,2026-03-20,1382.4,21.07,True,1.0
3,Noida,2,Onion,2026-03-21,1346.4,20.82,True,1.0
3,Noida,2,Onion,2026-03-22,1070.1,20.99,True,1.0
3,Noida,2,Onion,2026-03-23,1245.7,20.16,True,1.0
3,Noida,2,Onion,2026-03-24,1510.7,19.24,True,1.0
3,Noida,2,Onion,2026-03-25,1202.4,19.27,True,1.0
3,Noida,2,Onion,2026-03-26,1546.5,19.79,True,1.0
3,Noida,2,Onion,2026-03-27,1624.2,19.91,True,1.0
3,Noida,2,Onion,2026-03-28,1519.0,20.52,True,1.0
3,Noida,2,Onion,2026-03-29,1057.3,20.55,True,1.0
3,Noida,2,Onion,2026-03-30,1383.8,20.39,True,1.0
3,Noida,2,Onion,2026-03-31,1196.1,21.03,True,1.0
3,Noida,2,Onion,2026-04-01,1558.4,21.37,True,1.0
3,Noida,2,Onion,2026-04-02,1671.2,20.85,True,1.0
3,Noida,2,Onion,2026-04-03,1336.8,19.92,True,1.0
3,Noida,2,Onion,2026-04-04,1804.9,19.39,True,1.0
3,Noida,2,Onion,2026-04-05,1106.5,19.43,True,1.0
3,Noida,2,Onion,2026-04-06,1408.4,19.35,True,1.0
3,Noida,2,Onion,2026-04-07,1497.5,20.43,True,1.0
3,Noida,2,Onion,2026-04-08,1071.7,19.29,True,1.0
3,Noida,2,Onion,2026-04-09,1528.5,19.4,True,1.0
3,Noida,2,Onion,2026-04-10,1665.6,18.93,True,1.0
3,Noida,2,Onion,2026-04-11,1494.9,19.24,True,1.0
3,Noida,2,Onion,2026-04-12,1138.8,19.61,True,1.0
3,Noida,2,Onion,2026-04-13,1283.1,19.42,True,1.0
3,Noida,2,Onion,2026-04-14,1662.8,19.82,True,1.0
3,Noida,2,Onion,2026-04-15,1292.1,19.68,True,1.0
3,Noida,2,Onion,2026-04-16,1360.2,19.59,True,1.0
3,Noida,2,Onion,2026-04-17,1661.2,19.4,True,1.0
3,Noida,2,Onion,2026-04-18,1865.5,19.86,True,1.0
3,Noida,2,Onion,2026-04-19,1141.3,19.89,True,1.0
3,Noida,2,Onion,2026-04-20,1112.2,20.74,True,1.0
3,Noida,2,Onion,2026-04-22,1710.2,21.05,True,1.0
3,Noida,2,Onion,2026-04-23,1229.1,19.4,True,1.0
3,Noida,2,Onion,2026-04-24,1485.7,18.68,True,1.0
3,Noida,2,Onion,2026-04-25,1874.9,19.52,True,1.0
3,Noida,2,Onion,2026-04-26,1326.7,19.3,True,1.0
3,Noida,2,Onion,2026-04-27,1276.8,19.55,True,1.0
3,Noida,2,Onion,2026-04-28,1400.7,19.24,True,1.0
3,Noida,2,Onion,2026-04-29,1360.4,19.66,True,1.0
3,Noida,2,Onion,2026-04-30,1215.4,20.22,True,1.0
3,Noida,2,Onion,2026-05-01,1855.9,19.38,True,1.0
3,Noida,2,Onion,2026-05-02,1843.1,19.03,True,1.0
3,Noida,2,Onion,2026-05-03,1319.4,18.33,True,1.0
3,Noida,2,Onion,2026-05-04,1478.9,18.86,True,1.0
3,Noida,2,Onion,2026-05-05,1559.2,18.22,True,1.0
3,Noida,2,Onion,2026-05-06,1389.4,18.47,True,1.0
3,Noida,2,Onion,2026-05-07,1714.5,19.12,True,1.0
3,Noida,2,Onion,2026-05-08,1799.9,20.47,True,1.0
3,Noida,2,Onion,2026-05-09,1767.9,20.46,True,1.0
3,Noida,2,Onion,2026-05-10,1160.3,20.98,True,1.0
3,Noida,2,Onion,2026-05-11,1506.2,20.76,True,1.0
3,Noida,2,Onion,2026-05-12,1662.8,20.64,True,1.0
3,Noida,2,Onion,2026-05-13,1511.9,20.26,True,1.0
3,Noida,2,Onion,2026-05-14,1563.8,19.9,True,1.0
3,Noida,2,Onion,2026-05-15,1635.3,20.55,True,1.0
3,Noida,2,Onion,2026-05-16,1604.2,20.54,True,1.0
3,Noida,2,Onion,2026-05-17,1663.8,20.52,True,1.0
3,Noida,2,Onion,2026-05-18,1665.5,19.97,True,1.0
3,Noida,2,Onion,2026-05-19,1355.6,19.74,True,1.0
3,Noida,2,Onion,2026-05-20,1382.2,20.98,True,1.0
3,Noida,2,Onion,2026-05-21,1986.7,20.61,True,1.0
3,Noida,2,Onion,2026-05-22,1571.7,21.19,True,1.0
3,Noida,2,Onion,2026-05-23,1852.2,20.49,True,1.0
3,Noida,2,Onion,2026-05-24,1133.8,20.8,True,1.0
3,Noida,2,Onion,2026-05-25,1345.7,20.71,True,1.0
3,Noida,2,Onion,2026-05-26,1769.2,20.26,True,1.0
3,Noida,2,Onion,2026-05-27,1364.5,20.56,True,1.0
3,Noida,2,Onion,2026-05-28,1442.7,19.52,True,1.0
3,Noida,2,Onion,2026-05-29,1691.3,20.0,True,1.0
3,Noida,2,Onion,2026-05-30,1581.5,20.47,True,1.0
3,Noida,2,Onion,2026-05-31,1227.0,20.52,True,1.0
3,Noida,2,Onion,2026-06-01,1547.1,21.17,True,1.0
3,Noida,2,Onion,2026-06-02,1706.1,20.81,True,1.0
3,Noida,2,Onion,2026-06-03,1690.5,20.53,True,1.0
3,Noida,2,Onion,2026-06-04,1715.4,20.63,True,1.0
3,Noida,2,Onion,2026-06-05,1794.3,21.02,True,1.0
3,Noida,2,Onion,2026-06-06,1550.8,21.12,True,1.0
3,Noida,2,Onion,2026-06-07,1207.5,20.72,True,1.0
3,Noida,2,Onion,2026-06-08,1533.7,20.01,True,1.0
3,Noida,2,Onion,2026-06-09,1557.7,20.48,True,1.0
3,Noida,2,Onion,2026-06-10,1514.9,19.98,True,1.0
3,Noida,2,Onion,2026-06-11,1590.1,19.63,True,1.0
3,Noida,2,Onion,2026-06-12,1847.8,19.49,True,1.0
3,Noida,2,Onion,2026-06-13,2144.1,19.8,True,1.0
3,Noida,2,Onion,2026-06-14,1365.4,19.54,True,1.0
3,Noida,2,Onion,2026-06-15,1724.2,19.19,True,1.0
3,Noida,2,Onion,2026-06-16,1531.8,19.21,True,1.0
3,Noida,2,Onion,2026-06-17,1697.9,19.5,True,1.0
3,Noida,2,Onion,2026-06-18,1666.4,20.07,True,1.0
3,Noida,2,Onion,2026-06-19,1663.4,20.27,True,1.0
3,Noida,2,Onion,2026-06-20,1855.0,19.76,True,1.0
3,Noida,2,Onion,2026-06-21,1118.6,20.16,True,1.0
3,Noida,2,Onion,2026-06-22,1500.4,20.51,True,1.0
3,Noida,2,Onion,2026-06-23,1615.5,20.31,True,1.0
3,Noida,2,Onion,2026-06-24,1575.3,19.99,True,1.0
3,Noida,2,Onion,2026-06-25,2187.3,19.77,True,1.0
3,Noida,2,Onion,2026-06-26,1774.3,19.78,True,1.0
3,Noida,2,Onion,2026-06-27,1685.6,21.42,True,1.0
3,Noida,2,Onion,2026-06-28,1322.2,20.73,True,1.0
3,Noida,2,Onion,2026-06-29,1653.3,20.95,True,1.0
3,Noida,2,Onion,2026-06-30,1599.3,20.53,True,1.0
3,Noida,2,Onion,2026-07-01,1538.3,20.38,True,1.0
3,Noida,2,Onion,2026-07-02,1623.3,20.17,True,1.0
3,Noida,2,Onion,2026-07-03,1813.6,20.91,True,1.0
3,Noida,2,Onion,2026-07-04,2000.4,21.2,True,1.0
3,Noida,2,Onion,2026-07-05,1627.8,21.11,True,1.0
3,Noida,2,Onion,2026-07-06,1685.7,21.44,True,1.0
3,Noida,2,Onion,2026-07-07,1626.9,21.84,True,1.0
3,Noida,2,Onion,2026-07-08,1522.6,21.15,True,1.0
3,Noida,2,Onion,2026-07-09,1692.3,21.53,True,1.0
3,Noida,2,Onion,2026-07-10,1477.2,21.04,True,1.0
3,Noida,2,Onion,2026-07-11,2628.1,21.65,True,1.0
3,Noida,2,Onion,2026-07-12,1309.8,22.05,True,1.0
3,Noida,2,Onion,2026-07-13,1426.2,22.12,True,1.0
3,Noida,2,Onion,2026-07-14,1495.2,21.8,True,1.0
3,Noida,2,Onion,2026-07-15,2097.4,21.4,True,1.0
3,Noida,2,Onion,2026-07-16,1577.2,21.29,True,1.0
3,Noida,2,Onion,2026-07-17,1720.9,21.86,True,1.0
3,Noida,2,Onion,2026-07-18,1645.6,21.38,True,1.0
3,Noida,2,Onion,2026-07-19,1262.2,21.51,True,1.0
3,Noida,2,Onion,2026-07-20,1458.0,20.52,True,1.0
3,Noida,2,Onion,2026-07-21,1350.8,21.05,True,1.0
3,Noida,2,Onion,2026-07-22,1644.2,20.65,True,1.0
3,Noida,2,Onion,2026-07-23,1684.3,20.23,True,1.0
3,Noida,2,Onion,2026-07-24,1530.5,21.03,True,1.0
3,Noida,2,Onion,2026-07-25,1946.5,21.42,True,1.0
3,Noida,2,Onion,2026-07-26,1831.6,21.31,True,1.0
3,Noida,2,Onion,2026-07-27,1566.7,21.34,True,1.0
3,Noida,2,Onion,2026-07-28,1559.5,22.99,True,1.0
3,Noida,2,Onion,2026-07-29,1813.6,22.59,True,1.0
3,Noida,2,Onion,2026-07-30,1558.1,22.33,True,1.0
3,Noida,2,Onion,2026-07-31,1742.8,22.7,True,1.0
3,Noida,2,Onion,2026-08-01,1636.3,22.61,True,1.0
3,Noida,2,Onion,2026-08-02,1513.0,23.14,True,1.0
3,Noida,2,Onion,2026-08-03,1726.6,23.07,True,1.0
3,Noida,2,Onion,2026-08-04,1623.6,23.35,True,1.0
3,Noida,2,Onion,2026-08-05,1867.8,23.34,True,1.0
3,Noida,2,Onion,2026-08-06,1755.4,23.49,True,1.0
3,Noida,2,Onion,2026-08-07,1896.0,23.14,True,1.0
3,Noida,2,Onion,2026-08-08,2219.0,23.09,True,1.0
3,Noida,2,Onion,2026-08-09,1273.2,22.74,True,1.0
3,Noida,2,Onion,2026-08-10,1475.1,23.08,True,1.0
3,Noida,2,Onion,2026-08-11,1599.6,22.07,True,1.0
3,Noida,2,Onion,2026-08-12,1588.8,22.71,True,1.0
3,Noida,2,Onion,2026-08-13,1817.0,23.36,True,1.0
3,Noida,2,Onion,2026-08-14,1643.3,23.66,True,1.0
3,Noida,2,Onion,2026-08-15,2160.1,23.31,True,1.0
3,Noida,2,Onion,2026-08-16,1649.5,23.49,True,1.0
3,Noida,2,Onion,2026-08-17,1476.7,22.78,True,1.0
3,Noida,2,Onion,2026-08-18,1739.7,23.36,True,1.0
3,Noida,2,Onion,2026-08-19,1728.9,22.5,True,1.0
3,Noida,2,Onion,2026-08-20,1338.4,23.02,True,1.0
3,Noida,2,Onion,2026-08-21,1910.4,23.36,True,1.0
3,Noida,2,Onion,2026-08-22,2018.1,23.53,True,1.0
3,Noida,2,Onion,2026-08-23,1399.1,23.09,True,1.0
3,Noida,2,Onion,2026-08-24,1654.0,23.59,True,1.0
3,Noida,2,Onion,2026-08-25,1961.0,22.25,True,1.0
3,Noida,2,Onion,2026-08-26,1686.3,23.02,True,1.0
3,Noida,2,Onion,2026-08-27,1838.9,23.2,True,1.0
3,Noida,2,Onion,2026-08-28,1698.4,23.91,True,1.0
3,Noida,2,Onion,2026-08-29,2009.4,23.85,True,1.0
3,Noida,2,Onion,2026-08-30,1406.1,24.96,True,1.0
3,Noida,2,Onion,2026-08-31,1591.8,23.8,True,1.0
3,Noida,2,Onion,2026-09-01,1873.3,24.08,True,1.0
3,Noida,2,Onion,2026-09-02,1486.9,23.28,True,1.0
3,Noida,2,Onion,2026-09-03,2564.8,23.23,True,1.0
3,Noida,2,Onion,2026-09-04,1485.1,23.8,True,1.0
3,Noida,2,Onion,2026-09-05,2154.9,24.13,True,1.0
3,Noida,2,Onion,2026-09-06,1229.4,24.2,True,1.0
3,Noida,2,Onion,2026-09-07,1659.6,24.2,True,1.0
3,Noida,2,Onion,2026-09-08,1539.6,24.2,True,1.0
3,Noida,2,Onion,2026-09-09,1723.8,24.2,True,1.0
3,Noida,2,Onion,2026-09-10,1935.9,23.77,True,1.0
3,Noida,2,Onion,2026-09-11,1695.1,22.66,True,1.0
3,Noida,2,Onion,2026-09-12,1816.1,23.07,True,1.0
3,Noida,2,Onion,2026-09-13,1506.2,22.91,True,1.0
3,Noida,2,Onion,2026-09-14,1432.8,23.72,True,1.0
3,Noida,2,Onion,2026-09-15,1727.0,23.38,True,1.0
3,Noida,2,Onion,2026-09-16,1347.0,23.18,True,1.0
3,Noida,2,Onion,2026-09-17,1716.1,23.61,True,1.0
3,Noida,2,Onion,2026-09-18,1985.7,24.2,True,1.0
3,Noida,2,Onion,2026-09-19,1847.9,23.81,True,1.0
3,Noida,2,Onion,2026-09-20,1398.5,24.2,True,1.0
3,Noida,2,Onion,2026-09-21,1104.8,24.2,True,1.0
3,Noida,2,Onion,2026-09-22,1743.2,24.2,True,1.0
3,Noida,2,Onion,2026-09-23,1737.7,24.2,True,1.0
3,Noida,2,Onion,2026-09-24,1480.2,24.2,True,1.0
3,Noida,2,Onion,2026-09-25,1718.5,24.2,True,1.0
3,Noida,2,Onion,2026-09-26,1845.9,24.2,True,1.0
3,Noida,2,Onion,2026-09-27,1649.3,24.2,True,1.0
3,Noida,2,Onion,2026-09-28,1715.2,24.2,True,1.0
3,Noida,2,Onion,2026-09-29,1423.7,23.18,True,1.0
3,Noida,2,Onion,2026-09-30,2339.1,23.27,True,1.0
3,Noida,3,Potato,2024-10-01,1472.4,18.75,True,1.0
3,Noida,3,Potato,2024-10-02,1355.1,19.5,True,1.0
3,Noida,3,Potato,2024-10-04,1432.8,19.06,True,1.0
3,Noida,3,Potato,2024-10-05,1778.4,18.9,True,1.0
3,Noida,3,Potato,2024-10-06,1158.1,18.94,True,1.0
3,Noida,3,Potato,2024-10-07,1324.2,18.58,True,1.0
3,Noida,3,Potato,2024-10-08,1212.5,18.88,True,1.0
3,Noida,3,Potato,2024-10-09,1485.6,19.62,True,1.0
3,Noida,3,Potato,2024-10-10,1591.1,19.03,True,1.0
3,Noida,3,Potato,2024-10-11,1368.2,19.48,True,1.0
3,Noida,3,Potato,2024-10-12,1580.1,19.6,True,1.0
3,Noida,3,Potato,2024-10-13,1133.7,19.5,True,1.0
3,Noida,3,Potato,2024-10-14,1325.7,19.18,True,1.0
3,Noida,3,Potato,2024-10-15,1454.9,19.08,True,1.0
3,Noida,3,Potato,2024-10-16,1250.8,18.7,True,1.0
3,Noida,3,Potato,2024-10-17,1299.1,19.55,True,1.0
3,Noida,3,Potato,2024-10-18,1367.5,18.74,True,1.0
3,Noida,3,Potato,2024-10-19,1293.0,19.17,True,1.0
3,Noida,3,Potato,2024-10-20,937.4,19.71,True,1.0
3,Noida,3,Potato,2024-10-21,1476.0,19.04,True,1.0
3,Noida,3,Potato,2024-10-22,1445.6,19.39,True,1.0
3,Noida,3,Potato,2024-10-23,1373.8,19.06,True,1.0
3,Noida,3,Potato,2024-10-24,1345.1,18.78,True,1.0
3,Noida,3,Potato,2024-10-25,1522.4,18.52,True,1.0
3,Noida,3,Potato,2024-10-26,1796.8,17.53,True,1.0
3,Noida,3,Potato,2024-10-27,1015.7,17.95,True,1.0
3,Noida,3,Potato,2024-10-28,1146.2,18.71,True,1.0
3,Noida,3,Potato,2024-10-29,1303.5,18.11,True,1.0
3,Noida,3,Potato,2024-10-30,1327.5,18.49,True,1.0
3,Noida,3,Potato,2024-10-31,1554.9,18.27,True,1.0
3,Noida,3,Potato,2024-11-01,1437.7,17.59,True,1.0
3,Noida,3,Potato,2024-11-02,1723.4,18.18,True,1.0
3,Noida,3,Potato,2024-11-03,1122.4,18.97,True,1.0
3,Noida,3,Potato,2024-11-04,1673.7,18.2,True,1.0
3,Noida,3,Potato,2024-11-05,1562.2,18.19,True,1.0
3,Noida,3,Potato,2024-11-06,1426.6,17.33,True,1.0
3,Noida,3,Potato,2024-11-07,1516.2,17.43,True,1.0
3,Noida,3,Potato,2024-11-08,1726.0,17.77,True,1.0
3,Noida,3,Potato,2024-11-09,1680.1,18.66,True,1.0
3,Noida,3,Potato,2024-11-10,1316.1,19.2,True,1.0
3,Noida,3,Potato,2024-11-11,1085.0,19.62,True,1.0
3,Noida,3,Potato,2024-11-12,1560.1,18.72,True,1.0
3,Noida,3,Potato,2024-11-13,1199.6,18.26,True,1.0
3,Noida,3,Potato,2024-11-14,1524.4,17.22,True,1.0
3,Noida,3,Potato,2024-11-15,1702.6,16.98,True,1.0
3,Noida,3,Potato,2024-11-16,1553.1,16.45,True,1.0
3,Noida,3,Potato,2024-11-17,1273.3,16.95,True,1.0
3,Noida,3,Potato,2024-11-18,1593.2,16.78,True,1.0
3,Noida,3,Potato,2024-11-19,1888.3,16.47,True,1.0
3,Noida,3,Potato,2024-11-20,1723.5,16.59,True,1.0
3,Noida,3,Potato,2024-11-21,1420.9,16.29,True,1.0
3,Noida,3,Potato,2024-11-22,1352.6,16.77,True,1.0
3,Noida,3,Potato,2024-11-23,1830.3,17.1,True,1.0
3,Noida,3,Potato,2024-11-24,1206.5,17.04,True,1.0
3,Noida,3,Potato,2024-11-25,1212.1,16.79,True,1.0
3,Noida,3,Potato,2024-11-26,1572.9,16.32,True,1.0
3,Noida,3,Potato,2024-11-27,1479.5,16.89,True,1.0
3,Noida,3,Potato,2024-11-28,1239.5,17.13,True,1.0
3,Noida,3,Potato,2024-11-29,1404.9,17.41,True,1.0
3,Noida,3,Potato,2024-11-30,2440.0,17.22,True,1.0
3,Noida,3,Potato,2024-12-01,1251.1,17.13,True,1.0
3,Noida,3,Potato,2024-12-02,1543.4,17.89,True,1.0
3,Noida,3,Potato,2024-12-03,1357.6,17.39,True,1.0
3,Noida,3,Potato,2024-12-04,1348.3,17.19,True,1.0
3,Noida,3,Potato,2024-12-05,1325.9,17.56,True,1.0
3,Noida,3,Potato,2024-12-06,1683.8,17.6,True,1.0
3,Noida,3,Potato,2024-12-07,2081.2,16.48,True,1.0
3,Noida,3,Potato,2024-12-08,1116.9,15.89,True,1.0
3,Noida,3,Potato,2024-12-09,1614.7,15.95,True,1.0
3,Noida,3,Potato,2024-12-10,1485.5,16.72,True,1.0
3,Noida,3,Potato,2024-12-11,1572.3,17.16,True,1.0
3,Noida,3,Potato,2024-12-12,1688.3,17.4,True,1.0
3,Noida,3,Potato,2024-12-13,1494.4,17.61,True,1.0
3,Noida,3,Potato,2024-12-14,1494.0,16.97,True,1.0
3,Noida,3,Potato,2024-12-15,1154.4,17.29,True,1.0
3,Noida,3,Potato,2024-12-16,1854.3,16.76,True,1.0
3,Noida,3,Potato,2024-12-17,1364.7,17.3,True,1.0
3,Noida,3,Potato,2024-12-18,1776.5,16.96,True,1.0
3,Noida,3,Potato,2024-12-19,1222.0,17.11,True,1.0
3,Noida,3,Potato,2024-12-20,1413.1,16.18,True,1.0
3,Noida,3,Potato,2024-12-21,1991.3,15.79,True,1.0
3,Noida,3,Potato,2024-12-22,1190.0,16.64,True,1.0
3,Noida,3,Potato,2024-12-23,1322.7,17.07,True,1.0
3,Noida,3,Potato,2024-12-24,1595.5,16.44,True,1.0
3,Noida,3,Potato,2024-12-25,1453.5,17.21,True,1.0
3,Noida,3,Potato,2024-12-26,1704.9,16.59,True,1.0
3,Noida,3,Potato,2024-12-27,1864.8,16.69,True,1.0
3,Noida,3,Potato,2024-12-28,1731.4,16.52,True,1.0
3,Noida,3,Potato,2024-12-29,1265.7,16.2,True,1.0
3,Noida,3,Potato,2024-12-30,1315.7,16.95,True,1.0
3,Noida,3,Potato,2024-12-31,1593.3,17.76,True,1.0
3,Noida,3,Potato,2025-01-01,1371.5,17.58,True,1.0
3,Noida,3,Potato,2025-01-02,1707.9,18.13,True,1.0
3,Noida,3,Potato,2025-01-03,2685.4,17.59,True,1.0
3,Noida,3,Potato,2025-01-04,1488.7,17.41,True,1.0
3,Noida,3,Potato,2025-01-05,1183.5,17.3,True,1.0
3,Noida,3,Potato,2025-01-06,1427.8,16.59,True,1.0
3,Noida,3,Potato,2025-01-07,1542.0,16.9,True,1.0
3,Noida,3,Potato,2025-01-08,1817.3,17.21,True,1.0
3,Noida,3,Potato,2025-01-09,1523.7,17.0,True,1.0
3,Noida,3,Potato,2025-01-10,1572.0,16.14,True,1.0
3,Noida,3,Potato,2025-01-11,1790.6,16.5,True,1.0
3,Noida,3,Potato,2025-01-12,1343.0,15.88,True,1.0
3,Noida,3,Potato,2025-01-13,1547.7,15.77,True,1.0
3,Noida,3,Potato,2025-01-14,1445.5,16.13,True,1.0
3,Noida,3,Potato,2025-01-15,1461.1,15.96,True,1.0
3,Noida,3,Potato,2025-01-16,1568.5,16.31,True,1.0
3,Noida,3,Potato,2025-01-17,1618.5,16.34,True,1.0
3,Noida,3,Potato,2025-01-18,2118.6,15.71,True,1.0
3,Noida,3,Potato,2025-01-19,1165.0,16.09,True,1.0
3,Noida,3,Potato,2025-01-20,1469.1,16.56,True,1.0
3,Noida,3,Potato,2025-01-21,1504.2,17.1,True,1.0
3,Noida,3,Potato,2025-01-22,1745.8,16.82,True,1.0
3,Noida,3,Potato,2025-01-23,1577.7,16.76,True,1.0
3,Noida,3,Potato,2025-01-24,1641.2,16.06,True,1.0
3,Noida,3,Potato,2025-01-25,1422.8,17.2,True,1.0
3,Noida,3,Potato,2025-01-26,1329.1,17.81,True,1.0
3,Noida,3,Potato,2025-01-27,1423.7,17.46,True,1.0
3,Noida,3,Potato,2025-01-28,1635.4,17.18,True,1.0
3,Noida,3,Potato,2025-01-29,1776.0,15.68,True,1.0
3,Noida,3,Potato,2025-01-30,1995.6,16.47,True,1.0
3,Noida,3,Potato,2025-01-31,1666.7,16.82,True,1.0
3,Noida,3,Potato,2025-02-01,2161.5,17.19,True,1.0
3,Noida,3,Potato,2025-02-02,1190.2,16.86,True,1.0
3,Noida,3,Potato,2025-02-03,1640.1,16.6,True,1.0
3,Noida,3,Potato,2025-02-04,1508.7,16.07,True,1.0
3,Noida,3,Potato,2025-02-05,1259.9,16.64,True,1.0
3,Noida,3,Potato,2025-02-06,1379.2,17.28,True,1.0
3,Noida,3,Potato,2025-02-07,2100.5,17.68,True,1.0
3,Noida,3,Potato,2025-02-08,1849.8,17.5,True,1.0
3,Noida,3,Potato,2025-02-09,1388.0,17.12,True,1.0
3,Noida,3,Potato,2025-02-10,1735.7,16.51,True,1.0
3,Noida,3,Potato,2025-02-11,1549.4,16.26,True,1.0
3,Noida,3,Potato,2025-02-12,1990.4,16.64,True,1.0
3,Noida,3,Potato,2025-02-13,1807.5,16.55,True,1.0
3,Noida,3,Potato,2025-02-14,1878.4,17.42,True,1.0
3,Noida,3,Potato,2025-02-15,2295.5,17.81,True,1.0
3,Noida,3,Potato,2025-02-16,1384.6,17.21,True,1.0
3,Noida,3,Potato,2025-02-17,1374.1,16.51,True,1.0
3,Noida,3,Potato,2025-02-18,1634.5,16.35,True,1.0
3,Noida,3,Potato,2025-02-19,1931.8,17.0,True,1.0
3,Noida,3,Potato,2025-02-20,1669.8,16.71,True,1.0
3,Noida,3,Potato,2025-02-21,1882.6,17.02,True,1.0
3,Noida,3,Potato,2025-02-22,1987.1,16.7,True,1.0
3,Noida,3,Potato,2025-02-23,1148.1,16.92,True,1.0
3,Noida,3,Potato,2025-02-24,1679.4,17.17,True,1.0
3,Noida,3,Potato,2025-02-25,1925.6,17.57,True,1.0
3,Noida,3,Potato,2025-02-26,1539.0,18.1,True,1.0
3,Noida,3,Potato,2025-02-27,1828.5,18.41,True,1.0
3,Noida,3,Potato,2025-02-28,2029.5,17.69,True,1.0
3,Noida,3,Potato,2025-03-01,1911.4,17.39,True,1.0
3,Noida,3,Potato,2025-03-02,1351.8,16.69,True,1.0
3,Noida,3,Potato,2025-03-03,1748.8,16.66,True,1.0
3,Noida,3,Potato,2025-03-04,1899.4,16.77,True,1.0
3,Noida,3,Potato,2025-03-05,1801.9,16.64,True,1.0
3,Noida,3,Potato,2025-03-06,1603.1,16.51,True,1.0
3,Noida,3,Potato,2025-03-07,3190.0,17.16,True,1.0
3,Noida,3,Potato,2025-03-08,1851.6,17.57,True,1.0
3,Noida,3,Potato,2025-03-09,1464.1,17.61,True,1.0
3,Noida,3,Potato,2025-03-10,1808.1,16.82,True,1.0
3,Noida,3,Potato,2025-03-11,1559.1,17.0,True,1.0
3,Noida,3,Potato,2025-03-12,2165.4,16.84,True,1.0
3,Noida,3,Potato,2025-03-13,1509.1,17.57,True,1.0
3,Noida,3,Potato,2025-03-14,1901.2,16.56,True,1.0
3,Noida,3,Potato,2025-03-15,1880.0,16.47,True,1.0
3,Noida,3,Potato,2025-03-16,1216.8,16.39,True,1.0
3,Noida,3,Potato,2025-03-17,1790.7,16.4,True,1.0
3,Noida,3,Potato,2025-03-18,1885.3,17.1,True,1.0
3,Noida,3,Potato,2025-03-19,1392.3,16.01,True,1.0
3,Noida,3,Potato,2025-03-20,2070.7,16.27,True,1.0
3,Noida,3,Potato,2025-03-21,1835.6,16.96,True,1.0
3,Noida,3,Potato,2025-03-22,2453.1,17.53,True,1.0
3,Noida,3,Potato,2025-03-23,1610.8,17.18,True,1.0
3,Noida,3,Potato,2025-03-24,1742.2,16.89,True,1.0
3,Noida,3,Potato,2025-03-25,2205.4,17.18,True,1.0
3,Noida,3,Potato,2025-03-26,1643.2,17.3,True,1.0
3,Noida,3,Potato,2025-03-27,1644.1,17.35,True,1.0
3,Noida,3,Potato,2025-03-28,2148.1,15.57,True,1.0
3,Noida,3,Potato,2025-03-29,1950.8,15.58,True,1.0
3,Noida,3,Potato,2025-03-31,1864.4,16.51,True,1.0
3,Noida,3,Potato,2025-04-01,1776.5,16.11,True,1.0
3,Noida,3,Potato,2025-04-02,1474.5,16.02,True,1.0
3,Noida,3,Potato,2025-04-03,1814.4,16.37,True,1.0
3,Noida,3,Potato,2025-04-04,2017.5,16.1,True,1.0
3,Noida,3,Potato,2025-04-05,2299.3,16.82,True,1.0
3,Noida,3,Potato,2025-04-06,1629.2,16.84,True,1.0
3,Noida,3,Potato,2025-04-07,1797.7,17.97,True,1.0
3,Noida,3,Potato,2025-04-08,2283.8,17.54,True,1.0
3,Noida,3,Potato,2025-04-09,1692.9,17.27,True,1.0
3,Noida,3,Potato,2025-04-10,1822.1,17.78,True,1.0
3,Noida,3,Potato,2025-04-11,2188.0,17.41,True,1.0
3,Noida,3,Potato,2025-04-12,2086.3,18.26,True,1.0
3,Noida,3,Potato,2025-04-13,1842.1,18.33,True,1.0
3,Noida,3,Potato,2025-04-14,1633.8,17.99,True,1.0
3,Noida,3,Potato,2025-04-15,2002.4,17.83,True,1.0
3,Noida,3,Potato,2025-04-16,1564.6,19.31,True,1.0
3,Noida,3,Potato,2025-04-17,1654.5,19.1,True,1.0
3,Noida,3,Potato,2025-04-18,1906.8,18.78,True,1.0
3,Noida,3,Potato,2025-04-19,1936.1,18.41,True,1.0
3,Noida,3,Potato,2025-04-20,1968.0,18.79,True,1.0
3,Noida,3,Potato,2025-04-21,1955.0,17.72,True,1.0
3,Noida,3,Potato,2025-04-22,1976.5,17.67,True,1.0
3,Noida,3,Potato,2025-04-23,1745.2,16.36,True,1.0
3,Noida,3,Potato,2025-04-24,2108.7,16.56,True,1.0
3,Noida,3,Potato,2025-04-25,1901.5,17.38,True,1.0
3,Noida,3,Potato,2025-04-26,2004.0,18.26,True,1.0
3,Noida,3,Potato,2025-04-27,1654.7,18.49,True,1.0
3,Noida,3,Potato,2025-04-28,1457.1,18.69,True,1.0
3,Noida,3,Potato,2025-04-29,1810.7,17.6,True,1.0
3,Noida,3,Potato,2025-04-30,1863.1,17.39,True,1.0
3,Noida,3,Potato,2025-05-01,1775.7,18.35,True,1.0
3,Noida,3,Potato,2025-05-02,2036.1,18.0,True,1.0
3,Noida,3,Potato,2025-05-03,1660.6,17.97,True,1.0
3,Noida,3,Potato,2025-05-04,1340.2,17.61,True,1.0
3,Noida,3,Potato,2025-05-05,1614.9,17.3,True,1.0
3,Noida,3,Potato,2025-05-06,2138.8,17.33,True,1.0
3,Noida,3,Potato,2025-05-07,1945.0,17.26,True,1.0
3,Noida,3,Potato,2025-05-08,2263.1,18.03,True,1.0
3,Noida,3,Potato,2025-05-09,1744.8,18.2,True,1.0
3,Noida,3,Potato,2025-05-10,2701.0,18.76,True,1.0
3,Noida,3,Potato,2025-05-11,1255.5,17.89,True,1.0
3,Noida,3,Potato,2025-05-12,1546.8,18.66,True,1.0
3,Noida,3,Potato,2025-05-13,2142.8,18.57,True,1.0
3,Noida,3,Potato,2025-05-14,1618.0,19.5,True,1.0
3,Noida,3,Potato,2025-05-15,1930.3,19.13,True,1.0
3,Noida,3,Potato,2025-05-16,2000.2,18.11,True,1.0
3,Noida,3,Potato,2025-05-17,2102.4,18.88,True,1.0
3,Noida,3,Potato,2025-05-18,1463.8,18.67,True,1.0
3,Noida,3,Potato,2025-05-19,1680.1,17.5,True,1.0
3,Noida,3,Potato,2025-05-20,1481.8,17.86,True,1.0
3,Noida,3,Potato,2025-05-21,1884.0,18.17,True,1.0
3,Noida,3,Potato,2025-05-22,2049.8,18.84,True,1.0
3,Noida,3,Potato,2025-05-23,1905.3,16.92,True,1.0
3,Noida,3,Potato,2025-05-24,1787.1,17.98,True,1.0
3,Noida,3,Potato,2025-05-25,1422.4,17.91,True,1.0
3,Noida,3,Potato,2025-05-26,1262.3,19.13,True,1.0
3,Noida,3,Potato,2025-05-27,1729.5,18.07,True,1.0
3,Noida,3,Potato,2025-05-28,1739.4,18.52,True,1.0
3,Noida,3,Potato,2025-05-29,1924.2,18.78,True,1.0
3,Noida,3,Potato,2025-05-30,1378.5,18.52,True,1.0
3,Noida,3,Potato,2025-05-31,1669.8,18.16,True,1.0
3,Noida,3,Potato,2025-06-01,1762.7,18.13,True,1.0
3,Noida,3,Potato,2025-06-02,1561.7,18.12,True,1.0
3,Noida,3,Potato,2025-06-03,1542.2,17.66,True,1.0
3,Noida,3,Potato,2025-06-04,2113.2,18.5,True,1.0
3,Noida,3,Potato,2025-06-05,1723.5,18.01,True,1.0
3,Noida,3,Potato,2025-06-06,2084.8,18.78,True,1.0
3,Noida,3,Potato,2025-06-07,2115.5,17.85,True,1.0
3,Noida,3,Potato,2025-06-08,1548.1,18.05,True,1.0
3,Noida,3,Potato,2025-06-09,1531.7,18.2,True,1.0
3,Noida,3,Potato,2025-06-10,1493.0,18.38,True,1.0
3,Noida,3,Potato,2025-06-11,2016.4,19.04,True,1.0
3,Noida,3,Potato,2025-06-12,1471.2,18.89,True,1.0
3,Noida,3,Potato,2025-06-13,2356.6,18.65,True,1.0
3,Noida,3,Potato,2025-06-14,2105.1,18.62,True,1.0
3,Noida,3,Potato,2025-06-15,1217.4,19.25,True,1.0
3,Noida,3,Potato,2025-06-16,1998.7,18.51,True,1.0
3,Noida,3,Potato,2025-06-17,1656.8,18.11,True,1.0
3,Noida,3,Potato,2025-06-18,1641.0,17.36,True,1.0
3,Noida,3,Potato,2025-06-19,1483.7,18.9,True,1.0
3,Noida,3,Potato,2025-06-20,1809.0,18.31,True,1.0
3,Noida,3,Potato,2025-06-21,2008.7,17.55,True,1.0
3,Noida,3,Potato,2025-06-22,1715.2,17.57,True,1.0
3,Noida,3,Potato,2025-06-23,1546.5,17.69,True,1.0
3,Noida,3,Potato,2025-06-25,1568.9,18.67,True,1.0
3,Noida,3,Potato,2025-06-26,1815.1,18.95,True,1.0
3,Noida,3,Potato,2025-06-27,1515.1,18.04,True,1.0
3,Noida,3,Potato,2025-06-28,1967.8,18.46,True,1.0
3,Noida,3,Potato,2025-06-29,1500.8,17.8,True,1.0
3,Noida,3,Potato,2025-06-30,1605.0,18.02,True,1.0
3,Noida,3,Potato,2025-07-01,1708.1,17.95,True,1.0
3,Noida,3,Potato,2025-07-02,1965.9,18.33,True,1.0
3,Noida,3,Potato,2025-07-03,1982.7,18.91,True,1.0
3,Noida,3,Potato,2025-07-04,1804.2,18.27,True,1.0
3,Noida,3,Potato,2025-07-05,1765.1,17.94,True,1.0
3,Noida,3,Potato,2025-07-06,1234.2,18.41,True,1.0
3,Noida,3,Potato,2025-07-07,1532.6,19.0,True,1.0
3,Noida,3,Potato,2025-07-08,1877.8,19.85,True,1.0
3,Noida,3,Potato,2025-07-09,1595.2,19.39,True,1.0
3,Noida,3,Potato,2025-07-10,1649.5,18.52,True,1.0
3,Noida,3,Potato,2025-07-11,1612.4,18.83,True,1.0
3,Noida,3,Potato,2025-07-13,1400.5,18.24,True,1.0
3,Noida,3,Potato,2025-07-14,1451.5,19.29,True,1.0
3,Noida,3,Potato,2025-07-15,1574.5,19.61,True,1.0
3,Noida,3,Potato,2025-07-16,1837.5,19.1,True,1.0
3,Noida,3,Potato,2025-07-17,1700.6,19.13,True,1.0
3,Noida,3,Potato,2025-07-18,1706.5,19.12,True,1.0
3,Noida,3,Potato,2025-07-19,2325.4,19.25,True,1.0
3,Noida,3,Potato,2025-07-20,1310.9,19.03,True,1.0
3,Noida,3,Potato,2025-07-21,1223.3,18.08,True,1.0
3,Noida,3,Potato,2025-07-22,1439.2,17.92,True,1.0
3,Noida,3,Potato,2025-07-23,1564.4,18.04,True,1.0
3,Noida,3,Potato,2025-07-24,1797.9,18.41,True,1.0
3,Noida,3,Potato,2025-07-25,1887.1,18.09,True,1.0
3,Noida,3,Potato,2025-07-26,2262.9,18.53,True,1.0
3,Noida,3,Potato,2025-07-27,1416.8,18.55,True,1.0
3,Noida,3,Potato,2025-07-28,1178.2,18.36,True,1.0
3,Noida,3,Potato,2025-07-29,1766.6,17.96,True,1.0
3,Noida,3,Potato,2025-07-30,1576.3,18.58,True,1.0
3,Noida,3,Potato,2025-07-31,1619.1,19.01,True,1.0
3,Noida,3,Potato,2025-08-01,1642.2,19.52,True,1.0
3,Noida,3,Potato,2025-08-02,1742.4,19.75,True,1.0
3,Noida,3,Potato,2025-08-03,1475.5,19.95,True,1.0
3,Noida,3,Potato,2025-08-04,1779.0,19.96,True,1.0
3,Noida,3,Potato,2025-08-05,1434.8,18.77,True,1.0
3,Noida,3,Potato,2025-08-06,1762.1,18.76,True,1.0
3,Noida,3,Potato,2025-08-07,1324.5,18.15,True,1.0
3,Noida,3,Potato,2025-08-08,1715.4,19.21,True,1.0
3,Noida,3,Potato,2025-08-09,1919.8,19.21,True,1.0
3,Noida,3,Potato,2025-08-10,1650.3,19.92,True,1.0
3,Noida,3,Potato,2025-08-11,1631.0,19.14,True,1.0
3,Noida,3,Potato,2025-08-12,1304.2,19.11,True,1.0
3,Noida,3,Potato,2025-08-13,1462.9,19.29,True,1.0
3,Noida,3,Potato,2025-08-14,1638.8,19.08,True,1.0
3,Noida,3,Potato,2025-08-15,1631.5,19.22,True,1.0
3,Noida,3,Potato,2025-08-16,1517.4,20.04,True,1.0
3,Noida,3,Potato,2025-08-17,1415.3,19.21,True,1.0
3,Noida,3,Potato,2025-08-18,1462.6,17.81,True,1.0
3,Noida,3,Potato,2025-08-19,1369.7,19.06,True,1.0
3,Noida,3,Potato,2025-08-20,1817.8,18.66,True,1.0
3,Noida,3,Potato,2025-08-21,1523.0,19.42,True,1.0
3,Noida,3,Potato,2025-08-22,1578.3,19.7,True,1.0
3,Noida,3,Potato,2025-08-23,1600.9,19.41,True,1.0
3,Noida,3,Potato,2025-08-24,1571.8,19.54,True,1.0
3,Noida,3,Potato,2025-08-26,1625.8,18.93,True,1.0
3,Noida,3,Potato,2025-08-27,1353.8,19.3,True,1.0
3,Noida,3,Potato,2025-08-28,1359.1,18.82,True,1.0
3,Noida,3,Potato,2025-08-29,1492.9,18.69,True,1.0
3,Noida,3,Potato,2025-08-30,2380.0,18.97,True,1.0
3,Noida,3,Potato,2025-08-31,1347.3,19.73,True,1.0
3,Noida,3,Potato,2025-09-01,1292.9,19.52,True,1.0
3,Noida,3,Potato,2025-09-02,1530.9,19.13,True,1.0
3,Noida,3,Potato,2025-09-03,1747.6,19.02,True,1.0
3,Noida,3,Potato,2025-09-04,1581.6,19.65,True,1.0
3,Noida,3,Potato,2025-09-05,1320.4,19.1,True,1.0
3,Noida,3,Potato,2025-09-06,1656.6,18.9,True,1.0
3,Noida,3,Potato,2025-09-07,1245.7,18.58,True,1.0
3,Noida,3,Potato,2025-09-08,1236.4,18.58,True,1.0
3,Noida,3,Potato,2025-09-09,1493.1,18.8,True,1.0
3,Noida,3,Potato,2025-09-10,2008.0,19.4,True,1.0
3,Noida,3,Potato,2025-09-11,1482.8,18.11,True,1.0
3,Noida,3,Potato,2025-09-12,2425.1,18.64,True,1.0
3,Noida,3,Potato,2025-09-13,1882.5,18.24,True,1.0
3,Noida,3,Potato,2025-09-14,1393.7,18.73,True,1.0
3,Noida,3,Potato,2025-09-15,1230.0,19.44,True,1.0
3,Noida,3,Potato,2025-09-16,1573.5,19.81,True,1.0
3,Noida,3,Potato,2025-09-17,1360.6,19.59,True,1.0
3,Noida,3,Potato,2025-09-18,1345.4,19.81,True,1.0
3,Noida,3,Potato,2025-09-19,1888.4,18.98,True,1.0
3,Noida,3,Potato,2025-09-20,1867.9,18.87,True,1.0
3,Noida,3,Potato,2025-09-21,1164.4,19.67,True,1.0
3,Noida,3,Potato,2025-09-22,1562.4,18.95,True,1.0
3,Noida,3,Potato,2025-09-23,1371.8,18.98,True,1.0
3,Noida,3,Potato,2025-09-24,1533.0,18.69,True,1.0
3,Noida,3,Potato,2025-09-25,1714.2,18.58,True,1.0
3,Noida,3,Potato,2025-09-26,1362.1,18.82,True,1.0
3,Noida,3,Potato,2025-09-27,1677.8,18.62,True,1.0
3,Noida,3,Potato,2025-09-28,1223.5,18.61,True,1.0
3,Noida,3,Potato,2025-09-29,1372.1,18.34,True,1.0
3,Noida,3,Potato,2025-09-30,1755.2,17.47,True,1.0
3,Noida,3,Potato,2025-10-01,1414.5,17.89,True,1.0
3,Noida,3,Potato,2025-10-02,1362.0,18.31,True,1.0
3,Noida,3,Potato,2025-10-03,1483.6,19.11,True,1.0
3,Noida,3,Potato,2025-10-04,1769.4,18.85,True,1.0
3,Noida,3,Potato,2025-10-05,1364.2,18.0,True,1.0
3,Noida,3,Potato,2025-10-06,1576.4,17.75,True,1.0
3,Noida,3,Potato,2025-10-07,1434.1,18.23,True,1.0
3,Noida,3,Potato,2025-10-08,1414.8,18.24,True,1.0
3,Noida,3,Potato,2025-10-09,1349.3,18.43,True,1.0
3,Noida,3,Potato,2025-10-10,1665.7,18.23,True,1.0
3,Noida,3,Potato,2025-10-11,2286.9,19.27,True,1.0
3,Noida,3,Potato,2025-10-12,1188.9,19.94,True,1.0
3,Noida,3,Potato,2025-10-13,1423.3,18.93,True,1.0
3,Noida,3,Potato,2025-10-14,1256.9,19.22,True,1.0
3,Noida,3,Potato,2025-10-15,1482.3,19.1,True,1.0
3,Noida,3,Potato,2025-10-16,1797.3,18.84,True,1.0
3,Noida,3,Potato,2025-10-17,1372.9,18.2,True,1.0
3,Noida,3,Potato,2025-10-18,1848.0,19.07,True,1.0
3,Noida,3,Potato,2025-10-19,1061.8,19.43,True,1.0
3,Noida,3,Potato,2025-10-20,1815.3,18.26,True,1.0
3,Noida,3,Potato,2025-10-21,1564.6,18.96,True,1.0
3,Noida,3,Potato,2025-10-22,1688.3,18.68,True,1.0
3,Noida,3,Potato,2025-10-23,1415.5,18.19,True,1.0
3,Noida,3,Potato,2025-10-24,1607.9,17.66,True,1.0
3,Noida,3,Potato,2025-10-25,1763.7,18.26,True,1.0
3,Noida,3,Potato,2025-10-26,1097.5,18.4,True,1.0
3,Noida,3,Potato,2025-10-27,1237.9,17.83,True,1.0
3,Noida,3,Potato,2025-10-28,1676.2,17.47,True,1.0
3,Noida,3,Potato,2025-10-29,1584.9,17.42,True,1.0
3,Noida,3,Potato,2025-10-30,1286.7,17.32,True,1.0
3,Noida,3,Potato,2025-10-31,1515.5,17.76,True,1.0
3,Noida,3,Potato,2025-11-01,1662.4,18.0,True,1.0
3,Noida,3,Potato,2025-11-02,1300.4,17.64,True,1.0
3,Noida,3,Potato,2025-11-03,1408.6,16.88,True,1.0
3,Noida,3,Potato,2025-11-04,1565.9,16.52,True,1.0
3,Noida,3,Potato,2025-11-05,1523.0,17.32,True,1.0
3,Noida,3,Potato,2025-11-06,1180.2,16.97,True,1.0
3,Noida,3,Potato,2025-11-07,1617.9,17.26,True,1.0
3,Noida,3,Potato,2025-11-08,2071.8,16.55,True,1.0
3,Noida,3,Potato,2025-11-09,1237.8,17.09,True,1.0
3,Noida,3,Potato,2025-11-10,1167.7,18.24,True,1.0
3,Noida,3,Potato,2025-11-11,1533.8,17.4,True,1.0
3,Noida,3,Potato,2025-11-12,1528.5,17.76,True,1.0
3,Noida,3,Potato,2025-11-13,1866.8,17.86,True,1.0
3,Noida,3,Potato,2025-11-14,1828.8,18.26,True,1.0
3,Noida,3,Potato,2025-11-15,1488.5,17.99,True,1.0
3,Noida,3,Potato,2025-11-16,1145.6,18.01,True,1.0
3,Noida,3,Potato,2025-11-17,1470.7,17.97,True,1.0
3,Noida,3,Potato,2025-11-18,1415.5,18.13,True,1.0
3,Noida,3,Potato,2025-11-19,1569.4,17.52,True,1.0
3,Noida,3,Potato,2025-11-20,1535.8,17.61,True,1.0
3,Noida,3,Potato,2025-11-21,1517.1,17.98,True,1.0
3,Noida,3,Potato,2025-11-22,1771.2,18.43,True,1.0
3,Noida,3,Potato,2025-11-23,1199.4,18.39,True,1.0
3,Noida,3,Potato,2025-11-24,1259.2,17.52,True,1.0
3,Noida,3,Potato,2025-11-25,1485.4,16.72,True,1.0
3,Noida,3,Potato,2025-11-26,1516.4,17.12,True,1.0
3,Noida,3,Potato,2025-11-27,1500.5,16.7,True,1.0
3,Noida,3,Potato,2025-11-28,1237.3,17.3,True,1.0
3,Noida,3,Potato,2025-11-29,1790.7,17.17,True,1.0
3,Noida,3,Potato,2025-11-30,1010.3,17.72,True,1.0
3,Noida,3,Potato,2025-12-01,1493.2,18.69,True,1.0
3,Noida,3,Potato,2025-12-02,1239.2,18.22,True,1.0
3,Noida,3,Potato,2025-12-03,1260.8,17.87,True,1.0
3,Noida,3,Potato,2025-12-04,1574.0,18.19,True,1.0
3,Noida,3,Potato,2025-12-05,1885.4,18.45,True,1.0
3,Noida,3,Potato,2025-12-06,1461.0,18.97,True,1.0
3,Noida,3,Potato,2025-12-07,1282.8,18.52,True,1.0
3,Noida,3,Potato,2025-12-08,1751.0,17.78,True,1.0
3,Noida,3,Potato,2025-12-09,1329.1,17.59,True,1.0
3,Noida,3,Potato,2025-12-10,1725.6,17.15,True,1.0
3,Noida,3,Potato,2025-12-11,1378.5,17.26,True,1.0
3,Noida,3,Potato,2025-12-12,1658.8,16.79,True,1.0
3,Noida,3,Potato,2025-12-13,1691.7,17.32,True,1.0
3,Noida,3,Potato,2025-12-14,1315.0,17.59,True,1.0
3,Noida,3,Potato,2025-12-15,1479.0,17.5,True,1.0
3,Noida,3,Potato,2025-12-16,1581.8,17.38,True,1.0
3,Noida,3,Potato,2025-12-17,1597.2,17.18,True,1.0
3,Noida,3,Potato,2025-12-18,1610.5,17.78,True,1.0
3,Noida,3,Potato,2025-12-19,1656.1,18.15,True,1.0
3,Noida,3,Potato,2025-12-20,1964.0,17.87,True,1.0
3,Noida,3,Potato,2025-12-21,1465.7,17.17,True,1.0
3,Noida,3,Potato,2025-12-22,1336.3,16.55,True,1.0
3,Noida,3,Potato,2025-12-23,1410.8,16.81,True,1.0
3,Noida,3,Potato,2025-12-24,1456.2,16.54,True,1.0
3,Noida,3,Potato,2025-12-25,1890.8,16.89,True,1.0
3,Noida,3,Potato,2025-12-26,1998.9,16.71,True,1.0
3,Noida,3,Potato,2025-12-27,1700.9,17.15,True,1.0
3,Noida,3,Potato,2025-12-28,1151.9,17.17,True,1.0
3,Noida,3,Potato,2025-12-29,1344.7,17.58,True,1.0
3,Noida,3,Potato,2025-12-30,1422.4,16.29,True,1.0
3,Noida,3,Potato,2025-12-31,1589.2,16.36,True,1.0
3,Noida,3,Potato,2026-01-01,1399.1,17.58,True,1.0
3,Noida,3,Potato,2026-01-02,1897.6,16.16,True,1.0
3,Noida,3,Potato,2026-01-03,1933.5,16.76,True,1.0
3,Noida,3,Potato,2026-01-04,1148.9,16.98,True,1.0
3,Noida,3,Potato,2026-01-05,1352.0,17.57,True,1.0
3,Noida,3,Potato,2026-01-06,1742.4,17.25,True,1.0
3,Noida,3,Potato,2026-01-07,1956.8,17.71,True,1.0
3,Noida,3,Potato,2026-01-08,1323.9,18.05,True,1.0
3,Noida,3,Potato,2026-01-09,1704.9,17.76,True,1.0
3,Noida,3,Potato,2026-01-10,1845.5,16.89,True,1.0
3,Noida,3,Potato,2026-01-11,1810.3,17.31,True,1.0
3,Noida,3,Potato,2026-01-12,1538.1,16.67,True,1.0
3,Noida,3,Potato,2026-01-13,1701.7,16.64,True,1.0
3,Noida,3,Potato,2026-01-14,1683.6,17.13,True,1.0
3,Noida,3,Potato,2026-01-15,1801.0,17.56,True,1.0
3,Noida,3,Potato,2026-01-16,1897.1,17.15,True,1.0
3,Noida,3,Potato,2026-01-17,1802.3,17.33,True,1.0
3,Noida,3,Potato,2026-01-18,1217.2,16.42,True,1.0
3,Noida,3,Potato,2026-01-19,1557.7,16.3,True,1.0
3,Noida,3,Potato,2026-01-20,1763.1,17.13,True,1.0
3,Noida,3,Potato,2026-01-21,1910.9,17.68,True,1.0
3,Noida,3,Potato,2026-01-22,1739.6,17.73,True,1.0
3,Noida,3,Potato,2026-01-23,1779.6,17.36,True,1.0
3,Noida,3,Potato,2026-01-24,1782.9,17.59,True,1.0
3,Noida,3,Potato,2026-01-25,1342.5,17.32,True,1.0
3,Noida,3,Potato,2026-01-26,1654.2,17.23,True,1.0
3,Noida,3,Potato,2026-01-27,1539.4,17.12,True,1.0
3,Noida,3,Potato,2026-01-28,1596.5,16.63,True,1.0
3,Noida,3,Potato,2026-01-29,1694.0,17.01,True,1.0
3,Noida,3,Potato,2026-01-30,1925.8,16.42,True,1.0
3,Noida,3,Potato,2026-01-31,1749.6,16.89,True,1.0
3,Noida,3,Potato,2026-02-01,1542.8,16.39,True,1.0
3,Noida,3,Potato,2026-02-02,1580.6,16.16,True,1.0
3,Noida,3,Potato,2026-02-03,2043.3,15.06,True,1.0
3,Noida,3,Potato,2026-02-04,1664.8,15.48,True,1.0
3,Noida,3,Potato,2026-02-05,1728.5,15.94,True,1.0
3,Noida,3,Potato,2026-02-06,1750.5,16.57,True,1.0
3,Noida,3,Potato,2026-02-07,1543.0,17.26,True,1.0
3,Noida,3,Potato,2026-02-08,1397.2,16.4,True,1.0
3,Noida,3,Potato,2026-02-09,1598.5,16.98,True,1.0
3,Noida,3,Potato,2026-02-10,1898.0,16.7,True,1.0
3,Noida,3,Potato,2026-02-11,1624.8,16.69,True,1.0
3,Noida,3,Potato,2026-02-12,1976.8,16.67,True,1.0
3,Noida,3,Potato,2026-02-13,1924.9,16.49,True,1.0
3,Noida,3,Potato,2026-02-14,1885.8,16.17,True,1.0
3,Noida,3,Potato,2026-02-15,1178.5,16.49,True,1.0
3,Noida,3,Potato,2026-02-16,3476.2,16.98,True,1.0
3,Noida,3,Potato,2026-02-17,1846.6,16.33,True,1.0
3,Noida,3,Potato,2026-02-18,1527.7,16.47,True,1.0
3,Noida,3,Potato,2026-02-19,1660.7,16.29,True,1.0
3,Noida,3,Potato,2026-02-20,1943.2,16.98,True,1.0
3,Noida,3,Potato,2026-02-21,1747.0,17.18,True,1.0
3,Noida,3,Potato,2026-02-22,1366.1,17.84,True,1.0
3,Noida,3,Potato,2026-02-23,1568.9,16.79,True,1.0
3,Noida,3,Potato,2026-02-24,1589.5,17.32,True,1.0
3,Noida,3,Potato,2026-02-25,1730.0,17.27,True,1.0
3,Noida,3,Potato,2026-02-26,1819.8,16.81,True,1.0
3,Noida,3,Potato,2026-02-27,1718.4,17.08,True,1.0
3,Noida,3,Potato,2026-02-28,2326.1,17.82,True,1.0
3,Noida,3,Potato,2026-03-01,1485.5,18.37,True,1.0
3,Noida,3,Potato,2026-03-02,1893.5,18.36,True,1.0
3,Noida,3,Potato,2026-03-03,1778.1,17.43,True,1.0
3,Noida,3,Potato,2026-03-04,2020.5,17.45,True,1.0
3,Noida,3,Potato,2026-03-05,1628.4,17.48,True,1.0
3,Noida,3,Potato,2026-03-06,2218.8,17.96,True,1.0
3,Noida,3,Potato,2026-03-07,2519.6,17.59,True,1.0
3,Noida,3,Potato,2026-03-08,1373.6,17.43,True,1.0
3,Noida,3,Potato,2026-03-09,1568.0,17.0,True,1.0
3,Noida,3,Potato,2026-03-10,1896.9,17.34,True,1.0
3,Noida,3,Potato,2026-03-11,1557.2,17.16,True,1.0
3,Noida,3,Potato,2026-03-12,2390.9,17.23,True,1.0
3,Noida,3,Potato,2026-03-13,1873.2,16.96,True,1.0
3,Noida,3,Potato,2026-03-14,1982.6,17.03,True,1.0
3,Noida,3,Potato,2026-03-15,1561.7,16.55,True,1.0
3,Noida,3,Potato,2026-03-16,1431.4,16.8,True,1.0
3,Noida,3,Potato,2026-03-17,1900.5,16.62,True,1.0
3,Noida,3,Potato,2026-03-18,1805.5,17.13,True,1.0
3,Noida,3,Potato,2026-03-19,1623.7,18.08,True,1.0
3,Noida,3,Potato,2026-03-20,1881.9,18.26,True,1.0
3,Noida,3,Potato,2026-03-21,1892.1,17.38,True,1.0
3,Noida,3,Potato,2026-03-22,1269.8,17.17,True,1.0
3,Noida,3,Potato,2026-03-23,1810.8,16.42,True,1.0
3,Noida,3,Potato,2026-03-24,1866.5,16.69,True,1.0
3,Noida,3,Potato,2026-03-25,1976.2,16.04,True,1.0
3,Noida,3,Potato,2026-03-26,1734.0,15.86,True,1.0
3,Noida,3,Potato,2026-03-27,1803.0,16.81,True,1.0
3,Noida,3,Potato,2026-03-28,1876.8,17.4,True,1.0
3,Noida,3,Potato,2026-03-29,1691.8,16.65,True,1.0
3,Noida,3,Potato,2026-03-30,1589.1,16.66,True,1.0
3,Noida,3,Potato,2026-03-31,1795.8,17.11,True,1.0
3,Noida,3,Potato,2026-04-01,1823.3,17.4,True,1.0
3,Noida,3,Potato,2026-04-02,1750.1,16.63,True,1.0
3,Noida,3,Potato,2026-04-03,1982.9,17.01,True,1.0
3,Noida,3,Potato,2026-04-04,2668.3,16.86,True,1.0
3,Noida,3,Potato,2026-04-05,1426.7,17.65,True,1.0
3,Noida,3,Potato,2026-04-06,1684.5,17.52,True,1.0
3,Noida,3,Potato,2026-04-07,1889.0,17.71,True,1.0
3,Noida,3,Potato,2026-04-08,2072.0,17.62,True,1.0
3,Noida,3,Potato,2026-04-09,1924.1,17.95,True,1.0
3,Noida,3,Potato,2026-04-10,1723.4,17.46,True,1.0
3,Noida,3,Potato,2026-04-11,2077.2,17.86,True,1.0
3,Noida,3,Potato,2026-04-12,1389.4,18.42,True,1.0
3,Noida,3,Potato,2026-04-13,1761.1,19.18,True,1.0
3,Noida,3,Potato,2026-04-14,1537.5,19.59,True,1.0
3,Noida,3,Potato,2026-04-15,2027.4,18.72,True,1.0
3,Noida,3,Potato,2026-04-16,1507.8,18.73,True,1.0
3,Noida,3,Potato,2026-04-17,1910.0,18.87,True,1.0
3,Noida,3,Potato,2026-04-18,2129.1,18.85,True,1.0
3,Noida,3,Potato,2026-04-19,1398.2,18.94,True,1.0
3,Noida,3,Potato,2026-04-20,1612.1,18.83,True,1.0
3,Noida,3,Potato,2026-04-21,1435.4,18.24,True,1.0
3,Noida,3,Potato,2026-04-22,1846.7,18.24,True,1.0
3,Noida,3,Potato,2026-04-23,1927.3,18.58,True,1.0
3,Noida,3,Potato,2026-04-24,2157.6,18.62,True,1.0
3,Noida,3,Potato,2026-04-25,2337.6,17.85,True,1.0
3,Noida,3,Potato,2026-04-26,1708.2,17.44,True,1.0
3,Noida,3,Potato,2026-04-27,1769.5,17.4,True,1.0
3,Noida,3,Potato,2026-04-28,1838.4,17.48,True,1.0
3,Noida,3,Potato,2026-04-29,1804.2,17.72,True,1.0
3,Noida,3,Potato,2026-04-30,1958.5,17.33,True,1.0
3,Noida,3,Potato,2026-05-01,2098.5,17.95,True,1.0
3,Noida,3,Potato,2026-05-02,1904.6,17.06,True,1.0
3,Noida,3,Potato,2026-05-03,1416.2,17.64,True,1.0
3,Noida,3,Potato,2026-05-04,1857.4,18.04,True,1.0
3,Noida,3,Potato,2026-05-05,1482.0,18.41,True,1.0
3,Noida,3,Potato,2026-05-06,1945.8,16.81,True,1.0
3,Noida,3,Potato,2026-05-07,1798.3,16.56,True,1.0
3,Noida,3,Potato,2026-05-08,1836.0,16.87,True,1.0
3,Noida,3,Potato,2026-05-09,2205.5,17.36,True,1.0
3,Noida,3,Potato,2026-05-10,1404.4,17.58,True,1.0
3,Noida,3,Potato,2026-05-11,1998.3,17.38,True,1.0
3,Noida,3,Potato,2026-05-12,1799.0,18.31,True,1.0
3,Noida,3,Potato,2026-05-13,1859.8,18.49,True,1.0
3,Noida,3,Potato,2026-05-14,2047.0,18.24,True,1.0
3,Noida,3,Potato,2026-05-15,2927.4,17.77,True,1.0
3,Noida,3,Potato,2026-05-16,2292.6,17.99,True,1.0
3,Noida,3,Potato,2026-05-17,1695.6,18.78,True,1.0
3,Noida,3,Potato,2026-05-18,1795.6,18.69,True,1.0
3,Noida,3,Potato,2026-05-19,1758.8,18.6,True,1.0
3,Noida,3,Potato,2026-05-20,1816.9,18.6,True,1.0
3,Noida,3,Potato,2026-05-21,2038.6,18.63,True,1.0
3,Noida,3,Potato,2026-05-22,1841.4,18.47,True,1.0
3,Noida,3,Potato,2026-05-23,2310.0,17.98,True,1.0
3,Noida,3,Potato,2026-05-24,1565.2,18.96,True,1.0
3,Noida,3,Potato,2026-05-25,1573.7,19.19,True,1.0
3,Noida,3,Potato,2026-05-26,1590.7,20.19,True,1.0
3,Noida,3,Potato,2026-05-27,1720.1,19.99,True,1.0
3,Noida,3,Potato,2026-05-28,1899.6,19.44,True,1.0
3,Noida,3,Potato,2026-05-29,1984.7,18.69,True,1.0
3,Noida,3,Potato,2026-05-30,1684.4,18.51,True,1.0
3,Noida,3,Potato,2026-05-31,1799.7,17.96,True,1.0
3,Noida,3,Potato,2026-06-01,1747.9,19.3,True,1.0
3,Noida,3,Potato,2026-06-02,1795.3,19.12,True,1.0
3,Noida,3,Potato,2026-06-03,1847.1,19.43,True,1.0
3,Noida,3,Potato,2026-06-04,1760.8,19.76,True,1.0
3,Noida,3,Potato,2026-06-05,2208.3,20.07,True,1.0
3,Noida,3,Potato,2026-06-06,1878.9,21.16,True,1.0
3,Noida,3,Potato,2026-06-07,1254.7,20.37,True,1.0
3,Noida,3,Potato,2026-06-08,1948.6,19.79,True,1.0
3,Noida,3,Potato,2026-06-09,1825.4,19.59,True,1.0
3,Noida,3,Potato,2026-06-10,1830.6,19.79,True,1.0
3,Noida,3,Potato,2026-06-11,1688.1,19.61,True,1.0
3,Noida,3,Potato,2026-06-12,1664.3,19.24,True,1.0
3,Noida,3,Potato,2026-06-13,1805.2,18.75,True,1.0
3,Noida,3,Potato,2026-06-14,1680.2,18.39,True,1.0
3,Noida,3,Potato,2026-06-15,1527.4,18.69,True,1.0
3,Noida,3,Potato,2026-06-16,1684.7,18.24,True,1.0
3,Noida,3,Potato,2026-06-17,1617.7,17.52,True,1.0
3,Noida,3,Potato,2026-06-18,2018.2,18.01,True,1.0
3,Noida,3,Potato,2026-06-19,2060.1,18.91,True,1.0
3,Noida,3,Potato,2026-06-20,1926.4,19.3,True,1.0
3,Noida,3,Potato,2026-06-21,1844.4,19.2,True,1.0
3,Noida,3,Potato,2026-06-22,1529.6,19.37,True,1.0
3,Noida,3,Potato,2026-06-23,1960.3,18.39,True,1.0
3,Noida,3,Potato,2026-06-24,2036.4,18.22,True,1.0
3,Noida,3,Potato,2026-06-25,1695.0,19.38,True,1.0
3,Noida,3,Potato,2026-06-26,1798.2,19.95,True,1.0
3,Noida,3,Potato,2026-06-27,2056.8,19.29,True,1.0
3,Noida,3,Potato,2026-06-28,1293.4,20.22,True,1.0
3,Noida,3,Potato,2026-06-29,1729.3,19.48,True,1.0
3,Noida,3,Potato,2026-06-30,1451.5,18.92,True,1.0
3,Noida,3,Potato,2026-07-01,1666.2,19.83,True,1.0
3,Noida,3,Potato,2026-07-02,1641.1,20.37,True,1.0
3,Noida,3,Potato,2026-07-03,1946.2,19.66,True,1.0
3,Noida,3,Potato,2026-07-04,2239.2,19.48,True,1.0
3,Noida,3,Potato,2026-07-05,1071.9,19.2,True,1.0
3,Noida,3,Potato,2026-07-06,1543.2,19.47,True,1.0
3,Noida,3,Potato,2026-07-07,1776.9,20.27,True,1.0
3,Noida,3,Potato,2026-07-08,1996.8,20.24,True,1.0
3,Noida,3,Potato,2026-07-09,1591.2,19.86,True,1.0
3,Noida,3,Potato,2026-07-11,2099.4,19.43,True,1.0
3,Noida,3,Potato,2026-07-12,1456.3,18.7,True,1.0
3,Noida,3,Potato,2026-07-13,1258.0,18.75,True,1.0
3,Noida,3,Potato,2026-07-14,1800.7,19.42,True,1.0
3,Noida,3,Potato,2026-07-15,1559.4,19.82,True,1.0
3,Noida,3,Potato,2026-07-16,1738.3,20.12,True,1.0
3,Noida,3,Potato,2026-07-17,1610.9,20.25,True,1.0
3,Noida,3,Potato,2026-07-18,2011.3,20.03,True,1.0
3,Noida,3,Potato,2026-07-19,1569.7,19.96,True,1.0
3,Noida,3,Potato,2026-07-20,1551.6,19.8,True,1.0
3,Noida,3,Potato,2026-07-21,1585.8,19.9,True,1.0
3,Noida,3,Potato,2026-07-22,1951.3,20.01,True,1.0
3,Noida,3,Potato,2026-07-23,1376.5,19.86,True,1.0
3,Noida,3,Potato,2026-07-24,1673.2,19.97,True,1.0
3,Noida,3,Potato,2026-07-25,1689.1,19.37,True,1.0
3,Noida,3,Potato,2026-07-26,1476.5,19.17,True,1.0
3,Noida,3,Potato,2026-07-27,1414.0,19.32,True,1.0
3,Noida,3,Potato,2026-07-28,1395.8,20.39,True,1.0
3,Noida,3,Potato,2026-07-29,1664.9,20.35,True,1.0
3,Noida,3,Potato,2026-07-30,1464.1,19.94,True,1.0
3,Noida,3,Potato,2026-07-31,1563.6,19.61,True,1.0
3,Noida,3,Potato,2026-08-01,1983.7,19.92,True,1.0
3,Noida,3,Potato,2026-08-02,1730.6,19.67,True,1.0
3,Noida,3,Potato,2026-08-04,2169.3,19.99,True,1.0
3,Noida,3,Potato,2026-08-05,1621.2,19.08,True,1.0
3,Noida,3,Potato,2026-08-06,1583.9,19.39,True,1.0
3,Noida,3,Potato,2026-08-07,1936.1,19.6,True,1.0
3,Noida,3,Potato,2026-08-09,1348.0,19.26,True,1.0
3,Noida,3,Potato,2026-08-10,1587.2,19.86,True,1.0
3,Noida,3,Potato,2026-08-11,1585.4,19.58,True,1.0
3,Noida,3,Potato,2026-08-12,1675.6,20.61,True,1.0
3,Noida,3,Potato,2026-08-13,1408.4,21.21,True,1.0
3,Noida,3,Potato,2026-08-14,1315.8,20.24,True,1.0
3,Noida,3,Potato,2026-08-15,1709.6,19.16,True,1.0
3,Noida,3,Potato,2026-08-16,1092.5,19.55,True,1.0
3,Noida,3,Potato,2026-08-17,1722.4,18.99,True,1.0
3,Noida,3,Potato,2026-08-18,1560.4,19.68,True,1.0
3,Noida,3,Potato,2026-08-19,1473.6,19.83,True,1.0
3,Noida,3,Potato,2026-08-20,1583.8,18.83,True,1.0
3,Noida,3,Potato,2026-08-21,1879.3,19.35,True,1.0
3,Noida,3,Potato,2026-08-22,1990.0,19.37,True,1.0
3,Noida,3,Potato,2026-08-23,1218.8,19.53,True,1.0
3,Noida,3,Potato,2026-08-24,1893.1,20.27,True,1.0
3,Noida,3,Potato,2026-08-25,2058.3,19.84,True,1.0
3,Noida,3,Potato,2026-08-26,1559.2,20.05,True,1.0
3,Noida,3,Potato,2026-08-27,1823.6,19.42,True,1.0
3,Noida,3,Potato,2026-08-28,1569.9,19.01,True,1.0
3,Noida,3,Potato,2026-08-29,1804.8,18.91,True,1.0
3,Noida,3,Potato,2026-08-30,1293.4,18.62,True,1.0
3,Noida,3,Potato,2026-08-31,1483.3,19.06,True,1.0
3,Noida,3,Potato,2026-09-01,1919.1,18.34,True,1.0
3,Noida,3,Potato,2026-09-02,1446.5,18.99,True,1.0
3,Noida,3,Potato,2026-09-03,1632.6,18.59,True,1.0
3,Noida,3,Potato,2026-09-04,1442.1,18.92,True,1.0
3,Noida,3,Potato,2026-09-05,1461.8,18.31,True,1.0
3,Noida,3,Potato,2026-09-06,1243.6,18.76,True,1.0
3,Noida,3,Potato,2026-09-07,1382.3,19.41,True,1.0
3,Noida,3,Potato,2026-09-08,1327.6,19.28,True,1.0
3,Noida,3,Potato,2026-09-09,1605.0,19.8,True,1.0
3,Noida,3,Potato,2026-09-10,2136.7,19.62,True,1.0
3,Noida,3,Potato,2026-09-11,2386.0,19.63,True,1.0
3,Noida,3,Potato,2026-09-12,1838.2,18.9,True,1.0
3,Noida,3,Potato,2026-09-13,1094.9,19.13,True,1.0
3,Noida,3,Potato,2026-09-14,1625.5,18.74,True,1.0
3,Noida,3,Potato,2026-09-15,2106.4,18.39,True,1.0
3,Noida,3,Potato,2026-09-16,1584.7,19.37,True,1.0
3,Noida,3,Potato,2026-09-17,1608.9,18.52,True,1.0
3,Noida,3,Potato,2026-09-18,1652.1,18.54,True,1.0
3,Noida,3,Potato,2026-09-19,1457.8,18.99,True,1.0
3,Noida,3,Potato,2026-09-20,1153.9,19.05,True,1.0
3,Noida,3,Potato,2026-09-21,1535.0,17.98,True,1.0
3,Noida,3,Potato,2026-09-22,1713.8,18.51,True,1.0
3,Noida,3,Potato,2026-09-23,1302.8,17.85,True,1.0
3,Noida,3,Potato,2026-09-24,1869.0,17.87,True,1.0
3,Noida,3,Potato,2026-09-25,1779.5,17.98,True,1.0
3,Noida,3,Potato,2026-09-26,1703.3,16.72,True,1.0
3,Noida,3,Potato,2026-09-27,1187.5,17.22,True,1.0
3,Noida,3,Potato,2026-09-28,1536.5,17.96,True,1.0
3,Noida,3,Potato,2026-09-29,1467.3,18.06,True,1.0
3,Noida,3,Potato,2026-09-30,1359.5,18.31,True,1.0
3,Noida,4,Cauliflower,2024-10-01,262.7,27.22,True,1.0
3,Noida,4,Cauliflower,2024-10-02,239.8,27.24,True,1.0
3,Noida,4,Cauliflower,2024-10-03,279.1,26.4,True,1.0
3,Noida,4,Cauliflower,2024-10-04,297.5,27.73,True,1.0
3,Noida,4,Cauliflower,2024-10-05,272.1,26.15,True,1.0
3,Noida,4,Cauliflower,2024-10-06,226.5,25.9,True,1.0
3,Noida,4,Cauliflower,2024-10-07,287.7,24.21,True,1.0
3,Noida,4,Cauliflower,2024-10-08,224.8,24.4,True,1.0
3,Noida,4,Cauliflower,2024-10-09,245.8,24.15,True,1.0
3,Noida,4,Cauliflower,2024-10-10,238.6,24.07,True,1.0
3,Noida,4,Cauliflower,2024-10-11,274.5,24.19,True,1.0
3,Noida,4,Cauliflower,2024-10-12,304.3,24.19,True,1.0
3,Noida,4,Cauliflower,2024-10-13,197.2,23.25,True,1.0
3,Noida,4,Cauliflower,2024-10-14,244.2,23.03,True,1.0
3,Noida,4,Cauliflower,2024-10-15,262.9,23.11,True,1.0
3,Noida,4,Cauliflower,2024-10-16,257.7,22.21,True,1.0
3,Noida,4,Cauliflower,2024-10-17,285.3,23.0,True,1.0
3,Noida,4,Cauliflower,2024-10-18,295.7,24.29,True,1.0
3,Noida,4,Cauliflower,2024-10-19,264.3,24.09,True,1.0
3,Noida,4,Cauliflower,2024-10-20,221.1,23.36,True,1.0
3,Noida,4,Cauliflower,2024-10-21,310.7,21.72,True,1.0
3,Noida,4,Cauliflower,2024-10-22,270.6,21.08,True,1.0
3,Noida,4,Cauliflower,2024-10-23,310.1,21.75,True,1.0
3,Noida,4,Cauliflower,2024-10-24,321.3,22.8,True,1.0
3,Noida,4,Cauliflower,2024-10-25,290.5,22.57,True,1.0
3,Noida,4,Cauliflower,2024-10-26,331.0,21.59,True,1.0
3,Noida,4,Cauliflower,2024-10-27,244.0,21.28,True,1.0
3,Noida,4,Cauliflower,2024-10-28,287.1,21.23,True,1.0
3,Noida,4,Cauliflower,2024-10-29,344.3,20.37,True,1.0
3,Noida,4,Cauliflower,2024-10-30,356.9,20.71,True,1.0
3,Noida,4,Cauliflower,2024-10-31,335.9,21.67,True,1.0
3,Noida,4,Cauliflower,2024-11-01,331.8,20.76,True,1.0
3,Noida,4,Cauliflower,2024-11-02,429.7,20.79,True,1.0
3,Noida,4,Cauliflower,2024-11-03,268.1,19.94,True,1.0
3,Noida,4,Cauliflower,2024-11-04,294.6,20.03,True,1.0
3,Noida,4,Cauliflower,2024-11-05,313.4,20.46,True,1.0
3,Noida,4,Cauliflower,2024-11-06,281.4,21.47,True,1.0
3,Noida,4,Cauliflower,2024-11-07,284.5,21.83,True,1.0
3,Noida,4,Cauliflower,2024-11-08,316.6,21.06,True,1.0
3,Noida,4,Cauliflower,2024-11-09,347.5,21.29,True,1.0
3,Noida,4,Cauliflower,2024-11-10,293.3,21.17,True,1.0
3,Noida,4,Cauliflower,2024-11-11,291.9,21.28,True,1.0
3,Noida,4,Cauliflower,2024-11-12,399.9,21.23,True,1.0
3,Noida,4,Cauliflower,2024-11-13,374.9,21.49,True,1.0
3,Noida,4,Cauliflower,2024-11-14,316.6,21.59,True,1.0
3,Noida,4,Cauliflower,2024-11-15,419.1,22.07,True,1.0
3,Noida,4,Cauliflower,2024-11-16,362.3,21.93,True,1.0
3,Noida,4,Cauliflower,2024-11-17,248.6,22.83,True,1.0
3,Noida,4,Cauliflower,2024-11-18,312.7,22.7,True,1.0
3,Noida,4,Cauliflower,2024-11-19,285.5,23.22,True,1.0
3,Noida,4,Cauliflower,2024-11-20,333.8,23.09,True,1.0
3,Noida,4,Cauliflower,2024-11-21,380.8,22.09,True,1.0
3,Noida,4,Cauliflower,2024-11-22,409.1,22.61,True,1.0
3,Noida,4,Cauliflower,2024-11-23,460.6,22.94,True,1.0
3,Noida,4,Cauliflower,2024-11-24,286.4,20.64,True,1.0
3,Noida,4,Cauliflower,2024-11-25,291.8,20.47,True,1.0
3,Noida,4,Cauliflower,2024-11-26,323.9,21.55,True,1.0
3,Noida,4,Cauliflower,2024-11-27,398.3,22.08,True,1.0
3,Noida,4,Cauliflower,2024-11-28,462.3,20.91,True,1.0
3,Noida,4,Cauliflower,2024-11-29,442.5,21.5,True,1.0
3,Noida,4,Cauliflower,2024-11-30,380.2,22.47,True,1.0
3,Noida,4,Cauliflower,2024-12-01,322.5,22.44,True,1.0
3,Noida,4,Cauliflower,2024-12-02,323.7,21.13,True,1.0
3,Noida,4,Cauliflower,2024-12-03,346.3,20.67,True,1.0
3,Noida,4,Cauliflower,2024-12-04,401.1,21.05,True,1.0
3,Noida,4,Cauliflower,2024-12-05,304.5,20.95,True,1.0
3,Noida,4,Cauliflower,2024-12-06,354.9,21.79,True,1.0
3,Noida,4,Cauliflower,2024-12-07,442.4,22.06,True,1.0
3,Noida,4,Cauliflower,2024-12-08,367.1,23.05,True,1.0
3,Noida,4,Cauliflower,2024-12-09,342.8,23.14,True,1.0
3,Noida,4,Cauliflower,2024-12-10,452.1,22.9,True,1.0
3,Noida,4,Cauliflower,2024-12-11,374.9,22.18,True,1.0
3,Noida,4,Cauliflower,2024-12-12,339.8,22.8,True,1.0
3,Noida,4,Cauliflower,2024-12-13,370.7,22.33,True,1.0
3,Noida,4,Cauliflower,2024-12-14,481.9,21.38,True,1.0
3,Noida,4,Cauliflower,2024-12-15,270.6,21.39,True,1.0
3,Noida,4,Cauliflower,2024-12-16,352.6,21.32,True,1.0
3,Noida,4,Cauliflower,2024-12-17,466.5,20.74,True,1.0
3,Noida,4,Cauliflower,2024-12-18,433.1,21.44,True,1.0
3,Noida,4,Cauliflower,2024-12-19,339.1,21.36,True,1.0
3,Noida,4,Cauliflower,2024-12-20,571.6,21.64,True,1.0
3,Noida,4,Cauliflower,2024-12-21,518.7,21.13,True,1.0
3,Noida,4,Cauliflower,2024-12-22,320.0,21.16,True,1.0
3,Noida,4,Cauliflower,2024-12-23,332.0,21.77,True,1.0
3,Noida,4,Cauliflower,2024-12-24,497.7,21.58,True,1.0
3,Noida,4,Cauliflower,2024-12-25,394.9,21.39,True,1.0
3,Noida,4,Cauliflower,2024-12-26,416.0,22.88,True,1.0
3,Noida,4,Cauliflower,2024-12-27,480.1,22.75,True,1.0
3,Noida,4,Cauliflower,2024-12-28,450.5,22.95,True,1.0
3,Noida,4,Cauliflower,2024-12-29,299.9,23.11,True,1.0
3,Noida,4,Cauliflower,2024-12-30,493.0,22.82,True,1.0
3,Noida,4,Cauliflower,2024-12-31,451.1,22.92,True,1.0
3,Noida,4,Cauliflower,2025-01-01,433.8,22.0,True,1.0
3,Noida,4,Cauliflower,2025-01-02,359.9,22.95,True,1.0
3,Noida,4,Cauliflower,2025-01-03,492.6,23.53,True,1.0
3,Noida,4,Cauliflower,2025-01-04,481.2,23.25,True,1.0
3,Noida,4,Cauliflower,2025-01-05,361.6,22.95,True,1.0
3,Noida,4,Cauliflower,2025-01-06,466.5,21.97,True,1.0
3,Noida,4,Cauliflower,2025-01-07,480.6,22.76,True,1.0
3,Noida,4,Cauliflower,2025-01-08,456.8,22.51,True,1.0
3,Noida,4,Cauliflower,2025-01-09,523.5,22.91,True,1.0
3,Noida,4,Cauliflower,2025-01-10,458.4,21.9,True,1.0
3,Noida,4,Cauliflower,2025-01-11,560.3,22.54,True,1.0
3,Noida,4,Cauliflower,2025-01-12,388.5,22.49,True,1.0
3,Noida,4,Cauliflower,2025-01-13,392.1,22.6,True,1.0
3,Noida,4,Cauliflower,2025-01-14,494.8,21.8,True,1.0
3,Noida,4,Cauliflower,2025-01-15,554.3,22.59,True,1.0
3,Noida,4,Cauliflower,2025-01-16,482.1,22.34,True,1.0
3,Noida,4,Cauliflower,2025-01-17,474.9,22.55,True,1.0
3,Noida,4,Cauliflower,2025-01-18,514.2,23.29,True,1.0
3,Noida,4,Cauliflower,2025-01-19,403.8,23.25,True,1.0
3,Noida,4,Cauliflower,2025-01-20,337.2,24.66,True,1.0
3,Noida,4,Cauliflower,2025-01-21,504.8,23.69,True,1.0
3,Noida,4,Cauliflower,2025-01-22,538.1,23.83,True,1.0
3,Noida,4,Cauliflower,2025-01-23,531.8,24.07,True,1.0
3,Noida,4,Cauliflower,2025-01-24,580.5,23.3,True,1.0
3,Noida,4,Cauliflower,2025-01-25,584.2,23.53,True,1.0
3,Noida,4,Cauliflower,2025-01-26,311.0,23.53,True,1.0
3,Noida,4,Cauliflower,2025-01-27,450.8,23.84,True,1.0
3,Noida,4,Cauliflower,2025-01-28,504.8,24.25,True,1.0
3,Noida,4,Cauliflower,2025-01-29,428.2,25.25,True,1.0
3,Noida,4,Cauliflower,2025-01-30,478.6,25.19,True,1.0
3,Noida,4,Cauliflower,2025-01-31,684.0,25.36,True,1.0
3,Noida,4,Cauliflower,2025-02-01,536.6,26.22,True,1.0
3,Noida,4,Cauliflower,2025-02-02,395.7,24.61,True,1.0
3,Noida,4,Cauliflower,2025-02-03,513.0,24.47,True,1.0
3,Noida,4,Cauliflower,2025-02-04,439.7,24.62,True,1.0
3,Noida,4,Cauliflower,2025-02-05,480.4,23.66,True,1.0
3,Noida,4,Cauliflower,2025-02-06,637.2,24.13,True,1.0
3,Noida,4,Cauliflower,2025-02-07,731.5,22.86,True,1.0
3,Noida,4,Cauliflower,2025-02-08,588.6,24.05,True,1.0
3,Noida,4,Cauliflower,2025-02-09,424.3,23.44,True,1.0
3,Noida,4,Cauliflower,2025-02-10,446.1,23.2,True,1.0
3,Noida,4,Cauliflower,2025-02-11,435.6,24.27,True,1.0
3,Noida,4,Cauliflower,2025-02-12,395.6,23.55,True,1.0
3,Noida,4,Cauliflower,2025-02-13,484.5,25.69,True,1.0
3,Noida,4,Cauliflower,2025-02-14,492.3,25.86,True,1.0
3,Noida,4,Cauliflower,2025-02-15,605.3,25.86,True,1.0
3,Noida,4,Cauliflower,2025-02-16,460.6,26.87,True,1.0
3,Noida,4,Cauliflower,2025-02-17,638.1,26.64,True,1.0
3,Noida,4,Cauliflower,2025-02-18,545.7,26.76,True,1.0
3,Noida,4,Cauliflower,2025-02-19,421.1,26.58,True,1.0
3,Noida,4,Cauliflower,2025-02-20,516.0,26.22,True,1.0
3,Noida,4,Cauliflower,2025-02-21,472.8,26.67,True,1.0
3,Noida,4,Cauliflower,2025-02-22,523.8,27.14,True,1.0
3,Noida,4,Cauliflower,2025-02-23,389.1,26.13,True,1.0
3,Noida,4,Cauliflower,2025-02-24,431.7,25.77,True,1.0
3,Noida,4,Cauliflower,2025-02-25,439.0,25.72,True,1.0
3,Noida,4,Cauliflower,2025-02-26,414.5,26.18,True,1.0
3,Noida,4,Cauliflower,2025-02-27,486.2,26.83,True,1.0
3,Noida,4,Cauliflower,2025-02-28,448.1,28.77,True,1.0
3,Noida,4,Cauliflower,2025-03-01,621.2,28.68,True,1.0
3,Noida,4,Cauliflower,2025-03-02,389.6,28.28,True,1.0
3,Noida,4,Cauliflower,2025-03-03,439.4,27.61,True,1.0
3,Noida,4,Cauliflower,2025-03-04,408.4,28.54,True,1.0
3,Noida,4,Cauliflower,2025-03-05,519.4,28.42,True,1.0
3,Noida,4,Cauliflower,2025-03-06,444.7,28.67,True,1.0
3,Noida,4,Cauliflower,2025-03-07,474.3,28.59,True,1.0
3,Noida,4,Cauliflower,2025-03-08,577.2,29.03,True,1.0
3,Noida,4,Cauliflower,2025-03-09,475.2,29.32,True,1.0
3,Noida,4,Cauliflower,2025-03-10,408.3,29.47,True,1.0
3,Noida,4,Cauliflower,2025-03-12,498.8,29.29,True,1.0
3,Noida,4,Cauliflower,2025-03-13,503.6,29.56,True,1.0
3,Noida,4,Cauliflower,2025-03-14,470.7,27.89,True,1.0
3,Noida,4,Cauliflower,2025-03-15,431.3,28.3,True,1.0
3,Noida,4,Cauliflower,2025-03-16,451.8,29.46,True,1.0
3,Noida,4,Cauliflower,2025-03-17,473.0,29.1,True,1.0
3,Noida,4,Cauliflower,2025-03-18,484.3,27.58,True,1.0
3,Noida,4,Cauliflower,2025-03-19,457.3,27.14,True,1.0
3,Noida,4,Cauliflower,2025-03-20,462.0,28.01,True,1.0
3,Noida,4,Cauliflower,2025-03-21,513.4,28.02,True,1.0
3,Noida,4,Cauliflower,2025-03-22,492.5,28.76,True,1.0
3,Noida,4,Cauliflower,2025-03-23,411.0,29.19,True,1.0
3,Noida,4,Cauliflower,2025-03-24,475.9,29.15,True,1.0
3,Noida,4,Cauliflower,2025-03-25,465.5,28.78,True,1.0
3,Noida,4,Cauliflower,2025-03-26,425.4,29.48,True,1.0
3,Noida,4,Cauliflower,2025-03-27,405.6,29.9,True,1.0
3,Noida,4,Cauliflower,2025-03-28,541.0,30.07,True,1.0
3,Noida,4,Cauliflower,2025-03-29,577.0,31.09,True,1.0
3,Noida,4,Cauliflower,2025-03-30,506.0,31.25,True,1.0
3,Noida,4,Cauliflower,2025-03-31,326.0,30.69,True,1.0
3,Noida,4,Cauliflower,2025-04-01,487.1,30.54,True,1.0
3,Noida,4,Cauliflower,2025-04-02,332.8,30.73,True,1.0
3,Noida,4,Cauliflower,2025-04-03,433.3,31.05,True,1.0
3,Noida,4,Cauliflower,2025-04-04,421.2,32.41,True,1.0
3,Noida,4,Cauliflower,2025-04-06,408.6,32.71,True,1.0
3,Noida,4,Cauliflower,2025-04-07,479.6,31.52,True,1.0
3,Noida,4,Cauliflower,2025-04-08,495.8,31.16,True,1.0
3,Noida,4,Cauliflower,2025-04-09,389.1,31.8,True,1.0
3,Noida,4,Cauliflower,2025-04-10,346.6,32.67,True,1.0
3,Noida,4,Cauliflower,2025-04-11,485.6,32.16,True,1.0
3,Noida,4,Cauliflower,2025-04-13,356.2,32.04,True,1.0
3,Noida,4,Cauliflower,2025-04-14,421.1,32.75,True,1.0
3,Noida,4,Cauliflower,2025-04-15,420.3,33.69,True,1.0
3,Noida,4,Cauliflower,2025-04-16,487.7,32.78,True,1.0
3,Noida,4,Cauliflower,2025-04-17,441.6,33.08,True,1.0
3,Noida,4,Cauliflower,2025-04-18,423.3,31.51,True,1.0
3,Noida,4,Cauliflower,2025-04-19,491.8,31.83,True,1.0
3,Noida,4,Cauliflower,2025-04-20,323.0,32.85,True,1.0
3,Noida,4,Cauliflower,2025-04-21,383.8,34.35,True,1.0
3,Noida,4,Cauliflower,2025-04-22,422.0,34.29,True,1.0
3,Noida,4,Cauliflower,2025-04-23,386.2,33.74,True,1.0
3,Noida,4,Cauliflower,2025-04-24,412.0,32.29,True,1.0
3,Noida,4,Cauliflower,2025-04-25,456.0,32.83,True,1.0
3,Noida,4,Cauliflower,2025-04-26,560.6,33.63,True,1.0
3,Noida,4,Cauliflower,2025-04-27,329.8,34.59,True,1.0
3,Noida,4,Cauliflower,2025-04-28,378.9,34.53,True,1.0
3,Noida,4,Cauliflower,2025-04-29,462.4,33.35,True,1.0
3,Noida,4,Cauliflower,2025-04-30,443.3,34.0,True,1.0
3,Noida,4,Cauliflower,2025-05-01,468.1,35.62,True,1.0
3,Noida,4,Cauliflower,2025-05-02,418.5,34.83,True,1.0
3,Noida,4,Cauliflower,2025-05-03,635.8,33.77,True,1.0
3,Noida,4,Cauliflower,2025-05-04,335.3,33.52,True,1.0
3,Noida,4,Cauliflower,2025-05-06,414.0,33.29,True,1.0
3,Noida,4,Cauliflower,2025-05-07,389.5,34.23,True,1.0
3,Noida,4,Cauliflower,2025-05-08,345.9,34.65,True,1.0
3,Noida,4,Cauliflower,2025-05-09,349.7,34.2,True,1.0
3,Noida,4,Cauliflower,2025-05-10,482.7,34.21,True,1.0
3,Noida,4,Cauliflower,2025-05-11,351.0,32.78,True,1.0
3,Noida,4,Cauliflower,2025-05-12,419.2,33.56,True,1.0
3,Noida,4,Cauliflower,2025-05-13,383.3,32.5,True,1.0
3,Noida,4,Cauliflower,2025-05-14,481.7,32.82,True,1.0
3,Noida,4,Cauliflower,2025-05-15,396.1,32.88,True,1.0
3,Noida,4,Cauliflower,2025-05-16,380.9,33.82,True,1.0
3,Noida,4,Cauliflower,2025-05-17,479.0,33.62,True,1.0
3,Noida,4,Cauliflower,2025-05-18,287.6,33.87,True,1.0
3,Noida,4,Cauliflower,2025-05-19,419.9,35.59,True,1.0
3,Noida,4,Cauliflower,2025-05-20,342.4,33.77,True,1.0
3,Noida,4,Cauliflower,2025-05-21,407.2,34.15,True,1.0
3,Noida,4,Cauliflower,2025-05-22,349.6,35.18,True,1.0
3,Noida,4,Cauliflower,2025-05-23,373.8,34.43,True,1.0
3,Noida,4,Cauliflower,2025-05-24,380.6,34.55,True,1.0
3,Noida,4,Cauliflower,2025-05-25,283.2,33.3,True,1.0
3,Noida,4,Cauliflower,2025-05-26,386.9,32.23,True,1.0
3,Noida,4,Cauliflower,2025-05-27,311.3,33.68,True,1.0
3,Noida,4,Cauliflower,2025-05-28,346.0,33.7,True,1.0
3,Noida,4,Cauliflower,2025-05-29,318.6,32.79,True,1.0
3,Noida,4,Cauliflower,2025-05-30,306.2,32.95,True,1.0
3,Noida,4,Cauliflower,2025-05-31,455.8,34.09,True,1.0
3,Noida,4,Cauliflower,2025-06-01,302.6,34.87,True,1.0
3,Noida,4,Cauliflower,2025-06-02,377.7,35.93,True,1.0
3,Noida,4,Cauliflower,2025-06-03,338.8,35.1,True,1.0
3,Noida,4,Cauliflower,2025-06-04,363.0,34.41,True,1.0
3,Noida,4,Cauliflower,2025-06-05,327.0,34.87,True,1.0
3,Noida,4,Cauliflower,2025-06-06,324.2,35.88,True,1.0
3,Noida,4,Cauliflower,2025-06-07,342.1,35.19,True,1.0
3,Noida,4,Cauliflower,2025-06-08,324.0,36.06,True,1.0
3,Noida,4,Cauliflower,2025-06-09,376.6,35.34,True,1.0
3,Noida,4,Cauliflower,2025-06-10,299.9,37.29,True,1.0
3,Noida,4,Cauliflower,2025-06-11,373.6,34.78,True,1.0
3,Noida,4,Cauliflower,2025-06-12,413.2,36.34,True,1.0
3,Noida,4,Cauliflower,2025-06-13,382.7,34.35,True,1.0
3,Noida,4,Cauliflower,2025-06-14,308.0,35.7,True,1.0
3,Noida,4,Cauliflower,2025-06-15,289.7,35.49,True,1.0
3,Noida,4,Cauliflower,2025-06-16,293.7,34.79,True,1.0
3,Noida,4,Cauliflower,2025-06-17,256.9,33.86,True,1.0
3,Noida,4,Cauliflower,2025-06-18,313.2,33.2,True,1.0
3,Noida,4,Cauliflower,2025-06-19,352.3,34.27,True,1.0
3,Noida,4,Cauliflower,2025-06-20,389.2,34.82,True,1.0
3,Noida,4,Cauliflower,2025-06-21,303.5,34.54,True,1.0
3,Noida,4,Cauliflower,2025-06-22,256.8,34.5,True,1.0
3,Noida,4,Cauliflower,2025-06-23,371.3,33.64,True,1.0
3,Noida,4,Cauliflower,2025-06-24,287.4,33.74,True,1.0
3,Noida,4,Cauliflower,2025-06-25,277.4,34.8,True,1.0
3,Noida,4,Cauliflower,2025-06-26,259.5,33.77,True,1.0
3,Noida,4,Cauliflower,2025-06-27,318.3,34.43,True,1.0
3,Noida,4,Cauliflower,2025-06-28,472.1,33.92,True,1.0
3,Noida,4,Cauliflower,2025-06-29,276.8,32.55,True,1.0
3,Noida,4,Cauliflower,2025-06-30,254.8,34.03,True,1.0
3,Noida,4,Cauliflower,2025-07-01,302.0,32.73,True,1.0
3,Noida,4,Cauliflower,2025-07-02,280.8,32.67,True,1.0
3,Noida,4,Cauliflower,2025-07-03,234.9,34.08,True,1.0
3,Noida,4,Cauliflower,2025-07-04,374.6,33.27,True,1.0
3,Noida,4,Cauliflower,2025-07-05,286.4,34.35,True,1.0
3,Noida,4,Cauliflower,2025-07-06,226.3,33.74,True,1.0
3,Noida,4,Cauliflower,2025-07-07,238.2,33.64,True,1.0
3,Noida,4,Cauliflower,2025-07-08,311.6,35.5,True,1.0
3,Noida,4,Cauliflower,2025-07-09,317.1,36.06,True,1.0
3,Noida,4,Cauliflower,2025-07-10,258.5,35.36,True,1.0
3,Noida,4,Cauliflower,2025-07-11,251.7,34.13,True,1.0
3,Noida,4,Cauliflower,2025-07-12,277.8,33.92,True,1.0
3,Noida,4,Cauliflower,2025-07-13,182.8,35.36,True,1.0
3,Noida,4,Cauliflower,2025-07-14,267.1,36.92,True,1.0
3,Noida,4,Cauliflower,2025-07-15,246.2,35.11,True,1.0
3,Noida,4,Cauliflower,2025-07-16,272.8,35.93,True,1.0
3,Noida,4,Cauliflower,2025-07-17,222.3,33.48,True,1.0
3,Noida,4,Cauliflower,2025-07-18,262.6,33.86,True,1.0
3,Noida,4,Cauliflower,2025-07-19,321.5,33.9,True,1.0
3,Noida,4,Cauliflower,2025-07-20,255.5,34.56,True,1.0
3,Noida,4,Cauliflower,2025-07-21,246.4,33.17,True,1.0
3,Noida,4,Cauliflower,2025-07-22,270.3,33.12,True,1.0
3,Noida,4,Cauliflower,2025-07-23,241.3,31.21,True,1.0
3,Noida,4,Cauliflower,2025-07-24,276.6,30.99,True,1.0
3,Noida,4,Cauliflower,2025-07-25,254.7,31.36,True,1.0
3,Noida,4,Cauliflower,2025-07-26,292.2,31.78,True,1.0
3,Noida,4,Cauliflower,2025-07-27,204.5,34.52,True,1.0
3,Noida,4,Cauliflower,2025-07-28,255.2,33.25,True,1.0
3,Noida,4,Cauliflower,2025-07-29,218.1,32.86,True,1.0
3,Noida,4,Cauliflower,2025-07-30,222.3,31.48,True,1.0
3,Noida,4,Cauliflower,2025-07-31,207.5,29.89,True,1.0
3,Noida,4,Cauliflower,2025-08-01,273.4,31.18,True,1.0
3,Noida,4,Cauliflower,2025-08-02,257.2,32.1,True,1.0
3,Noida,4,Cauliflower,2025-08-03,196.9,30.66,True,1.0
3,Noida,4,Cauliflower,2025-08-04,235.6,29.39,True,1.0
3,Noida,4,Cauliflower,2025-08-05,207.7,29.38,True,1.0
3,Noida,4,Cauliflower,2025-08-06,291.4,31.34,True,1.0
3,Noida,4,Cauliflower,2025-08-07,274.9,29.93,True,1.0
3,Noida,4,Cauliflower,2025-08-08,300.3,30.8,True,1.0
3,Noida,4,Cauliflower,2025-08-09,238.2,30.91,True,1.0
3,Noida,4,Cauliflower,2025-08-11,216.0,30.04,True,1.0
3,Noida,4,Cauliflower,2025-08-12,257.6,30.37,True,1.0
3,Noida,4,Cauliflower,2025-08-13,221.3,30.09,True,1.0
3,Noida,4,Cauliflower,2025-08-14,247.1,29.78,True,1.0
3,Noida,4,Cauliflower,2025-08-15,243.6,29.7,True,1.0
3,Noida,4,Cauliflower,2025-08-16,313.1,30.75,True,1.0
3,Noida,4,Cauliflower,2025-08-17,171.4,30.67,True,1.0
3,Noida,4,Cauliflower,2025-08-18,206.1,30.45,True,1.0
3,Noida,4,Cauliflower,2025-08-19,228.1,31.42,True,1.0
3,Noida,4,Cauliflower,2025-08-20,204.4,30.61,True,1.0
3,Noida,4,Cauliflower,2025-08-21,226.5,31.51,True,1.0
3,Noida,4,Cauliflower,2025-08-22,244.5,30.24,True,1.0
3,Noida,4,Cauliflower,2025-08-23,240.6,30.38,True,1.0
3,Noida,4,Cauliflower,2025-08-24,232.4,29.7,True,1.0
3,Noida,4,Cauliflower,2025-08-25,237.6,29.42,True,1.0
3,Noida,4,Cauliflower,2025-08-26,265.7,28.71,True,1.0
3,Noida,4,Cauliflower,2025-08-27,223.7,28.47,True,1.0
3,Noida,4,Cauliflower,2025-08-28,229.4,27.94,True,1.0
3,Noida,4,Cauliflower,2025-08-29,244.6,28.43,True,1.0
3,Noida,4,Cauliflower,2025-08-30,299.0,27.75,True,1.0
3,Noida,4,Cauliflower,2025-08-31,219.5,28.33,True,1.0
3,Noida,4,Cauliflower,2025-09-01,230.5,30.23,True,1.0
3,Noida,4,Cauliflower,2025-09-02,243.4,28.26,True,1.0
3,Noida,4,Cauliflower,2025-09-03,221.8,26.3,True,1.0
3,Noida,4,Cauliflower,2025-09-04,238.4,25.99,True,1.0
3,Noida,4,Cauliflower,2025-09-05,269.1,27.05,True,1.0
3,Noida,4,Cauliflower,2025-09-06,264.3,26.65,True,1.0
3,Noida,4,Cauliflower,2025-09-07,191.9,27.32,True,1.0
3,Noida,4,Cauliflower,2025-09-08,305.6,28.07,True,1.0
3,Noida,4,Cauliflower,2025-09-09,246.8,27.6,True,1.0
3,Noida,4,Cauliflower,2025-09-10,209.3,28.14,True,1.0
3,Noida,4,Cauliflower,2025-09-11,280.1,26.03,True,1.0
3,Noida,4,Cauliflower,2025-09-12,235.1,26.9,True,1.0
3,Noida,4,Cauliflower,2025-09-13,303.4,27.47,True,1.0
3,Noida,4,Cauliflower,2025-09-14,164.7,27.13,True,1.0
3,Noida,4,Cauliflower,2025-09-15,212.4,27.72,True,1.0
3,Noida,4,Cauliflower,2025-09-16,243.1,28.45,True,1.0
3,Noida,4,Cauliflower,2025-09-17,250.9,29.35,True,1.0
3,Noida,4,Cauliflower,2025-09-18,269.7,29.96,True,1.0
3,Noida,4,Cauliflower,2025-09-20,343.7,27.77,True,1.0
3,Noida,4,Cauliflower,2025-09-21,213.0,27.1,True,1.0
3,Noida,4,Cauliflower,2025-09-22,281.9,24.71,True,1.0
3,Noida,4,Cauliflower,2025-09-23,217.1,25.47,True,1.0
3,Noida,4,Cauliflower,2025-09-24,283.9,27.24,True,1.0
3,Noida,4,Cauliflower,2025-09-25,288.0,27.09,True,1.0
3,Noida,4,Cauliflower,2025-09-26,229.1,25.47,True,1.0
3,Noida,4,Cauliflower,2025-09-27,281.5,24.66,True,1.0
3,Noida,4,Cauliflower,2025-09-28,264.4,24.12,True,1.0
3,Noida,4,Cauliflower,2025-09-29,230.3,25.54,True,1.0
3,Noida,4,Cauliflower,2025-09-30,229.3,25.69,True,1.0
3,Noida,4,Cauliflower,2025-10-01,215.7,25.86,True,1.0
3,Noida,4,Cauliflower,2025-10-02,228.2,25.74,True,1.0
3,Noida,4,Cauliflower,2025-10-03,275.3,24.57,True,1.0
3,Noida,4,Cauliflower,2025-10-04,308.7,23.87,True,1.0
3,Noida,4,Cauliflower,2025-10-05,225.9,24.48,True,1.0
3,Noida,4,Cauliflower,2025-10-06,224.8,24.46,True,1.0
3,Noida,4,Cauliflower,2025-10-07,282.7,23.1,True,1.0
3,Noida,4,Cauliflower,2025-10-08,325.1,23.9,True,1.0
3,Noida,4,Cauliflower,2025-10-09,263.0,24.89,True,1.0
3,Noida,4,Cauliflower,2025-10-10,281.9,24.57,True,1.0
3,Noida,4,Cauliflower,2025-10-11,302.3,24.1,True,1.0
3,Noida,4,Cauliflower,2025-10-12,208.5,24.92,True,1.0
3,Noida,4,Cauliflower,2025-10-13,324.8,24.36,True,1.0
3,Noida,4,Cauliflower,2025-10-14,241.6,23.67,True,1.0
3,Noida,4,Cauliflower,2025-10-15,312.6,22.57,True,1.0
3,Noida,4,Cauliflower,2025-10-16,314.1,22.46,True,1.0
3,Noida,4,Cauliflower,2025-10-17,288.2,23.93,True,1.0
3,Noida,4,Cauliflower,2025-10-18,294.6,24.48,True,1.0
3,Noida,4,Cauliflower,2025-10-19,189.9,24.12,True,1.0
3,Noida,4,Cauliflower,2025-10-20,306.5,23.76,True,1.0
3,Noida,4,Cauliflower,2025-10-21,264.3,24.17,True,1.0
3,Noida,4,Cauliflower,2025-10-22,402.6,23.82,True,1.0
3,Noida,4,Cauliflower,2025-10-23,292.3,22.65,True,1.0
3,Noida,4,Cauliflower,2025-10-24,317.7,22.74,True,1.0
3,Noida,4,Cauliflower,2025-10-25,302.3,22.81,True,1.0
3,Noida,4,Cauliflower,2025-10-26,256.8,22.72,True,1.0
3,Noida,4,Cauliflower,2025-10-27,337.3,22.8,True,1.0
3,Noida,4,Cauliflower,2025-10-28,261.1,22.23,True,1.0
3,Noida,4,Cauliflower,2025-10-29,252.6,22.35,True,1.0
3,Noida,4,Cauliflower,2025-10-30,326.5,21.31,True,1.0
3,Noida,4,Cauliflower,2025-10-31,320.4,21.01,True,1.0
3,Noida,4,Cauliflower,2025-11-01,324.7,21.18,True,1.0
3,Noida,4,Cauliflower,2025-11-02,282.4,21.81,True,1.0
3,Noida,4,Cauliflower,2025-11-03,257.8,21.68,True,1.0
3,Noida,4,Cauliflower,2025-11-04,256.2,22.03,True,1.0
3,Noida,4,Cauliflower,2025-11-05,340.2,22.64,True,1.0
3,Noida,4,Cauliflower,2025-11-06,308.4,23.99,True,1.0
3,Noida,4,Cauliflower,2025-11-07,369.9,23.11,True,1.0
3,Noida,4,Cauliflower,2025-11-08,323.1,22.27,True,1.0
3,Noida,4,Cauliflower,2025-11-09,272.6,22.12,True,1.0
3,Noida,4,Cauliflower,2025-11-10,296.2,22.1,True,1.0
3,Noida,4,Cauliflower,2025-11-11,316.9,22.29,True,1.0
3,Noida,4,Cauliflower,2025-11-12,383.3,22.58,True,1.0
3,Noida,4,Cauliflower,2025-11-13,319.7,22.08,True,1.0
3,Noida,4,Cauliflower,2025-11-14,421.3,22.35,True,1.0
3,Noida,4,Cauliflower,2025-11-15,290.0,22.13,True,1.0
3,Noida,4,Cauliflower,2025-11-16,328.0,22.69,True,1.0
3,Noida,4,Cauliflower,2025-11-17,303.4,22.11,True,1.0
3,Noida,4,Cauliflower,2025-11-18,338.3,21.96,True,1.0
3,Noida,4,Cauliflower,2025-11-19,387.2,21.93,True,1.0
3,Noida,4,Cauliflower,2025-11-20,349.7,22.45,True,1.0
3,Noida,4,Cauliflower,2025-11-21,350.8,22.09,True,1.0
3,Noida,4,Cauliflower,2025-11-22,439.1,21.19,True,1.0
3,Noida,4,Cauliflower,2025-11-23,273.1,20.2,True,1.0
3,Noida,4,Cauliflower,2025-11-25,347.9,21.52,True,1.0
3,Noida,4,Cauliflower,2025-11-26,470.0,22.46,True,1.0
3,Noida,4,Cauliflower,2025-11-27,380.7,22.12,True,1.0
3,Noida,4,Cauliflower,2025-11-28,367.8,21.88,True,1.0
3,Noida,4,Cauliflower,2025-11-29,513.8,21.77,True,1.0
3,Noida,4,Cauliflower,2025-11-30,333.4,21.25,True,1.0
3,Noida,4,Cauliflower,2025-12-01,340.4,20.79,True,1.0
3,Noida,4,Cauliflower,2025-12-02,326.4,21.16,True,1.0
3,Noida,4,Cauliflower,2025-12-03,386.5,21.87,True,1.0
3,Noida,4,Cauliflower,2025-12-04,357.7,22.03,True,1.0
3,Noida,4,Cauliflower,2025-12-05,415.2,21.46,True,1.0
3,Noida,4,Cauliflower,2025-12-06,457.0,21.63,True,1.0
3,Noida,4,Cauliflower,2025-12-07,297.8,21.59,True,1.0
3,Noida,4,Cauliflower,2025-12-08,293.1,21.12,True,1.0
3,Noida,4,Cauliflower,2025-12-09,430.9,20.41,True,1.0
3,Noida,4,Cauliflower,2025-12-10,431.4,20.16,True,1.0
3,Noida,4,Cauliflower,2025-12-11,469.7,21.18,True,1.0
3,Noida,4,Cauliflower,2025-12-12,471.2,21.35,True,1.0
3,Noida,4,Cauliflower,2025-12-13,568.8,20.95,True,1.0
3,Noida,4,Cauliflower,2025-12-14,330.5,21.09,True,1.0
3,Noida,4,Cauliflower,2025-12-15,467.9,21.52,True,1.0
3,Noida,4,Cauliflower,2025-12-16,380.3,21.13,True,1.0
3,Noida,4,Cauliflower,2025-12-17,461.5,20.74,True,1.0
3,Noida,4,Cauliflower,2025-12-18,473.1,19.89,True,1.0
3,Noida,4,Cauliflower,2025-12-19,437.2,20.98,True,1.0
3,Noida,4,Cauliflower,2025-12-20,575.7,21.48,True,1.0
3,Noida,4,Cauliflower,2025-12-21,323.4,21.89,True,1.0
3,Noida,4,Cauliflower,2025-12-22,368.0,22.13,True,1.0
3,Noida,4,Cauliflower,2025-12-23,471.7,20.72,True,1.0
3,Noida,4,Cauliflower,2025-12-24,445.9,21.05,True,1.0
3,Noida,4,Cauliflower,2025-12-25,415.5,21.5,True,1.0
3,Noida,4,Cauliflower,2025-12-26,447.4,21.6,True,1.0
3,Noida,4,Cauliflower,2025-12-27,468.5,20.24,True,1.0
3,Noida,4,Cauliflower,2025-12-28,394.5,20.62,True,1.0
3,Noida,4,Cauliflower,2025-12-29,490.1,20.82,True,1.0
3,Noida,4,Cauliflower,2025-12-30,464.8,21.78,True,1.0
3,Noida,4,Cauliflower,2025-12-31,529.9,21.76,True,1.0
3,Noida,4,Cauliflower,2026-01-01,445.8,21.53,True,1.0
3,Noida,4,Cauliflower,2026-01-02,447.6,21.37,True,1.0
3,Noida,4,Cauliflower,2026-01-03,564.5,22.05,True,1.0
3,Noida,4,Cauliflower,2026-01-04,302.5,22.52,True,1.0
3,Noida,4,Cauliflower,2026-01-05,407.0,22.31,True,1.0
3,Noida,4,Cauliflower,2026-01-06,527.8,22.06,True,1.0
3,Noida,4,Cauliflower,2026-01-07,483.7,20.75,True,1.0
3,Noida,4,Cauliflower,2026-01-08,427.6,20.05,True,1.0
3,Noida,4,Cauliflower,2026-01-09,495.5,20.28,True,1.0
3,Noida,4,Cauliflower,2026-01-10,559.9,20.87,True,1.0
3,Noida,4,Cauliflower,2026-01-11,386.8,20.92,True,1.0
3,Noida,4,Cauliflower,2026-01-12,410.5,20.55,True,1.0
3,Noida,4,Cauliflower,2026-01-13,468.2,21.19,True,1.0
3,Noida,4,Cauliflower,2026-01-14,478.2,21.68,True,1.0
3,Noida,4,Cauliflower,2026-01-15,410.3,22.91,True,1.0
3,Noida,4,Cauliflower,2026-01-16,406.2,22.73,True,1.0
3,Noida,4,Cauliflower,2026-01-17,595.5,22.7,True,1.0
3,Noida,4,Cauliflower,2026-01-18,431.1,22.4,True,1.0
3,Noida,4,Cauliflower,2026-01-19,473.7,24.43,True,1.0
3,Noida,4,Cauliflower,2026-01-20,560.6,24.57,True,1.0
3,Noida,4,Cauliflower,2026-01-21,325.8,23.68,True,1.0
3,Noida,4,Cauliflower,2026-01-22,582.8,22.36,True,1.0
3,Noida,4,Cauliflower,2026-01-23,468.4,21.93,True,1.0
3,Noida,4,Cauliflower,2026-01-24,615.9,21.89,True,1.0
3,Noida,4,Cauliflower,2026-01-25,415.3,21.61,True,1.0
3,Noida,4,Cauliflower,2026-01-26,543.2,22.22,True,1.0
3,Noida,4,Cauliflower,2026-01-27,551.8,22.11,True,1.0
3,Noida,4,Cauliflower,2026-01-28,555.0,21.69,True,1.0
3,Noida,4,Cauliflower,2026-01-29,513.3,22.84,True,1.0
3,Noida,4,Cauliflower,2026-01-30,458.5,22.29,True,1.0
3,Noida,4,Cauliflower,2026-01-31,470.9,21.31,True,1.0
3,Noida,4,Cauliflower,2026-02-01,400.2,22.84,True,1.0
3,Noida,4,Cauliflower,2026-02-02,427.8,24.6,True,1.0
3,Noida,4,Cauliflower,2026-02-03,461.7,24.68,True,1.0
3,Noida,4,Cauliflower,2026-02-04,479.1,25.23,True,1.0
3,Noida,4,Cauliflower,2026-02-05,544.5,25.65,True,1.0
3,Noida,4,Cauliflower,2026-02-06,573.3,27.25,True,1.0
3,Noida,4,Cauliflower,2026-02-07,506.3,25.88,True,1.0
3,Noida,4,Cauliflower,2026-02-08,362.3,25.37,True,1.0
3,Noida,4,Cauliflower,2026-02-09,493.5,25.07,True,1.0
3,Noida,4,Cauliflower,2026-02-10,495.7,25.25,True,1.0
3,Noida,4,Cauliflower,2026-02-11,436.5,25.21,True,1.0
3,Noida,4,Cauliflower,2026-02-12,539.3,25.31,True,1.0
3,Noida,4,Cauliflower,2026-02-13,628.0,25.58,True,1.0
3,Noida,4,Cauliflower,2026-02-14,702.3,27.19,True,1.0
3,Noida,4,Cauliflower,2026-02-15,496.5,27.07,True,1.0
3,Noida,4,Cauliflower,2026-02-16,490.3,27.45,True,1.0
3,Noida,4,Cauliflower,2026-02-17,502.8,27.62,True,1.0
3,Noida,4,Cauliflower,2026-02-18,496.6,27.54,True,1.0
3,Noida,4,Cauliflower,2026-02-19,529.5,27.03,True,1.0
3,Noida,4,Cauliflower,2026-02-20,429.7,27.55,True,1.0
3,Noida,4,Cauliflower,2026-02-21,617.2,25.98,True,1.0
3,Noida,4,Cauliflower,2026-02-22,450.2,27.43,True,1.0
3,Noida,4,Cauliflower,2026-02-23,432.7,27.83,True,1.0
3,Noida,4,Cauliflower,2026-02-24,478.6,27.7,True,1.0
3,Noida,4,Cauliflower,2026-02-25,595.8,27.55,True,1.0
3,Noida,4,Cauliflower,2026-02-26,538.1,27.67,True,1.0
3,Noida,4,Cauliflower,2026-02-27,545.3,28.26,True,1.0
3,Noida,4,Cauliflower,2026-02-28,602.3,28.43,True,1.0
3,Noida,4,Cauliflower,2026-03-01,416.0,29.34,True,1.0
3,Noida,4,Cauliflower,2026-03-02,610.1,30.33,True,1.0
3,Noida,4,Cauliflower,2026-03-03,480.0,30.54,True,1.0
3,Noida,4,Cauliflower,2026-03-04,501.3,28.53,True,1.0
3,Noida,4,Cauliflower,2026-03-05,481.4,28.01,True,1.0
3,Noida,4,Cauliflower,2026-03-06,515.4,28.89,True,1.0
3,Noida,4,Cauliflower,2026-03-07,677.6,30.56,True,1.0
3,Noida,4,Cauliflower,2026-03-08,400.8,29.44,True,1.0
3,Noida,4,Cauliflower,2026-03-09,428.2,29.71,True,1.0
3,Noida,4,Cauliflower,2026-03-10,446.6,30.48,True,1.0
3,Noida,4,Cauliflower,2026-03-11,537.1,30.08,True,1.0
3,Noida,4,Cauliflower,2026-03-12,445.9,28.74,True,1.0
3,Noida,4,Cauliflower,2026-03-13,539.6,30.51,True,1.0
3,Noida,4,Cauliflower,2026-03-14,656.6,29.39,True,1.0
3,Noida,4,Cauliflower,2026-03-15,336.1,28.77,True,1.0
3,Noida,4,Cauliflower,2026-03-16,384.0,29.2,True,1.0
3,Noida,4,Cauliflower,2026-03-17,472.8,29.36,True,1.0
3,Noida,4,Cauliflower,2026-03-18,469.4,28.7,True,1.0
3,Noida,4,Cauliflower,2026-03-19,536.1,30.46,True,1.0
3,Noida,4,Cauliflower,2026-03-20,499.2,30.75,True,1.0
3,Noida,4,Cauliflower,2026-03-21,543.4,31.34,True,1.0
3,Noida,4,Cauliflower,2026-03-22,386.7,30.94,True,1.0
3,Noida,4,Cauliflower,2026-03-23,462.4,30.73,True,1.0
3,Noida,4,Cauliflower,2026-03-24,427.3,31.81,True,1.0
3,Noida,4,Cauliflower,2026-03-25,448.4,30.94,True,1.0
3,Noida,4,Cauliflower,2026-03-26,477.2,30.53,True,1.0
3,Noida,4,Cauliflower,2026-03-27,509.8,30.99,True,1.0
3,Noida,4,Cauliflower,2026-03-28,619.2,31.75,True,1.0
3,Noida,4,Cauliflower,2026-03-29,417.4,32.33,True,1.0
3,Noida,4,Cauliflower,2026-03-30,507.0,31.09,True,1.0
3,Noida,4,Cauliflower,2026-03-31,441.3,30.15,True,1.0
3,Noida,4,Cauliflower,2026-04-01,463.9,29.75,True,1.0
3,Noida,4,Cauliflower,2026-04-02,525.6,30.99,True,1.0
3,Noida,4,Cauliflower,2026-04-03,507.4,31.92,True,1.0
3,Noida,4,Cauliflower,2026-04-04,563.3,32.1,True,1.0
3,Noida,4,Cauliflower,2026-04-05,348.8,32.24,True,1.0
3,Noida,4,Cauliflower,2026-04-06,636.5,30.61,True,1.0
3,Noida,4,Cauliflower,2026-04-07,417.3,31.26,True,1.0
3,Noida,4,Cauliflower,2026-04-08,400.7,30.08,True,1.0
3,Noida,4,Cauliflower,2026-04-09,516.6,31.39,True,1.0
3,Noida,4,Cauliflower,2026-04-10,541.8,31.33,True,1.0
3,Noida,4,Cauliflower,2026-04-11,557.1,31.82,True,1.0
3,Noida,4,Cauliflower,2026-04-12,319.0,31.77,True,1.0
3,Noida,4,Cauliflower,2026-04-13,431.5,31.89,True,1.0
3,Noida,4,Cauliflower,2026-04-14,479.3,31.07,True,1.0
3,Noida,4,Cauliflower,2026-04-15,379.9,31.37,True,1.0
3,Noida,4,Cauliflower,2026-04-16,532.5,31.7,True,1.0
3,Noida,4,Cauliflower,2026-04-17,508.4,32.21,True,1.0
3,Noida,4,Cauliflower,2026-04-18,500.3,32.91,True,1.0
3,Noida,4,Cauliflower,2026-04-19,378.4,33.37,True,1.0
3,Noida,4,Cauliflower,2026-04-20,430.1,33.52,True,1.0
3,Noida,4,Cauliflower,2026-04-21,498.8,32.78,True,1.0
3,Noida,4,Cauliflower,2026-04-22,450.3,31.7,True,1.0
3,Noida,4,Cauliflower,2026-04-23,383.0,31.25,True,1.0
3,Noida,4,Cauliflower,2026-04-24,508.6,31.12,True,1.0
3,Noida,4,Cauliflower,2026-04-25,491.2,32.57,True,1.0
3,Noida,4,Cauliflower,2026-04-26,364.5,33.86,True,1.0
3,Noida,4,Cauliflower,2026-04-27,390.1,33.0,True,1.0
3,Noida,4,Cauliflower,2026-04-28,378.4,32.1,True,1.0
3,Noida,4,Cauliflower,2026-04-29,541.1,31.09,True,1.0
3,Noida,4,Cauliflower,2026-04-30,446.6,31.3,True,1.0
3,Noida,4,Cauliflower,2026-05-01,415.5,32.42,True,1.0
3,Noida,4,Cauliflower,2026-05-02,504.2,31.84,True,1.0
3,Noida,4,Cauliflower,2026-05-03,377.6,33.57,True,1.0
3,Noida,4,Cauliflower,2026-05-04,344.2,34.05,True,1.0
3,Noida,4,Cauliflower,2026-05-05,402.7,35.1,True,1.0
3,Noida,4,Cauliflower,2026-05-06,359.6,34.02,True,1.0
3,Noida,4,Cauliflower,2026-05-07,430.0,34.76,True,1.0
3,Noida,4,Cauliflower,2026-05-08,415.1,33.51,True,1.0
3,Noida,4,Cauliflower,2026-05-09,390.3,34.41,True,1.0
3,Noida,4,Cauliflower,2026-05-10,379.4,35.82,True,1.0
3,Noida,4,Cauliflower,2026-05-11,295.6,36.84,True,1.0
3,Noida,4,Cauliflower,2026-05-12,459.6,35.55,True,1.0
3,Noida,4,Cauliflower,2026-05-13,418.4,34.33,True,1.0
3,Noida,4,Cauliflower,2026-05-14,425.5,34.21,True,1.0
3,Noida,4,Cauliflower,2026-05-15,395.8,35.88,True,1.0
3,Noida,4,Cauliflower,2026-05-16,403.7,34.12,True,1.0
3,Noida,4,Cauliflower,2026-05-17,494.6,32.81,True,1.0
3,Noida,4,Cauliflower,2026-05-18,405.2,31.45,True,1.0
3,Noida,4,Cauliflower,2026-05-19,358.4,32.46,True,1.0
3,Noida,4,Cauliflower,2026-05-20,392.9,31.54,True,1.0
3,Noida,4,Cauliflower,2026-05-21,425.7,33.58,True,1.0
3,Noida,4,Cauliflower,2026-05-22,385.2,35.55,True,1.0
3,Noida,4,Cauliflower,2026-05-23,412.9,35.17,True,1.0
3,Noida,4,Cauliflower,2026-05-24,339.8,37.53,True,1.0
3,Noida,4,Cauliflower,2026-05-25,338.1,36.93,True,1.0
3,Noida,4,Cauliflower,2026-05-26,302.7,35.76,True,1.0
3,Noida,4,Cauliflower,2026-05-27,357.7,34.95,True,1.0
3,Noida,4,Cauliflower,2026-05-28,324.2,36.38,True,1.0
3,Noida,4,Cauliflower,2026-05-29,340.3,36.73,True,1.0
3,Noida,4,Cauliflower,2026-05-30,441.3,34.12,True,1.0
3,Noida,4,Cauliflower,2026-05-31,307.8,32.55,True,1.0
3,Noida,4,Cauliflower,2026-06-01,313.8,31.86,True,1.0
3,Noida,4,Cauliflower,2026-06-02,383.6,32.18,True,1.0
3,Noida,4,Cauliflower,2026-06-03,374.0,31.77,True,1.0
3,Noida,4,Cauliflower,2026-06-04,340.7,31.96,True,1.0
3,Noida,4,Cauliflower,2026-06-05,439.7,32.04,True,1.0
3,Noida,4,Cauliflower,2026-06-06,322.0,31.83,True,1.0
3,Noida,4,Cauliflower,2026-06-07,301.4,34.75,True,1.0
3,Noida,4,Cauliflower,2026-06-08,308.2,36.21,True,1.0
3,Noida,4,Cauliflower,2026-06-09,337.0,37.66,True,1.0
3,Noida,4,Cauliflower,2026-06-10,327.6,38.59,True,1.0
3,Noida,4,Cauliflower,2026-06-11,293.6,37.33,True,1.0
3,Noida,4,Cauliflower,2026-06-12,324.9,36.66,True,1.0
3,Noida,4,Cauliflower,2026-06-13,352.8,35.14,True,1.0
3,Noida,4,Cauliflower,2026-06-14,285.9,35.17,True,1.0
3,Noida,4,Cauliflower,2026-06-15,311.1,34.04,True,1.0
3,Noida,4,Cauliflower,2026-06-16,331.5,32.71,True,1.0
3,Noida,4,Cauliflower,2026-06-17,253.1,32.56,True,1.0
3,Noida,4,Cauliflower,2026-06-18,336.4,34.0,True,1.0
3,Noida,4,Cauliflower,2026-06-19,364.4,34.28,True,1.0
3,Noida,4,Cauliflower,2026-06-20,386.1,34.96,True,1.0
3,Noida,4,Cauliflower,2026-06-21,265.0,34.85,True,1.0
3,Noida,4,Cauliflower,2026-06-22,295.8,33.84,True,1.0
3,Noida,4,Cauliflower,2026-06-23,283.7,34.53,True,1.0
3,Noida,4,Cauliflower,2026-06-24,333.4,34.59,True,1.0
3,Noida,4,Cauliflower,2026-06-25,350.6,35.85,True,1.0
3,Noida,4,Cauliflower,2026-06-26,364.8,36.78,True,1.0
3,Noida,4,Cauliflower,2026-06-27,330.5,35.71,True,1.0
3,Noida,4,Cauliflower,2026-06-28,281.8,35.38,True,1.0
3,Noida,4,Cauliflower,2026-06-29,260.6,34.13,True,1.0
3,Noida,4,Cauliflower,2026-06-30,275.2,33.3,True,1.0
3,Noida,4,Cauliflower,2026-07-01,253.5,32.98,True,1.0
3,Noida,4,Cauliflower,2026-07-02,275.3,33.76,True,1.0
3,Noida,4,Cauliflower,2026-07-03,373.9,33.32,True,1.0
3,Noida,4,Cauliflower,2026-07-04,359.2,35.0,True,1.0
3,Noida,4,Cauliflower,2026-07-05,278.1,35.12,True,1.0
3,Noida,4,Cauliflower,2026-07-06,304.9,34.45,True,1.0
3,Noida,4,Cauliflower,2026-07-07,298.9,35.23,True,1.0
3,Noida,4,Cauliflower,2026-07-08,257.6,34.03,True,1.0
3,Noida,4,Cauliflower,2026-07-09,324.4,33.27,True,1.0
3,Noida,4,Cauliflower,2026-07-10,303.1,34.65,True,1.0
3,Noida,4,Cauliflower,2026-07-11,303.5,33.02,True,1.0
3,Noida,4,Cauliflower,2026-07-12,277.6,32.98,True,1.0
3,Noida,4,Cauliflower,2026-07-13,262.1,32.72,True,1.0
3,Noida,4,Cauliflower,2026-07-14,248.2,32.18,True,1.0
3,Noida,4,Cauliflower,2026-07-15,265.8,33.39,True,1.0
3,Noida,4,Cauliflower,2026-07-16,262.3,34.12,True,1.0
3,Noida,4,Cauliflower,2026-07-17,323.9,34.43,True,1.0
3,Noida,4,Cauliflower,2026-07-18,327.6,33.98,True,1.0
3,Noida,4,Cauliflower,2026-07-19,219.4,34.25,True,1.0
3,Noida,4,Cauliflower,2026-07-20,294.7,31.9,True,1.0
3,Noida,4,Cauliflower,2026-07-21,244.7,31.75,True,1.0
3,Noida,4,Cauliflower,2026-07-22,288.5,32.02,True,1.0
3,Noida,4,Cauliflower,2026-07-23,248.6,31.62,True,1.0
3,Noida,4,Cauliflower,2026-07-24,218.9,32.01,True,1.0
3,Noida,4,Cauliflower,2026-07-25,253.7,34.35,True,1.0
3,Noida,4,Cauliflower,2026-07-26,199.7,33.79,True,1.0
3,Noida,4,Cauliflower,2026-07-27,235.7,33.66,True,1.0
3,Noida,4,Cauliflower,2026-07-28,238.9,33.35,True,1.0
3,Noida,4,Cauliflower,2026-07-29,204.4,31.8,True,1.0
3,Noida,4,Cauliflower,2026-07-30,215.8,30.47,True,1.0
3,Noida,4,Cauliflower,2026-07-31,308.7,29.44,True,1.0
3,Noida,4,Cauliflower,2026-08-01,303.9,30.31,True,1.0
3,Noida,4,Cauliflower,2026-08-02,229.6,28.93,True,1.0
3,Noida,4,Cauliflower,2026-08-03,244.6,30.2,True,1.0
3,Noida,4,Cauliflower,2026-08-04,255.6,30.35,True,1.0
3,Noida,4,Cauliflower,2026-08-05,205.3,30.99,True,1.0
3,Noida,4,Cauliflower,2026-08-06,257.6,29.87,True,1.0
3,Noida,4,Cauliflower,2026-08-07,241.9,31.56,True,1.0
3,Noida,4,Cauliflower,2026-08-08,306.4,31.3,True,1.0
3,Noida,4,Cauliflower,2026-08-09,242.3,29.5,True,1.0
3,Noida,4,Cauliflower,2026-08-10,242.0,30.91,True,1.0
3,Noida,4,Cauliflower,2026-08-11,272.4,29.7,True,1.0
3,Noida,4,Cauliflower,2026-08-12,219.5,28.89,True,1.0
3,Noida,4,Cauliflower,2026-08-13,290.1,28.33,True,1.0
3,Noida,4,Cauliflower,2026-08-14,361.6,28.63,True,1.0
3,Noida,4,Cauliflower,2026-08-15,286.7,29.55,True,1.0
3,Noida,4,Cauliflower,2026-08-16,198.3,30.16,True,1.0
3,Noida,4,Cauliflower,2026-08-17,222.6,32.32,True,1.0
3,Noida,4,Cauliflower,2026-08-18,235.0,30.94,True,1.0
3,Noida,4,Cauliflower,2026-08-19,288.4,30.15,True,1.0
3,Noida,4,Cauliflower,2026-08-20,247.0,28.82,True,1.0
3,Noida,4,Cauliflower,2026-08-21,271.9,28.1,True,1.0
3,Noida,4,Cauliflower,2026-08-22,260.1,29.38,True,1.0
3,Noida,4,Cauliflower,2026-08-23,213.8,28.9,True,1.0
3,Noida,4,Cauliflower,2026-08-24,225.8,29.33,True,1.0
3,Noida,4,Cauliflower,2026-08-25,235.7,29.24,True,1.0
3,Noida,4,Cauliflower,2026-08-26,219.5,28.26,True,1.0
3,Noida,4,Cauliflower,2026-08-27,212.2,27.73,True,1.0
3,Noida,4,Cauliflower,2026-08-28,267.8,26.53,True,1.0
3,Noida,4,Cauliflower,2026-08-29,395.5,26.94,True,1.0
3,Noida,4,Cauliflower,2026-08-30,166.0,27.42,True,1.0
3,Noida,4,Cauliflower,2026-08-31,217.4,27.43,True,1.0
3,Noida,4,Cauliflower,2026-09-01,251.6,28.43,True,1.0
3,Noida,4,Cauliflower,2026-09-02,234.0,27.25,True,1.0
3,Noida,4,Cauliflower,2026-09-03,225.2,27.48,True,1.0
3,Noida,4,Cauliflower,2026-09-04,270.4,26.79,True,1.0
3,Noida,4,Cauliflower,2026-09-05,194.2,27.34,True,1.0
3,Noida,4,Cauliflower,2026-09-06,181.3,26.7,True,1.0
3,Noida,4,Cauliflower,2026-09-07,243.7,27.55,True,1.0
3,Noida,4,Cauliflower,2026-09-08,261.0,27.98,True,1.0
3,Noida,4,Cauliflower,2026-09-09,253.9,28.0,True,1.0
3,Noida,4,Cauliflower,2026-09-10,256.6,27.92,True,1.0
3,Noida,4,Cauliflower,2026-09-11,282.9,27.85,True,1.0
3,Noida,4,Cauliflower,2026-09-12,302.5,27.81,True,1.0
3,Noida,4,Cauliflower,2026-09-13,212.5,27.89,True,1.0
3,Noida,4,Cauliflower,2026-09-14,233.4,27.22,True,1.0
3,Noida,4,Cauliflower,2026-09-15,216.9,26.15,True,1.0
3,Noida,4,Cauliflower,2026-09-16,228.5,26.18,True,1.0
3,Noida,4,Cauliflower,2026-09-17,277.0,26.59,True,1.0
3,Noida,4,Cauliflower,2026-09-18,237.6,26.84,True,1.0
3,Noida,4,Cauliflower,2026-09-19,275.1,27.94,True,1.0
3,Noida,4,Cauliflower,2026-09-20,238.0,26.93,True,1.0
3,Noida,4,Cauliflower,2026-09-21,281.4,25.54,True,1.0
3,Noida,4,Cauliflower,2026-09-22,267.1,25.2,True,1.0
3,Noida,4,Cauliflower,2026-09-23,218.1,25.2,True,1.0
3,Noida,4,Cauliflower,2026-09-24,292.8,25.2,True,1.0
3,Noida,4,Cauliflower,2026-09-25,245.9,25.2,True,1.0
3,Noida,4,Cauliflower,2026-09-26,288.5,25.2,True,1.0
3,Noida,4,Cauliflower,2026-09-27,208.3,25.2,True,1.0
3,Noida,4,Cauliflower,2026-09-28,245.3,25.2,True,1.0
3,Noida,4,Cauliflower,2026-09-29,285.2,25.2,True,1.0
3,Noida,4,Cauliflower,2026-09-30,281.3,25.2,True,1.0
3,Noida,5,Green Chilli,2024-10-01,117.7,44.22,True,1.0
3,Noida,5,Green Chilli,2024-10-02,144.9,43.06,True,1.0
3,Noida,5,Green Chilli,2024-10-03,171.7,43.08,True,1.0
3,Noida,5,Green Chilli,2024-10-04,156.9,43.96,True,1.0
3,Noida,5,Green Chilli,2024-10-05,149.4,44.16,True,1.0
3,Noida,5,Green Chilli,2024-10-06,142.5,46.18,True,1.0
3,Noida,5,Green Chilli,2024-10-07,161.9,43.88,True,1.0
3,Noida,5,Green Chilli,2024-10-08,171.5,42.12,True,1.0
3,Noida,5,Green Chilli,2024-10-09,141.8,43.71,True,1.0
3,Noida,5,Green Chilli,2024-10-11,147.8,43.82,True,1.0
3,Noida,5,Green Chilli,2024-10-12,193.0,45.51,True,1.0
3,Noida,5,Green Chilli,2024-10-13,124.8,44.5,True,1.0
3,Noida,5,Green Chilli,2024-10-14,132.1,45.32,True,1.0
3,Noida,5,Green Chilli,2024-10-15,132.0,45.04,True,1.0
3,Noida,5,Green Chilli,2024-10-16,149.9,44.11,True,1.0
3,Noida,5,Green Chilli,2024-10-17,163.8,43.95,True,1.0
3,Noida,5,Green Chilli,2024-10-18,152.1,45.91,True,1.0
3,Noida,5,Green Chilli,2024-10-19,174.7,45.31,True,1.0
3,Noida,5,Green Chilli,2024-10-20,109.6,47.42,True,1.0
3,Noida,5,Green Chilli,2024-10-21,136.2,47.14,True,1.0
3,Noida,5,Green Chilli,2024-10-22,142.9,46.42,True,1.0
3,Noida,5,Green Chilli,2024-10-24,141.8,46.21,True,1.0
3,Noida,5,Green Chilli,2024-10-25,140.2,46.49,True,1.0
3,Noida,5,Green Chilli,2024-10-26,177.1,46.34,True,1.0
3,Noida,5,Green Chilli,2024-10-27,124.7,46.5,True,1.0
3,Noida,5,Green Chilli,2024-10-28,111.5,46.35,True,1.0
3,Noida,5,Green Chilli,2024-10-29,111.8,44.88,True,1.0
3,Noida,5,Green Chilli,2024-10-30,154.9,46.29,True,1.0
3,Noida,5,Green Chilli,2024-10-31,165.7,48.99,True,1.0
3,Noida,5,Green Chilli,2024-11-01,164.2,50.77,True,1.0
3,Noida,5,Green Chilli,2024-11-02,143.3,49.78,True,1.0
3,Noida,5,Green Chilli,2024-11-03,130.9,48.63,True,1.0
3,Noida,5,Green Chilli,2024-11-04,140.3,48.33,True,1.0
3,Noida,5,Green Chilli,2024-11-05,133.9,47.19,True,1.0
3,Noida,5,Green Chilli,2024-11-06,147.1,47.66,True,1.0
3,Noida,5,Green Chilli,2024-11-07,150.9,48.14,True,1.0
3,Noida,5,Green Chilli,2024-11-08,143.4,46.38,True,1.0
3,Noida,5,Green Chilli,2024-11-09,153.8,46.35,True,1.0
3,Noida,5,Green Chilli,2024-11-10,140.2,47.98,True,1.0
3,Noida,5,Green Chilli,2024-11-11,121.5,49.22,True,1.0
3,Noida,5,Green Chilli,2024-11-12,146.1,47.14,True,1.0
3,Noida,5,Green Chilli,2024-11-13,159.1,48.95,True,1.0
3,Noida,5,Green Chilli,2024-11-14,163.1,48.34,True,1.0
3,Noida,5,Green Chilli,2024-11-15,183.0,48.3,True,1.0
3,Noida,5,Green Chilli,2024-11-16,154.7,48.11,True,1.0
3,Noida,5,Green Chilli,2024-11-17,103.3,45.41,True,1.0
3,Noida,5,Green Chilli,2024-11-18,121.6,46.9,True,1.0
3,Noida,5,Green Chilli,2024-11-19,135.2,45.3,True,1.0
3,Noida,5,Green Chilli,2024-11-20,141.8,47.43,True,1.0
3,Noida,5,Green Chilli,2024-11-21,188.7,46.11,True,1.0
3,Noida,5,Green Chilli,2024-11-22,121.4,48.39,True,1.0
3,Noida,5,Green Chilli,2024-11-23,157.6,48.9,True,1.0
3,Noida,5,Green Chilli,2024-11-24,112.7,49.82,True,1.0
3,Noida,5,Green Chilli,2024-11-25,135.8,48.63,True,1.0
3,Noida,5,Green Chilli,2024-11-26,130.5,46.36,True,1.0
3,Noida,5,Green Chilli,2024-11-27,117.8,45.94,True,1.0
3,Noida,5,Green Chilli,2024-11-29,130.4,48.65,True,1.0
3,Noida,5,Green Chilli,2024-11-30,162.9,47.74,True,1.0
3,Noida,5,Green Chilli,2024-12-01,109.4,50.17,True,1.0
3,Noida,5,Green Chilli,2024-12-02,148.4,50.01,True,1.0
3,Noida,5,Green Chilli,2024-12-03,113.3,47.66,True,1.0
3,Noida,5,Green Chilli,2024-12-04,114.2,48.69,True,1.0
3,Noida,5,Green Chilli,2024-12-05,130.5,47.99,True,1.0
3,Noida,5,Green Chilli,2024-12-06,111.1,49.74,True,1.0
3,Noida,5,Green Chilli,2024-12-07,121.9,50.16,True,1.0
3,Noida,5,Green Chilli,2024-12-08,128.7,50.37,True,1.0
3,Noida,5,Green Chilli,2024-12-09,121.3,49.91,True,1.0
3,Noida,5,Green Chilli,2024-12-10,112.4,51.64,True,1.0
3,Noida,5,Green Chilli,2024-12-11,137.6,49.93,True,1.0
3,Noida,5,Green Chilli,2024-12-12,116.0,50.55,True,1.0
3,Noida,5,Green Chilli,2024-12-13,162.3,50.57,True,1.0
3,Noida,5,Green Chilli,2024-12-14,176.3,49.08,True,1.0
3,Noida,5,Green Chilli,2024-12-15,103.1,49.4,True,1.0
3,Noida,5,Green Chilli,2024-12-16,116.3,48.43,True,1.0
3,Noida,5,Green Chilli,2024-12-17,143.7,52.03,True,1.0
3,Noida,5,Green Chilli,2024-12-18,126.5,53.14,True,1.0
3,Noida,5,Green Chilli,2024-12-19,144.4,50.02,True,1.0
3,Noida,5,Green Chilli,2024-12-21,164.9,50.84,True,1.0
3,Noida,5,Green Chilli,2024-12-22,102.5,52.58,True,1.0
3,Noida,5,Green Chilli,2024-12-23,102.2,53.39,True,1.0
3,Noida,5,Green Chilli,2024-12-24,113.2,55.58,True,1.0
3,Noida,5,Green Chilli,2024-12-25,121.0,54.36,True,1.0
3,Noida,5,Green Chilli,2024-12-26,117.2,55.32,True,1.0
3,Noida,5,Green Chilli,2024-12-27,121.2,52.24,True,1.0
3,Noida,5,Green Chilli,2024-12-28,151.4,53.2,True,1.0
3,Noida,5,Green Chilli,2024-12-29,91.4,52.24,True,1.0
3,Noida,5,Green Chilli,2024-12-30,104.1,51.69,True,1.0
3,Noida,5,Green Chilli,2024-12-31,117.4,53.6,True,1.0
3,Noida,5,Green Chilli,2025-01-01,115.6,54.32,True,1.0
3,Noida,5,Green Chilli,2025-01-02,132.0,53.1,True,1.0
3,Noida,5,Green Chilli,2025-01-03,115.6,56.5,True,1.0
3,Noida,5,Green Chilli,2025-01-04,140.3,56.87,True,1.0
3,Noida,5,Green Chilli,2025-01-05,93.7,54.43,True,1.0
3,Noida,5,Green Chilli,2025-01-06,133.0,49.88,True,1.0
3,Noida,5,Green Chilli,2025-01-07,92.8,50.69,True,1.0
3,Noida,5,Green Chilli,2025-01-08,127.4,50.3,True,1.0
3,Noida,5,Green Chilli,2025-01-09,112.0,49.7,True,1.0
3,Noida,5,Green Chilli,2025-01-10,146.3,49.47,True,1.0
3,Noida,5,Green Chilli,2025-01-11,106.5,50.23,True,1.0
3,Noida,5,Green Chilli,2025-01-12,95.3,52.48,True,1.0
3,Noida,5,Green Chilli,2025-01-13,110.4,50.69,True,1.0
3,Noida,5,Green Chilli,2025-01-14,114.1,50.77,True,1.0
3,Noida,5,Green Chilli,2025-01-15,119.2,50.64,True,1.0
3,Noida,5,Green Chilli,2025-01-16,124.0,49.65,True,1.0
3,Noida,5,Green Chilli,2025-01-17,121.7,50.55,True,1.0
3,Noida,5,Green Chilli,2025-01-18,140.9,53.4,True,1.0
3,Noida,5,Green Chilli,2025-01-19,88.4,53.7,True,1.0
3,Noida,5,Green Chilli,2025-01-20,105.6,53.06,True,1.0
3,Noida,5,Green Chilli,2025-01-21,101.1,51.86,True,1.0
3,Noida,5,Green Chilli,2025-01-22,117.0,51.74,True,1.0
3,Noida,5,Green Chilli,2025-01-23,123.9,49.12,True,1.0
3,Noida,5,Green Chilli,2025-01-24,114.8,49.65,True,1.0
3,Noida,5,Green Chilli,2025-01-25,108.7,49.83,True,1.0
3,Noida,5,Green Chilli,2025-01-26,113.2,50.92,True,1.0
3,Noida,5,Green Chilli,2025-01-27,126.2,52.39,True,1.0
3,Noida,5,Green Chilli,2025-01-28,128.5,53.12,True,1.0
3,Noida,5,Green Chilli,2025-01-29,112.1,52.31,True,1.0
3,Noida,5,Green Chilli,2025-01-30,106.8,51.17,True,1.0
3,Noida,5,Green Chilli,2025-01-31,130.8,50.22,True,1.0
3,Noida,5,Green Chilli,2025-02-01,136.6,49.34,True,1.0
3,Noida,5,Green Chilli,2025-02-02,95.9,48.95,True,1.0
3,Noida,5,Green Chilli,2025-02-03,120.9,49.36,True,1.0
3,Noida,5,Green Chilli,2025-02-04,115.6,48.11,True,1.0
3,Noida,5,Green Chilli,2025-02-05,100.0,49.54,True,1.0
3,Noida,5,Green Chilli,2025-02-06,124.1,49.76,True,1.0
3,Noida,5,Green Chilli,2025-02-07,126.1,48.88,True,1.0
3,Noida,5,Green Chilli,2025-02-08,103.8,48.53,True,1.0
3,Noida,5,Green Chilli,2025-02-09,95.6,50.36,True,1.0
3,Noida,5,Green Chilli,2025-02-10,108.7,51.76,True,1.0
3,Noida,5,Green Chilli,2025-02-11,108.4,55.03,True,1.0
3,Noida,5,Green Chilli,2025-02-12,142.4,54.51,True,1.0
3,Noida,5,Green Chilli,2025-02-13,114.7,52.25,True,1.0
3,Noida,5,Green Chilli,2025-02-14,115.8,50.64,True,1.0
3,Noida,5,Green Chilli,2025-02-15,119.7,51.12,True,1.0
3,Noida,5,Green Chilli,2025-02-16,83.7,52.06,True,1.0
3,Noida,5,Green Chilli,2025-02-17,124.5,53.62,True,1.0
3,Noida,5,Green Chilli,2025-02-18,98.7,51.27,True,1.0
3,Noida,5,Green Chilli,2025-02-19,112.2,51.07,True,1.0
3,Noida,5,Green Chilli,2025-02-20,98.7,49.11,True,1.0
3,Noida,5,Green Chilli,2025-02-21,129.4,49.91,True,1.0
3,Noida,5,Green Chilli,2025-02-22,137.0,48.49,True,1.0
3,Noida,5,Green Chilli,2025-02-23,68.2,50.97,True,1.0
3,Noida,5,Green Chilli,2025-02-24,84.0,49.5,True,1.0
3,Noida,5,Green Chilli,2025-02-25,131.1,50.43,True,1.0
3,Noida,5,Green Chilli,2025-02-26,97.7,50.41,True,1.0
3,Noida,5,Green Chilli,2025-02-27,85.0,50.23,True,1.0
3,Noida,5,Green Chilli,2025-02-28,96.7,47.49,True,1.0
3,Noida,5,Green Chilli,2025-03-01,123.7,47.94,True,1.0
3,Noida,5,Green Chilli,2025-03-02,93.1,47.02,True,1.0
3,Noida,5,Green Chilli,2025-03-03,87.2,46.89,True,1.0
3,Noida,5,Green Chilli,2025-03-04,114.0,48.23,True,1.0
3,Noida,5,Green Chilli,2025-03-05,98.0,52.4,True,1.0
3,Noida,5,Green Chilli,2025-03-06,96.6,54.22,True,1.0
3,Noida,5,Green Chilli,2025-03-07,94.7,53.36,True,1.0
3,Noida,5,Green Chilli,2025-03-08,98.4,52.53,True,1.0
3,Noida,5,Green Chilli,2025-03-09,75.9,50.86,True,1.0
3,Noida,5,Green Chilli,2025-03-10,106.6,48.78,True,1.0
3,Noida,5,Green Chilli,2025-03-11,109.5,49.34,True,1.0
3,Noida,5,Green Chilli,2025-03-12,97.5,48.46,True,1.0
3,Noida,5,Green Chilli,2025-03-13,89.1,50.93,True,1.0
3,Noida,5,Green Chilli,2025-03-14,107.5,53.3,True,1.0
3,Noida,5,Green Chilli,2025-03-15,115.5,54.98,True,1.0
3,Noida,5,Green Chilli,2025-03-16,73.3,51.87,True,1.0
3,Noida,5,Green Chilli,2025-03-17,107.7,49.96,True,1.0
3,Noida,5,Green Chilli,2025-03-18,80.9,47.66,True,1.0
3,Noida,5,Green Chilli,2025-03-19,98.5,48.6,True,1.0
3,Noida,5,Green Chilli,2025-03-20,100.7,47.18,True,1.0
3,Noida,5,Green Chilli,2025-03-21,103.6,46.5,True,1.0
3,Noida,5,Green Chilli,2025-03-22,140.7,45.64,True,1.0
3,Noida,5,Green Chilli,2025-03-23,78.9,45.44,True,1.0
3,Noida,5,Green Chilli,2025-03-24,116.5,48.23,True,1.0
3,Noida,5,Green Chilli,2025-03-25,92.0,44.67,True,1.0
3,Noida,5,Green Chilli,2025-03-26,86.2,46.08,True,1.0
3,Noida,5,Green Chilli,2025-03-27,82.2,45.31,True,1.0
3,Noida,5,Green Chilli,2025-03-28,125.7,48.96,True,1.0
3,Noida,5,Green Chilli,2025-03-29,120.9,49.46,True,1.0
3,Noida,5,Green Chilli,2025-03-30,96.9,47.23,True,1.0
3,Noida,5,Green Chilli,2025-03-31,105.3,46.23,True,1.0
3,Noida,5,Green Chilli,2025-04-01,111.1,45.57,True,1.0
3,Noida,5,Green Chilli,2025-04-02,105.5,47.35,True,1.0
3,Noida,5,Green Chilli,2025-04-03,91.3,49.36,True,1.0
3,Noida,5,Green Chilli,2025-04-04,112.0,48.6,True,1.0
3,Noida,5,Green Chilli,2025-04-05,133.1,47.64,True,1.0
3,Noida,5,Green Chilli,2025-04-06,60.9,48.56,True,1.0
3,Noida,5,Green Chilli,2025-04-07,89.7,47.77,True,1.0
3,Noida,5,Green Chilli,2025-04-08,94.1,47.8,True,1.0
3,Noida,5,Green Chilli,2025-04-09,108.4,47.44,True,1.0
3,Noida,5,Green Chilli,2025-04-10,97.7,45.82,True,1.0
3,Noida,5,Green Chilli,2025-04-11,95.2,47.52,True,1.0
3,Noida,5,Green Chilli,2025-04-12,139.8,46.07,True,1.0
3,Noida,5,Green Chilli,2025-04-13,72.2,48.42,True,1.0
3,Noida,5,Green Chilli,2025-04-14,99.9,49.03,True,1.0
3,Noida,5,Green Chilli,2025-04-15,102.2,48.05,True,1.0
3,Noida,5,Green Chilli,2025-04-16,132.2,45.44,True,1.0
3,Noida,5,Green Chilli,2025-04-17,115.6,47.46,True,1.0
3,Noida,5,Green Chilli,2025-04-18,118.4,47.03,True,1.0
3,Noida,5,Green Chilli,2025-04-19,132.3,47.48,True,1.0
3,Noida,5,Green Chilli,2025-04-20,69.1,48.56,True,1.0
3,Noida,5,Green Chilli,2025-04-21,93.5,45.77,True,1.0
3,Noida,5,Green Chilli,2025-04-22,96.1,45.78,True,1.0
3,Noida,5,Green Chilli,2025-04-23,98.8,44.8,True,1.0
3,Noida,5,Green Chilli,2025-04-24,123.3,44.98,True,1.0
3,Noida,5,Green Chilli,2025-04-25,126.9,45.24,True,1.0
3,Noida,5,Green Chilli,2025-04-26,124.1,42.73,True,1.0
3,Noida,5,Green Chilli,2025-04-27,74.8,42.74,True,1.0
3,Noida,5,Green Chilli,2025-04-28,96.7,43.11,True,1.0
3,Noida,5,Green Chilli,2025-04-29,87.7,41.71,True,1.0
3,Noida,5,Green Chilli,2025-04-30,98.3,41.33,True,1.0
3,Noida,5,Green Chilli,2025-05-02,112.9,43.23,True,1.0
3,Noida,5,Green Chilli,2025-05-03,121.2,43.01,True,1.0
3,Noida,5,Green Chilli,2025-05-04,68.8,42.15,True,1.0
3,Noida,5,Green Chilli,2025-05-05,100.7,41.17,True,1.0
3,Noida,5,Green Chilli,2025-05-06,109.1,41.22,True,1.0
3,Noida,5,Green Chilli,2025-05-07,103.9,40.71,True,1.0
3,Noida,5,Green Chilli,2025-05-08,105.1,41.97,True,1.0
3,Noida,5,Green Chilli,2025-05-09,115.7,42.43,True,1.0
3,Noida,5,Green Chilli,2025-05-10,102.2,41.63,True,1.0
3,Noida,5,Green Chilli,2025-05-11,85.9,42.1,True,1.0
3,Noida,5,Green Chilli,2025-05-12,98.7,45.02,True,1.0
3,Noida,5,Green Chilli,2025-05-13,87.4,45.08,True,1.0
3,Noida,5,Green Chilli,2025-05-14,101.9,44.45,True,1.0
3,Noida,5,Green Chilli,2025-05-15,95.3,44.57,True,1.0
3,Noida,5,Green Chilli,2025-05-16,113.2,45.33,True,1.0
3,Noida,5,Green Chilli,2025-05-17,113.1,42.33,True,1.0
3,Noida,5,Green Chilli,2025-05-18,78.0,41.6,True,1.0
3,Noida,5,Green Chilli,2025-05-19,114.7,40.85,True,1.0
3,Noida,5,Green Chilli,2025-05-20,96.0,40.28,True,1.0
3,Noida,5,Green Chilli,2025-05-21,91.6,43.12,True,1.0
3,Noida,5,Green Chilli,2025-05-22,122.0,43.18,True,1.0
3,Noida,5,Green Chilli,2025-05-23,97.0,43.94,True,1.0
3,Noida,5,Green Chilli,2025-05-24,118.2,43.43,True,1.0
3,Noida,5,Green Chilli,2025-05-25,99.7,46.18,True,1.0
3,Noida,5,Green Chilli,2025-05-26,86.5,42.05,True,1.0
3,Noida,5,Green Chilli,2025-05-27,95.9,41.11,True,1.0
3,Noida,5,Green Chilli,2025-05-28,90.4,40.49,True,1.0
3,Noida,5,Green Chilli,2025-05-29,111.5,40.14,True,1.0
3,Noida,5,Green Chilli,2025-05-30,96.1,41.34,True,1.0
3,Noida,5,Green Chilli,2025-05-31,190.7,41.2,True,1.0
3,Noida,5,Green Chilli,2025-06-01,79.7,41.74,True,1.0
3,Noida,5,Green Chilli,2025-06-02,129.6,42.57,True,1.0
3,Noida,5,Green Chilli,2025-06-03,119.7,42.15,True,1.0
3,Noida,5,Green Chilli,2025-06-04,120.8,42.43,True,1.0
3,Noida,5,Green Chilli,2025-06-05,122.5,41.21,True,1.0
3,Noida,5,Green Chilli,2025-06-06,109.2,40.13,True,1.0
3,Noida,5,Green Chilli,2025-06-07,141.8,39.09,True,1.0
3,Noida,5,Green Chilli,2025-06-08,90.4,39.44,True,1.0
3,Noida,5,Green Chilli,2025-06-09,93.4,38.51,True,1.0
3,Noida,5,Green Chilli,2025-06-10,112.9,37.73,True,1.0
3,Noida,5,Green Chilli,2025-06-11,109.6,39.05,True,1.0
3,Noida,5,Green Chilli,2025-06-12,139.1,38.21,True,1.0
3,Noida,5,Green Chilli,2025-06-13,116.5,39.27,True,1.0
3,Noida,5,Green Chilli,2025-06-14,138.2,39.0,True,1.0
3,Noida,5,Green Chilli,2025-06-15,80.8,38.52,True,1.0
3,Noida,5,Green Chilli,2025-06-16,110.1,39.83,True,1.0
3,Noida,5,Green Chilli,2025-06-17,111.9,40.85,True,1.0
3,Noida,5,Green Chilli,2025-06-18,125.8,40.65,True,1.0
3,Noida,5,Green Chilli,2025-06-19,123.2,41.9,True,1.0
3,Noida,5,Green Chilli,2025-06-20,130.9,39.17,True,1.0
3,Noida,5,Green Chilli,2025-06-21,102.7,40.42,True,1.0
3,Noida,5,Green Chilli,2025-06-22,91.5,39.14,True,1.0
3,Noida,5,Green Chilli,2025-06-23,125.3,38.89,True,1.0
3,Noida,5,Green Chilli,2025-06-24,112.9,39.36,True,1.0
3,Noida,5,Green Chilli,2025-06-25,103.4,38.5,True,1.0
3,Noida,5,Green Chilli,2025-06-26,102.4,38.61,True,1.0
3,Noida,5,Green Chilli,2025-06-27,121.4,38.26,True,1.0
3,Noida,5,Green Chilli,2025-06-28,110.0,38.22,True,1.0
3,Noida,5,Green Chilli,2025-06-29,75.6,40.82,True,1.0
3,Noida,5,Green Chilli,2025-06-30,112.2,38.16,True,1.0
3,Noida,5,Green Chilli,2025-07-01,117.1,38.14,True,1.0
3,Noida,5,Green Chilli,2025-07-02,144.3,38.79,True,1.0
3,Noida,5,Green Chilli,2025-07-03,111.6,37.57,True,1.0
3,Noida,5,Green Chilli,2025-07-04,117.3,37.75,True,1.0
3,Noida,5,Green Chilli,2025-07-05,134.8,38.39,True,1.0
3,Noida,5,Green Chilli,2025-07-06,107.6,38.9,True,1.0
3,Noida,5,Green Chilli,2025-07-07,101.7,39.79,True,1.0
3,Noida,5,Green Chilli,2025-07-08,110.0,40.73,True,1.0
3,Noida,5,Green Chilli,2025-07-09,132.8,39.74,True,1.0
3,Noida,5,Green Chilli,2025-07-10,123.4,39.53,True,1.0
3,Noida,5,Green Chilli,2025-07-11,123.2,37.72,True,1.0
3,Noida,5,Green Chilli,2025-07-12,135.4,37.96,True,1.0
3,Noida,5,Green Chilli,2025-07-13,120.9,36.63,True,1.0
3,Noida,5,Green Chilli,2025-07-14,119.7,37.25,True,1.0
3,Noida,5,Green Chilli,2025-07-15,113.0,38.57,True,1.0
3,Noida,5,Green Chilli,2025-07-16,100.4,39.07,True,1.0
3,Noida,5,Green Chilli,2025-07-17,121.7,39.06,True,1.0
3,Noida,5,Green Chilli,2025-07-18,125.4,39.86,True,1.0
3,Noida,5,Green Chilli,2025-07-19,145.6,40.74,True,1.0
3,Noida,5,Green Chilli,2025-07-20,108.3,39.18,True,1.0
3,Noida,5,Green Chilli,2025-07-21,103.6,40.39,True,1.0
3,Noida,5,Green Chilli,2025-07-22,134.2,39.03,True,1.0
3,Noida,5,Green Chilli,2025-07-23,155.4,38.45,True,1.0
3,Noida,5,Green Chilli,2025-07-24,119.5,39.35,True,1.0
3,Noida,5,Green Chilli,2025-07-25,171.7,39.38,True,1.0
3,Noida,5,Green Chilli,2025-07-26,166.1,39.18,True,1.0
3,Noida,5,Green Chilli,2025-07-27,127.3,39.26,True,1.0
3,Noida,5,Green Chilli,2025-07-28,143.1,40.63,True,1.0
3,Noida,5,Green Chilli,2025-07-29,176.9,40.17,True,1.0
3,Noida,5,Green Chilli,2025-07-30,156.4,40.64,True,1.0
3,Noida,5,Green Chilli,2025-07-31,119.3,40.95,True,1.0
3,Noida,5,Green Chilli,2025-08-01,154.0,42.82,True,1.0
3,Noida,5,Green Chilli,2025-08-02,139.2,43.31,True,1.0
3,Noida,5,Green Chilli,2025-08-03,116.5,42.82,True,1.0
3,Noida,5,Green Chilli,2025-08-04,112.0,42.52,True,1.0
3,Noida,5,Green Chilli,2025-08-05,133.6,41.66,True,1.0
3,Noida,5,Green Chilli,2025-08-06,121.9,40.69,True,1.0
3,Noida,5,Green Chilli,2025-08-07,161.9,40.21,True,1.0
3,Noida,5,Green Chilli,2025-08-08,143.1,39.94,True,1.0
3,Noida,5,Green Chilli,2025-08-09,154.4,39.22,True,1.0
3,Noida,5,Green Chilli,2025-08-10,125.1,38.78,True,1.0
3,Noida,5,Green Chilli,2025-08-11,120.4,38.88,True,1.0
3,Noida,5,Green Chilli,2025-08-12,160.9,38.67,True,1.0
3,Noida,5,Green Chilli,2025-08-13,159.6,38.69,True,1.0
3,Noida,5,Green Chilli,2025-08-14,164.0,38.74,True,1.0
3,Noida,5,Green Chilli,2025-08-15,145.0,40.01,True,1.0
3,Noida,5,Green Chilli,2025-08-16,133.9,40.8,True,1.0
3,Noida,5,Green Chilli,2025-08-17,111.4,41.66,True,1.0
3,Noida,5,Green Chilli,2025-08-18,128.4,42.55,True,1.0
3,Noida,5,Green Chilli,2025-08-19,122.1,40.85,True,1.0
3,Noida,5,Green Chilli,2025-08-20,164.1,40.58,True,1.0
3,Noida,5,Green Chilli,2025-08-21,162.4,40.72,True,1.0
3,Noida,5,Green Chilli,2025-08-22,174.1,41.01,True,1.0
3,Noida,5,Green Chilli,2025-08-23,157.3,41.32,True,1.0
3,Noida,5,Green Chilli,2025-08-24,114.2,42.65,True,1.0
3,Noida,5,Green Chilli,2025-08-25,144.7,41.24,True,1.0
3,Noida,5,Green Chilli,2025-08-26,136.8,41.21,True,1.0
3,Noida,5,Green Chilli,2025-08-27,165.7,39.54,True,1.0
3,Noida,5,Green Chilli,2025-08-28,148.0,40.27,True,1.0
3,Noida,5,Green Chilli,2025-08-29,143.7,38.53,True,1.0
3,Noida,5,Green Chilli,2025-08-30,165.7,39.53,True,1.0
3,Noida,5,Green Chilli,2025-08-31,140.1,41.29,True,1.0
3,Noida,5,Green Chilli,2025-09-01,135.0,41.85,True,1.0
3,Noida,5,Green Chilli,2025-09-02,132.7,40.28,True,1.0
3,Noida,5,Green Chilli,2025-09-03,154.5,39.57,True,1.0
3,Noida,5,Green Chilli,2025-09-04,132.2,40.68,True,1.0
3,Noida,5,Green Chilli,2025-09-05,138.9,40.66,True,1.0
3,Noida,5,Green Chilli,2025-09-06,149.2,38.33,True,1.0
3,Noida,5,Green Chilli,2025-09-07,100.7,40.79,True,1.0
3,Noida,5,Green Chilli,2025-09-08,117.7,41.15,True,1.0
3,Noida,5,Green Chilli,2025-09-09,146.1,39.57,True,1.0
3,Noida,5,Green Chilli,2025-09-10,141.7,40.39,True,1.0
3,Noida,5,Green Chilli,2025-09-11,162.4,43.4,True,1.0
3,Noida,5,Green Chilli,2025-09-12,141.1,42.68,True,1.0
3,Noida,5,Green Chilli,2025-09-13,212.0,42.2,True,1.0
3,Noida,5,Green Chilli,2025-09-14,122.4,41.32,True,1.0
3,Noida,5,Green Chilli,2025-09-15,118.5,42.28,True,1.0
3,Noida,5,Green Chilli,2025-09-16,175.9,42.5,True,1.0
3,Noida,5,Green Chilli,2025-09-17,159.7,43.38,True,1.0
3,Noida,5,Green Chilli,2025-09-18,139.7,42.14,True,1.0
3,Noida,5,Green Chilli,2025-09-19,121.2,43.08,True,1.0
3,Noida,5,Green Chilli,2025-09-20,202.2,41.46,True,1.0
3,Noida,5,Green Chilli,2025-09-21,110.5,42.36,True,1.0
3,Noida,5,Green Chilli,2025-09-22,133.6,41.49,True,1.0
3,Noida,5,Green Chilli,2025-09-23,157.5,41.89,True,1.0
3,Noida,5,Green Chilli,2025-09-24,159.8,40.33,True,1.0
3,Noida,5,Green Chilli,2025-09-25,194.1,41.2,True,1.0
3,Noida,5,Green Chilli,2025-09-26,151.0,41.71,True,1.0
3,Noida,5,Green Chilli,2025-09-27,198.7,40.33,True,1.0
3,Noida,5,Green Chilli,2025-09-28,130.4,43.26,True,1.0
3,Noida,5,Green Chilli,2025-09-29,160.9,44.06,True,1.0
3,Noida,5,Green Chilli,2025-09-30,122.8,42.52,True,1.0
3,Noida,5,Green Chilli,2025-10-01,185.9,41.61,True,1.0
3,Noida,5,Green Chilli,2025-10-02,134.6,41.91,True,1.0
3,Noida,5,Green Chilli,2025-10-03,131.9,41.77,True,1.0
3,Noida,5,Green Chilli,2025-10-04,184.4,42.27,True,1.0
3,Noida,5,Green Chilli,2025-10-05,133.7,40.2,True,1.0
3,Noida,5,Green Chilli,2025-10-06,137.2,43.37,True,1.0
3,Noida,5,Green Chilli,2025-10-07,176.0,42.72,True,1.0
3,Noida,5,Green Chilli,2025-10-08,131.1,44.71,True,1.0
3,Noida,5,Green Chilli,2025-10-09,147.0,44.4,True,1.0
3,Noida,5,Green Chilli,2025-10-10,133.9,47.64,True,1.0
3,Noida,5,Green Chilli,2025-10-11,137.2,47.87,True,1.0
3,Noida,5,Green Chilli,2025-10-12,121.6,48.35,True,1.0
3,Noida,5,Green Chilli,2025-10-13,127.7,48.9,True,1.0
3,Noida,5,Green Chilli,2025-10-14,155.3,47.79,True,1.0
3,Noida,5,Green Chilli,2025-10-15,131.4,47.15,True,1.0
3,Noida,5,Green Chilli,2025-10-16,161.5,46.37,True,1.0
3,Noida,5,Green Chilli,2025-10-17,159.9,46.51,True,1.0
3,Noida,5,Green Chilli,2025-10-18,147.0,46.26,True,1.0
3,Noida,5,Green Chilli,2025-10-19,148.7,46.5,True,1.0
3,Noida,5,Green Chilli,2025-10-20,136.3,45.19,True,1.0
3,Noida,5,Green Chilli,2025-10-21,148.4,44.8,True,1.0
3,Noida,5,Green Chilli,2025-10-22,148.3,45.82,True,1.0
3,Noida,5,Green Chilli,2025-10-23,117.4,45.87,True,1.0
3,Noida,5,Green Chilli,2025-10-24,160.5,46.55,True,1.0
3,Noida,5,Green Chilli,2025-10-25,157.3,47.32,True,1.0
3,Noida,5,Green Chilli,2025-10-26,118.6,48.19,True,1.0
3,Noida,5,Green Chilli,2025-10-27,159.8,48.3,True,1.0
3,Noida,5,Green Chilli,2025-10-28,143.4,47.42,True,1.0
3,Noida,5,Green Chilli,2025-10-29,170.7,46.0,True,1.0
3,Noida,5,Green Chilli,2025-10-30,159.4,47.75,True,1.0
3,Noida,5,Green Chilli,2025-10-31,167.8,46.52,True,1.0
3,Noida,5,Green Chilli,2025-11-01,191.1,46.62,True,1.0
3,Noida,5,Green Chilli,2025-11-02,121.9,48.93,True,1.0
3,Noida,5,Green Chilli,2025-11-03,136.0,47.28,True,1.0
3,Noida,5,Green Chilli,2025-11-04,138.0,46.88,True,1.0
3,Noida,5,Green Chilli,2025-11-05,153.8,47.15,True,1.0
3,Noida,5,Green Chilli,2025-11-06,145.5,44.87,True,1.0
3,Noida,5,Green Chilli,2025-11-07,154.3,44.26,True,1.0
3,Noida,5,Green Chilli,2025-11-08,167.1,46.87,True,1.0
3,Noida,5,Green Chilli,2025-11-09,107.3,47.72,True,1.0
3,Noida,5,Green Chilli,2025-11-10,148.0,48.87,True,1.0
3,Noida,5,Green Chilli,2025-11-11,157.2,48.92,True,1.0
3,Noida,5,Green Chilli,2025-11-12,123.1,45.99,True,1.0
3,Noida,5,Green Chilli,2025-11-13,167.6,45.26,True,1.0
3,Noida,5,Green Chilli,2025-11-14,155.5,43.27,True,1.0
3,Noida,5,Green Chilli,2025-11-15,141.9,45.53,True,1.0
3,Noida,5,Green Chilli,2025-11-16,129.4,50.08,True,1.0
3,Noida,5,Green Chilli,2025-11-17,174.4,47.41,True,1.0
3,Noida,5,Green Chilli,2025-11-18,140.3,49.22,True,1.0
3,Noida,5,Green Chilli,2025-11-19,126.7,50.58,True,1.0
3,Noida,5,Green Chilli,2025-11-20,106.8,50.28,True,1.0
3,Noida,5,Green Chilli,2025-11-21,151.4,47.91,True,1.0
3,Noida,5,Green Chilli,2025-11-22,217.7,47.02,True,1.0
3,Noida,5,Green Chilli,2025-11-23,120.6,44.92,True,1.0
3,Noida,5,Green Chilli,2025-11-24,116.3,45.95,True,1.0
3,Noida,5,Green Chilli,2025-11-25,130.3,47.17,True,1.0
3,Noida,5,Green Chilli,2025-11-26,133.1,48.91,True,1.0
3,Noida,5,Green Chilli,2025-11-27,124.4,48.73,True,1.0
3,Noida,5,Green Chilli,2025-11-28,149.8,47.75,True,1.0
3,Noida,5,Green Chilli,2025-11-29,164.6,47.31,True,1.0
3,Noida,5,Green Chilli,2025-11-30,104.3,47.78,True,1.0
3,Noida,5,Green Chilli,2025-12-01,123.6,48.73,True,1.0
3,Noida,5,Green Chilli,2025-12-02,189.0,50.99,True,1.0
3,Noida,5,Green Chilli,2025-12-03,107.5,53.66,True,1.0
3,Noida,5,Green Chilli,2025-12-04,158.3,52.46,True,1.0
3,Noida,5,Green Chilli,2025-12-05,148.2,50.1,True,1.0
3,Noida,5,Green Chilli,2025-12-06,130.1,51.84,True,1.0
3,Noida,5,Green Chilli,2025-12-07,93.5,55.17,True,1.0
3,Noida,5,Green Chilli,2025-12-08,131.4,52.45,True,1.0
3,Noida,5,Green Chilli,2025-12-09,126.7,51.01,True,1.0
3,Noida,5,Green Chilli,2025-12-10,153.3,50.59,True,1.0
3,Noida,5,Green Chilli,2025-12-11,158.3,50.53,True,1.0
3,Noida,5,Green Chilli,2025-12-12,112.7,49.5,True,1.0
3,Noida,5,Green Chilli,2025-12-13,164.2,47.83,True,1.0
3,Noida,5,Green Chilli,2025-12-14,101.4,49.45,True,1.0
3,Noida,5,Green Chilli,2025-12-15,142.4,49.57,True,1.0
3,Noida,5,Green Chilli,2025-12-16,142.4,51.49,True,1.0
3,Noida,5,Green Chilli,2025-12-17,146.2,52.02,True,1.0
3,Noida,5,Green Chilli,2025-12-18,129.1,53.13,True,1.0
3,Noida,5,Green Chilli,2025-12-19,130.4,52.48,True,1.0
3,Noida,5,Green Chilli,2025-12-20,178.3,53.0,True,1.0
3,Noida,5,Green Chilli,2025-12-21,108.9,51.25,True,1.0
3,Noida,5,Green Chilli,2025-12-22,118.4,51.86,True,1.0
3,Noida,5,Green Chilli,2025-12-23,122.2,53.07,True,1.0
3,Noida,5,Green Chilli,2025-12-24,98.8,54.44,True,1.0
3,Noida,5,Green Chilli,2025-12-25,132.5,52.92,True,1.0
3,Noida,5,Green Chilli,2025-12-26,144.8,53.23,True,1.0
3,Noida,5,Green Chilli,2025-12-27,150.8,54.55,True,1.0
3,Noida,5,Green Chilli,2025-12-28,111.4,51.15,True,1.0
3,Noida,5,Green Chilli,2025-12-29,110.4,50.61,True,1.0
3,Noida,5,Green Chilli,2025-12-30,147.1,51.61,True,1.0
3,Noida,5,Green Chilli,2025-12-31,127.9,51.05,True,1.0
3,Noida,5,Green Chilli,2026-01-01,127.9,50.14,True,1.0
3,Noida,5,Green Chilli,2026-01-02,163.1,51.09,True,1.0
3,Noida,5,Green Chilli,2026-01-03,163.5,50.45,True,1.0
3,Noida,5,Green Chilli,2026-01-04,92.3,50.8,True,1.0
3,Noida,5,Green Chilli,2026-01-05,136.2,48.74,True,1.0
3,Noida,5,Green Chilli,2026-01-06,103.5,48.83,True,1.0
3,Noida,5,Green Chilli,2026-01-07,123.3,49.96,True,1.0
3,Noida,5,Green Chilli,2026-01-08,160.8,50.23,True,1.0
3,Noida,5,Green Chilli,2026-01-09,143.2,50.49,True,1.0
3,Noida,5,Green Chilli,2026-01-10,145.7,51.21,True,1.0
3,Noida,5,Green Chilli,2026-01-11,104.2,52.88,True,1.0
3,Noida,5,Green Chilli,2026-01-12,111.4,52.06,True,1.0
3,Noida,5,Green Chilli,2026-01-13,98.2,51.81,True,1.0
3,Noida,5,Green Chilli,2026-01-14,151.6,51.79,True,1.0
3,Noida,5,Green Chilli,2026-01-15,234.2,50.96,True,1.0
3,Noida,5,Green Chilli,2026-01-16,121.5,49.94,True,1.0
3,Noida,5,Green Chilli,2026-01-17,129.2,51.59,True,1.0
3,Noida,5,Green Chilli,2026-01-18,79.2,49.84,True,1.0
3,Noida,5,Green Chilli,2026-01-19,115.6,51.14,True,1.0
3,Noida,5,Green Chilli,2026-01-20,109.2,50.89,True,1.0
3,Noida,5,Green Chilli,2026-01-21,123.4,50.52,True,1.0
3,Noida,5,Green Chilli,2026-01-22,100.9,51.23,True,1.0
3,Noida,5,Green Chilli,2026-01-23,100.5,51.94,True,1.0
3,Noida,5,Green Chilli,2026-01-24,116.0,50.23,True,1.0
3,Noida,5,Green Chilli,2026-01-25,170.9,50.48,True,1.0
3,Noida,5,Green Chilli,2026-01-26,103.4,50.06,True,1.0
3,Noida,5,Green Chilli,2026-01-27,117.7,49.34,True,1.0
3,Noida,5,Green Chilli,2026-01-28,95.8,46.99,True,1.0
3,Noida,5,Green Chilli,2026-01-29,128.2,49.38,True,1.0
3,Noida,5,Green Chilli,2026-01-30,139.8,51.18,True,1.0
3,Noida,5,Green Chilli,2026-01-31,125.1,49.47,True,1.0
3,Noida,5,Green Chilli,2026-02-01,90.5,49.78,True,1.0
3,Noida,5,Green Chilli,2026-02-02,120.7,48.42,True,1.0
3,Noida,5,Green Chilli,2026-02-03,85.9,48.67,True,1.0
3,Noida,5,Green Chilli,2026-02-04,84.9,48.45,True,1.0
3,Noida,5,Green Chilli,2026-02-05,124.2,51.1,True,1.0
3,Noida,5,Green Chilli,2026-02-06,130.1,49.06,True,1.0
3,Noida,5,Green Chilli,2026-02-07,169.0,47.11,True,1.0
3,Noida,5,Green Chilli,2026-02-08,101.2,47.69,True,1.0
3,Noida,5,Green Chilli,2026-02-09,109.9,48.17,True,1.0
3,Noida,5,Green Chilli,2026-02-10,93.9,51.72,True,1.0
3,Noida,5,Green Chilli,2026-02-11,96.5,50.28,True,1.0
3,Noida,5,Green Chilli,2026-02-12,107.6,52.52,True,1.0
3,Noida,5,Green Chilli,2026-02-13,92.5,52.65,True,1.0
3,Noida,5,Green Chilli,2026-02-14,120.1,54.49,True,1.0
3,Noida,5,Green Chilli,2026-02-15,77.1,53.64,True,1.0
3,Noida,5,Green Chilli,2026-02-16,97.9,50.25,True,1.0
3,Noida,5,Green Chilli,2026-02-17,103.9,48.94,True,1.0
3,Noida,5,Green Chilli,2026-02-18,110.7,50.09,True,1.0
3,Noida,5,Green Chilli,2026-02-19,116.6,48.85,True,1.0
3,Noida,5,Green Chilli,2026-02-20,130.7,52.69,True,1.0
3,Noida,5,Green Chilli,2026-02-21,113.9,49.23,True,1.0
3,Noida,5,Green Chilli,2026-02-22,66.8,48.56,True,1.0
3,Noida,5,Green Chilli,2026-02-23,100.2,49.61,True,1.0
3,Noida,5,Green Chilli,2026-02-24,88.0,49.69,True,1.0
3,Noida,5,Green Chilli,2026-02-25,99.0,49.04,True,1.0
3,Noida,5,Green Chilli,2026-02-26,93.6,51.3,True,1.0
3,Noida,5,Green Chilli,2026-02-27,117.6,50.88,True,1.0
3,Noida,5,Green Chilli,2026-02-28,139.9,52.04,True,1.0
3,Noida,5,Green Chilli,2026-03-01,94.2,50.63,True,1.0
3,Noida,5,Green Chilli,2026-03-02,85.1,51.76,True,1.0
3,Noida,5,Green Chilli,2026-03-03,87.3,51.34,True,1.0
3,Noida,5,Green Chilli,2026-03-04,106.9,48.39,True,1.0
3,Noida,5,Green Chilli,2026-03-05,118.6,46.95,True,1.0
3,Noida,5,Green Chilli,2026-03-06,138.3,49.12,True,1.0
3,Noida,5,Green Chilli,2026-03-07,114.7,49.06,True,1.0
3,Noida,5,Green Chilli,2026-03-08,75.8,50.63,True,1.0
3,Noida,5,Green Chilli,2026-03-09,122.9,51.11,True,1.0
3,Noida,5,Green Chilli,2026-03-10,101.8,48.78,True,1.0
3,Noida,5,Green Chilli,2026-03-11,100.8,47.09,True,1.0
3,Noida,5,Green Chilli,2026-03-12,102.8,47.37,True,1.0
3,Noida,5,Green Chilli,2026-03-13,106.7,47.91,True,1.0
3,Noida,5,Green Chilli,2026-03-14,101.5,47.08,True,1.0
3,Noida,5,Green Chilli,2026-03-15,88.3,48.11,True,1.0
3,Noida,5,Green Chilli,2026-03-16,71.3,47.82,True,1.0
3,Noida,5,Green Chilli,2026-03-17,99.8,46.86,True,1.0
3,Noida,5,Green Chilli,2026-03-18,124.2,47.52,True,1.0
3,Noida,5,Green Chilli,2026-03-19,112.0,46.75,True,1.0
3,Noida,5,Green Chilli,2026-03-20,129.6,45.13,True,1.0
3,Noida,5,Green Chilli,2026-03-21,112.6,47.97,True,1.0
3,Noida,5,Green Chilli,2026-03-22,91.3,45.23,True,1.0
3,Noida,5,Green Chilli,2026-03-23,81.1,43.76,True,1.0
3,Noida,5,Green Chilli,2026-03-24,117.0,45.88,True,1.0
3,Noida,5,Green Chilli,2026-03-25,95.6,46.63,True,1.0
3,Noida,5,Green Chilli,2026-03-26,97.1,46.03,True,1.0
3,Noida,5,Green Chilli,2026-03-27,94.9,48.97,True,1.0
3,Noida,5,Green Chilli,2026-03-28,103.4,47.8,True,1.0
3,Noida,5,Green Chilli,2026-03-29,74.6,47.36,True,1.0
3,Noida,5,Green Chilli,2026-03-30,84.7,47.18,True,1.0
3,Noida,5,Green Chilli,2026-03-31,88.5,47.84,True,1.0
3,Noida,5,Green Chilli,2026-04-01,99.5,48.38,True,1.0
3,Noida,5,Green Chilli,2026-04-02,104.2,49.68,True,1.0
3,Noida,5,Green Chilli,2026-04-03,125.8,47.99,True,1.0
3,Noida,5,Green Chilli,2026-04-04,123.5,47.38,True,1.0
3,Noida,5,Green Chilli,2026-04-05,75.8,46.59,True,1.0
3,Noida,5,Green Chilli,2026-04-06,121.5,44.68,True,1.0
3,Noida,5,Green Chilli,2026-04-07,86.7,44.61,True,1.0
3,Noida,5,Green Chilli,2026-04-08,118.8,45.38,True,1.0
3,Noida,5,Green Chilli,2026-04-09,110.2,45.61,True,1.0
3,Noida,5,Green Chilli,2026-04-10,103.3,47.49,True,1.0
3,Noida,5,Green Chilli,2026-04-11,104.4,47.13,True,1.0
3,Noida,5,Green Chilli,2026-04-12,84.3,45.29,True,1.0
3,Noida,5,Green Chilli,2026-04-13,95.0,44.6,True,1.0
3,Noida,5,Green Chilli,2026-04-14,105.4,43.73,True,1.0
3,Noida,5,Green Chilli,2026-04-15,88.3,43.36,True,1.0
3,Noida,5,Green Chilli,2026-04-16,84.9,43.7,True,1.0
3,Noida,5,Green Chilli,2026-04-17,126.1,44.99,True,1.0
3,Noida,5,Green Chilli,2026-04-18,112.5,46.02,True,1.0
3,Noida,5,Green Chilli,2026-04-19,77.0,44.41,True,1.0
3,Noida,5,Green Chilli,2026-04-20,118.8,44.96,True,1.0
3,Noida,5,Green Chilli,2026-04-21,70.7,44.69,True,1.0
3,Noida,5,Green Chilli,2026-04-22,98.8,44.11,True,1.0
3,Noida,5,Green Chilli,2026-04-23,104.9,43.29,True,1.0
3,Noida,5,Green Chilli,2026-04-24,104.4,42.61,True,1.0
3,Noida,5,Green Chilli,2026-04-26,77.3,44.08,True,1.0
3,Noida,5,Green Chilli,2026-04-27,117.1,45.17,True,1.0
3,Noida,5,Green Chilli,2026-04-28,108.9,45.76,True,1.0
3,Noida,5,Green Chilli,2026-04-29,110.6,42.24,True,1.0
3,Noida,5,Green Chilli,2026-04-30,116.9,44.12,True,1.0
3,Noida,5,Green Chilli,2026-05-01,119.9,44.25,True,1.0
3,Noida,5,Green Chilli,2026-05-02,111.8,45.03,True,1.0
3,Noida,5,Green Chilli,2026-05-03,73.4,44.22,True,1.0
3,Noida,5,Green Chilli,2026-05-04,99.3,44.08,True,1.0
3,Noida,5,Green Chilli,2026-05-05,97.5,45.41,True,1.0
3,Noida,5,Green Chilli,2026-05-06,111.5,45.92,True,1.0
3,Noida,5,Green Chilli,2026-05-07,97.9,43.74,True,1.0
3,Noida,5,Green Chilli,2026-05-08,109.5,42.42,True,1.0
3,Noida,5,Green Chilli,2026-05-09,115.0,42.98,True,1.0
3,Noida,5,Green Chilli,2026-05-10,67.1,43.04,True,1.0
3,Noida,5,Green Chilli,2026-05-11,92.9,41.74,True,1.0
3,Noida,5,Green Chilli,2026-05-12,102.3,41.8,True,1.0
3,Noida,5,Green Chilli,2026-05-13,95.9,41.08,True,1.0
3,Noida,5,Green Chilli,2026-05-14,91.1,42.04,True,1.0
3,Noida,5,Green Chilli,2026-05-15,131.8,44.82,True,1.0
3,Noida,5,Green Chilli,2026-05-16,108.2,42.77,True,1.0
3,Noida,5,Green Chilli,2026-05-17,74.2,42.99,True,1.0
3,Noida,5,Green Chilli,2026-05-18,90.2,43.08,True,1.0
3,Noida,5,Green Chilli,2026-05-19,111.8,42.37,True,1.0
3,Noida,5,Green Chilli,2026-05-20,90.1,41.63,True,1.0
3,Noida,5,Green Chilli,2026-05-21,107.3,41.14,True,1.0
3,Noida,5,Green Chilli,2026-05-22,148.0,39.49,True,1.0
3,Noida,5,Green Chilli,2026-05-23,136.3,37.79,True,1.0
3,Noida,5,Green Chilli,2026-05-24,78.2,37.81,True,1.0
3,Noida,5,Green Chilli,2026-05-25,92.0,38.08,True,1.0
3,Noida,5,Green Chilli,2026-05-26,105.6,39.74,True,1.0
3,Noida,5,Green Chilli,2026-05-27,107.3,38.83,True,1.0
3,Noida,5,Green Chilli,2026-05-28,108.5,38.81,True,1.0
3,Noida,5,Green Chilli,2026-05-29,120.6,40.58,True,1.0
3,Noida,5,Green Chilli,2026-05-30,108.8,41.52,True,1.0
3,Noida,5,Green Chilli,2026-05-31,88.9,41.78,True,1.0
3,Noida,5,Green Chilli,2026-06-01,87.4,42.7,True,1.0
3,Noida,5,Green Chilli,2026-06-02,114.4,45.3,True,1.0
3,Noida,5,Green Chilli,2026-06-03,108.9,43.61,True,1.0
3,Noida,5,Green Chilli,2026-06-04,99.6,43.31,True,1.0
3,Noida,5,Green Chilli,2026-06-05,122.4,42.18,True,1.0
3,Noida,5,Green Chilli,2026-06-06,166.5,41.33,True,1.0
3,Noida,5,Green Chilli,2026-06-07,102.5,39.89,True,1.0
3,Noida,5,Green Chilli,2026-06-08,107.5,41.89,True,1.0
3,Noida,5,Green Chilli,2026-06-09,133.1,41.5,True,1.0
3,Noida,5,Green Chilli,2026-06-10,107.3,42.83,True,1.0
3,Noida,5,Green Chilli,2026-06-11,116.1,42.35,True,1.0
3,Noida,5,Green Chilli,2026-06-12,124.4,40.52,True,1.0
3,Noida,5,Green Chilli,2026-06-13,144.7,40.28,True,1.0
3,Noida,5,Green Chilli,2026-06-14,85.7,40.82,True,1.0
3,Noida,5,Green Chilli,2026-06-15,93.9,40.68,True,1.0
3,Noida,5,Green Chilli,2026-06-16,106.5,38.28,True,1.0
3,Noida,5,Green Chilli,2026-06-17,115.0,38.64,True,1.0
3,Noida,5,Green Chilli,2026-06-18,112.3,38.43,True,1.0
3,Noida,5,Green Chilli,2026-06-19,113.7,38.24,True,1.0
3,Noida,5,Green Chilli,2026-06-20,162.0,37.07,True,1.0
3,Noida,5,Green Chilli,2026-06-21,97.4,39.8,True,1.0
3,Noida,5,Green Chilli,2026-06-22,113.0,40.75,True,1.0
3,Noida,5,Green Chilli,2026-06-23,132.4,39.32,True,1.0
3,Noida,5,Green Chilli,2026-06-24,114.7,39.01,True,1.0
3,Noida,5,Green Chilli,2026-06-25,129.7,40.5,True,1.0
3,Noida,5,Green Chilli,2026-06-26,111.2,38.24,True,1.0
3,Noida,5,Green Chilli,2026-06-27,139.6,40.24,True,1.0
3,Noida,5,Green Chilli,2026-06-28,97.8,40.27,True,1.0
3,Noida,5,Green Chilli,2026-06-29,104.8,40.41,True,1.0
3,Noida,5,Green Chilli,2026-06-30,129.6,39.77,True,1.0
3,Noida,5,Green Chilli,2026-07-01,113.8,40.0,True,1.0
3,Noida,5,Green Chilli,2026-07-02,126.5,41.94,True,1.0
3,Noida,5,Green Chilli,2026-07-03,104.2,41.11,True,1.0
3,Noida,5,Green Chilli,2026-07-04,144.1,39.62,True,1.0
3,Noida,5,Green Chilli,2026-07-05,99.1,38.79,True,1.0
3,Noida,5,Green Chilli,2026-07-06,113.6,39.96,True,1.0
3,Noida,5,Green Chilli,2026-07-07,114.0,39.91,True,1.0
3,Noida,5,Green Chilli,2026-07-08,138.0,39.82,True,1.0
3,Noida,5,Green Chilli,2026-07-09,135.1,38.88,True,1.0
3,Noida,5,Green Chilli,2026-07-10,115.5,40.43,True,1.0
3,Noida,5,Green Chilli,2026-07-11,135.9,40.06,True,1.0
3,Noida,5,Green Chilli,2026-07-12,113.0,38.74,True,1.0
3,Noida,5,Green Chilli,2026-07-13,122.1,36.84,True,1.0
3,Noida,5,Green Chilli,2026-07-14,141.3,36.1,True,1.0
3,Noida,5,Green Chilli,2026-07-15,143.3,37.29,True,1.0
3,Noida,5,Green Chilli,2026-07-16,107.9,36.77,True,1.0
3,Noida,5,Green Chilli,2026-07-17,170.6,35.23,True,1.0
3,Noida,5,Green Chilli,2026-07-18,177.5,35.38,True,1.0
3,Noida,5,Green Chilli,2026-07-19,103.2,36.19,True,1.0
3,Noida,5,Green Chilli,2026-07-20,127.9,37.56,True,1.0
3,Noida,5,Green Chilli,2026-07-21,136.5,35.26,True,1.0
3,Noida,5,Green Chilli,2026-07-22,112.8,36.22,True,1.0
3,Noida,5,Green Chilli,2026-07-23,161.5,37.92,True,1.0
3,Noida,5,Green Chilli,2026-07-24,145.3,37.24,True,1.0
3,Noida,5,Green Chilli,2026-07-25,168.6,37.08,True,1.0
3,Noida,5,Green Chilli,2026-07-26,110.3,37.8,True,1.0
3,Noida,5,Green Chilli,2026-07-27,125.3,37.04,True,1.0
3,Noida,5,Green Chilli,2026-07-28,126.4,36.6,True,1.0
3,Noida,5,Green Chilli,2026-07-29,123.2,37.14,True,1.0
3,Noida,5,Green Chilli,2026-07-30,144.5,37.85,True,1.0
3,Noida,5,Green Chilli,2026-07-31,140.4,38.8,True,1.0
3,Noida,5,Green Chilli,2026-08-01,166.3,38.86,True,1.0
3,Noida,5,Green Chilli,2026-08-02,108.6,38.9,True,1.0
3,Noida,5,Green Chilli,2026-08-03,149.0,39.21,True,1.0
3,Noida,5,Green Chilli,2026-08-04,156.9,38.2,True,1.0
3,Noida,5,Green Chilli,2026-08-05,139.8,36.23,True,1.0
3,Noida,5,Green Chilli,2026-08-06,247.2,36.13,True,1.0
3,Noida,5,Green Chilli,2026-08-07,156.9,36.5,True,1.0
3,Noida,5,Green Chilli,2026-08-08,147.1,36.43,True,1.0
3,Noida,5,Green Chilli,2026-08-09,119.9,36.06,True,1.0
3,Noida,5,Green Chilli,2026-08-10,148.8,38.15,True,1.0
3,Noida,5,Green Chilli,2026-08-11,143.7,37.6,True,1.0
3,Noida,5,Green Chilli,2026-08-12,113.7,37.73,True,1.0
3,Noida,5,Green Chilli,2026-08-13,159.6,38.87,True,1.0
3,Noida,5,Green Chilli,2026-08-14,143.7,39.55,True,1.0
3,Noida,5,Green Chilli,2026-08-15,189.7,38.74,True,1.0
3,Noida,5,Green Chilli,2026-08-16,143.9,38.02,True,1.0
3,Noida,5,Green Chilli,2026-08-17,132.4,38.43,True,1.0
3,Noida,5,Green Chilli,2026-08-18,142.0,38.05,True,1.0
3,Noida,5,Green Chilli,2026-08-19,155.6,38.42,True,1.0
3,Noida,5,Green Chilli,2026-08-20,132.0,37.9,True,1.0
3,Noida,5,Green Chilli,2026-08-22,233.9,37.7,True,1.0
3,Noida,5,Green Chilli,2026-08-23,142.9,38.15,True,1.0
3,Noida,5,Green Chilli,2026-08-24,112.3,39.05,True,1.0
3,Noida,5,Green Chilli,2026-08-25,140.7,39.72,True,1.0
3,Noida,5,Green Chilli,2026-08-26,127.1,42.72,True,1.0
3,Noida,5,Green Chilli,2026-08-27,166.6,41.71,True,1.0
3,Noida,5,Green Chilli,2026-08-28,159.4,41.48,True,1.0
3,Noida,5,Green Chilli,2026-08-29,173.2,41.06,True,1.0
3,Noida,5,Green Chilli,2026-08-30,129.8,43.19,True,1.0
3,Noida,5,Green Chilli,2026-08-31,124.2,43.64,True,1.0
3,Noida,5,Green Chilli,2026-09-01,137.9,45.16,True,1.0
3,Noida,5,Green Chilli,2026-09-02,148.5,43.08,True,1.0
3,Noida,5,Green Chilli,2026-09-03,160.6,42.6,True,1.0
3,Noida,5,Green Chilli,2026-09-04,163.5,42.16,True,1.0
3,Noida,5,Green Chilli,2026-09-05,154.2,40.5,True,1.0
3,Noida,5,Green Chilli,2026-09-06,121.2,41.06,True,1.0
3,Noida,5,Green Chilli,2026-09-07,127.6,40.5,True,1.0
3,Noida,5,Green Chilli,2026-09-08,129.4,41.58,True,1.0
3,Noida,5,Green Chilli,2026-09-09,146.0,41.27,True,1.0
3,Noida,5,Green Chilli,2026-09-10,138.6,40.5,True,1.0
3,Noida,5,Green Chilli,2026-09-11,166.7,40.5,True,1.0
3,Noida,5,Green Chilli,2026-09-12,167.4,40.5,True,1.0
3,Noida,5,Green Chilli,2026-09-13,120.2,42.73,True,1.0
3,Noida,5,Green Chilli,2026-09-14,140.3,43.52,True,1.0
3,Noida,5,Green Chilli,2026-09-15,153.4,43.15,True,1.0
3,Noida,5,Green Chilli,2026-09-16,174.3,43.89,True,1.0
3,Noida,5,Green Chilli,2026-09-17,161.8,43.56,True,1.0
3,Noida,5,Green Chilli,2026-09-18,148.6,42.07,True,1.0
3,Noida,5,Green Chilli,2026-09-19,167.0,42.64,True,1.0
3,Noida,5,Green Chilli,2026-09-20,106.9,43.63,True,1.0
3,Noida,5,Green Chilli,2026-09-21,157.7,47.23,True,1.0
3,Noida,5,Green Chilli,2026-09-22,146.5,46.18,True,1.0
3,Noida,5,Green Chilli,2026-09-23,132.7,44.49,True,1.0
3,Noida,5,Green Chilli,2026-09-24,163.6,45.16,True,1.0
3,Noida,5,Green Chilli,2026-09-25,163.0,45.36,True,1.0
3,Noida,5,Green Chilli,2026-09-26,186.0,46.7,True,1.0
3,Noida,5,Green Chilli,2026-09-27,126.0,46.58,True,1.0
3,Noida,5,Green Chilli,2026-09-28,153.9,43.38,True,1.0
3,Noida,5,Green Chilli,2026-09-29,150.1,43.29,True,1.0
3,Noida,5,Green Chilli,2026-09-30,129.8,44.95,True,1.0
4,Ghaziabad,1,Tomato,2024-10-01,733.4,26.35,True,1.0
4,Ghaziabad,1,Tomato,2024-10-02,751.1,27.42,True,1.0
4,Ghaziabad,1,Tomato,2024-10-03,625.2,27.62,True,1.0
4,Ghaziabad,1,Tomato,2024-10-04,774.6,26.36,True,1.0
4,Ghaziabad,1,Tomato,2024-10-05,878.2,26.19,True,1.0
4,Ghaziabad,1,Tomato,2024-10-06,602.8,27.77,True,1.0
4,Ghaziabad,1,Tomato,2024-10-07,657.0,25.73,True,1.0
4,Ghaziabad,1,Tomato,2024-10-08,734.0,25.82,True,1.0
4,Ghaziabad,1,Tomato,2024-10-09,827.6,27.15,True,1.0
4,Ghaziabad,1,Tomato,2024-10-10,780.4,26.44,True,1.0
4,Ghaziabad,1,Tomato,2024-10-11,840.0,26.08,True,1.0
4,Ghaziabad,1,Tomato,2024-10-12,761.5,26.26,True,1.0
4,Ghaziabad,1,Tomato,2024-10-13,514.2,27.58,True,1.0
4,Ghaziabad,1,Tomato,2024-10-14,489.9,26.85,True,1.0
4,Ghaziabad,1,Tomato,2024-10-15,726.7,26.48,True,1.0
4,Ghaziabad,1,Tomato,2024-10-16,654.6,26.21,True,1.0
4,Ghaziabad,1,Tomato,2024-10-17,788.8,28.05,True,1.0
4,Ghaziabad,1,Tomato,2024-10-18,708.9,29.38,True,1.0
4,Ghaziabad,1,Tomato,2024-10-19,545.1,29.32,True,1.0
4,Ghaziabad,1,Tomato,2024-10-20,497.3,28.74,True,1.0
4,Ghaziabad,1,Tomato,2024-10-21,518.6,28.62,True,1.0
4,Ghaziabad,1,Tomato,2024-10-22,573.8,29.13,True,1.0
4,Ghaziabad,1,Tomato,2024-10-23,571.1,27.5,True,1.0
4,Ghaziabad,1,Tomato,2024-10-24,612.8,28.03,True,1.0
4,Ghaziabad,1,Tomato,2024-10-25,678.5,26.49,True,1.0
4,Ghaziabad,1,Tomato,2024-10-26,635.7,25.89,True,1.0
4,Ghaziabad,1,Tomato,2024-10-27,511.4,26.62,True,1.0
4,Ghaziabad,1,Tomato,2024-10-28,614.4,25.36,True,1.0
4,Ghaziabad,1,Tomato,2024-10-29,611.1,25.42,True,1.0
4,Ghaziabad,1,Tomato,2024-10-30,680.4,24.93,True,1.0
4,Ghaziabad,1,Tomato,2024-10-31,633.7,24.99,True,1.0
4,Ghaziabad,1,Tomato,2024-11-01,694.2,23.27,True,1.0
4,Ghaziabad,1,Tomato,2024-11-02,702.6,22.77,True,1.0
4,Ghaziabad,1,Tomato,2024-11-03,566.9,23.11,True,1.0
4,Ghaziabad,1,Tomato,2024-11-04,456.7,24.45,True,1.0
4,Ghaziabad,1,Tomato,2024-11-05,693.3,24.62,True,1.0
4,Ghaziabad,1,Tomato,2024-11-06,578.6,24.84,True,1.0
4,Ghaziabad,1,Tomato,2024-11-07,672.2,25.48,True,1.0
4,Ghaziabad,1,Tomato,2024-11-08,790.4,24.77,True,1.0
4,Ghaziabad,1,Tomato,2024-11-09,591.9,25.09,True,1.0
4,Ghaziabad,1,Tomato,2024-11-10,620.5,24.52,True,1.0
4,Ghaziabad,1,Tomato,2024-11-11,590.9,23.48,True,1.0
4,Ghaziabad,1,Tomato,2024-11-12,615.6,23.65,True,1.0
4,Ghaziabad,1,Tomato,2024-11-13,478.6,24.41,True,1.0
4,Ghaziabad,1,Tomato,2024-11-14,697.1,24.77,True,1.0
4,Ghaziabad,1,Tomato,2024-11-15,784.5,24.75,True,1.0
4,Ghaziabad,1,Tomato,2024-11-16,674.6,26.48,True,1.0
4,Ghaziabad,1,Tomato,2024-11-17,400.9,26.21,True,1.0
4,Ghaziabad,1,Tomato,2024-11-18,439.5,26.42,True,1.0
4,Ghaziabad,1,Tomato,2024-11-19,509.5,27.52,True,1.0
4,Ghaziabad,1,Tomato,2024-11-20,795.0,25.57,True,1.0
4,Ghaziabad,1,Tomato,2024-11-21,616.7,24.45,True,1.0
4,Ghaziabad,1,Tomato,2024-11-22,562.8,25.63,True,1.0
4,Ghaziabad,1,Tomato,2024-11-23,655.1,24.62,True,1.0
4,Ghaziabad,1,Tomato,2024-11-24,575.3,24.48,True,1.0
4,Ghaziabad,1,Tomato,2024-11-25,707.6,25.1,True,1.0
4,Ghaziabad,1,Tomato,2024-11-26,720.6,25.38,True,1.0
4,Ghaziabad,1,Tomato,2024-11-27,630.5,26.2,True,1.0
4,Ghaziabad,1,Tomato,2024-11-28,709.7,26.57,True,1.0
4,Ghaziabad,1,Tomato,2024-11-29,715.4,26.48,True,1.0
4,Ghaziabad,1,Tomato,2024-11-30,764.7,25.04,True,1.0
4,Ghaziabad,1,Tomato,2024-12-01,443.4,25.16,True,1.0
4,Ghaziabad,1,Tomato,2024-12-02,529.1,24.88,True,1.0
4,Ghaziabad,1,Tomato,2024-12-03,734.9,23.53,True,1.0
4,Ghaziabad,1,Tomato,2024-12-04,657.5,24.45,True,1.0
4,Ghaziabad,1,Tomato,2024-12-05,565.8,24.67,True,1.0
4,Ghaziabad,1,Tomato,2024-12-06,720.9,24.26,True,1.0
4,Ghaziabad,1,Tomato,2024-12-07,659.6,23.76,True,1.0
4,Ghaziabad,1,Tomato,2024-12-08,592.4,22.77,True,1.0
4,Ghaziabad,1,Tomato,2024-12-09,528.2,22.97,True,1.0
4,Ghaziabad,1,Tomato,2024-12-10,603.5,23.27,True,1.0
4,Ghaziabad,1,Tomato,2024-12-11,601.2,22.61,True,1.0
4,Ghaziabad,1,Tomato,2024-12-12,710.6,23.44,True,1.0
4,Ghaziabad,1,Tomato,2024-12-13,636.2,22.51,True,1.0
4,Ghaziabad,1,Tomato,2024-12-14,545.0,21.23,True,1.0
4,Ghaziabad,1,Tomato,2024-12-15,527.4,22.28,True,1.0
4,Ghaziabad,1,Tomato,2024-12-16,668.9,22.1,True,1.0
4,Ghaziabad,1,Tomato,2024-12-17,667.0,22.13,True,1.0
4,Ghaziabad,1,Tomato,2024-12-18,525.2,21.69,True,1.0
4,Ghaziabad,1,Tomato,2024-12-19,733.6,20.9,True,1.0
4,Ghaziabad,1,Tomato,2024-12-20,697.6,22.08,True,1.0
4,Ghaziabad,1,Tomato,2024-12-21,687.6,21.68,True,1.0
4,Ghaziabad,1,Tomato,2024-12-22,516.7,22.88,True,1.0
4,Ghaziabad,1,Tomato,2024-12-23,582.7,23.16,True,1.0
4,Ghaziabad,1,Tomato,2024-12-24,536.8,22.6,True,1.0
4,Ghaziabad,1,Tomato,2024-12-25,669.6,21.72,True,1.0
4,Ghaziabad,1,Tomato,2024-12-26,640.9,21.32,True,1.0
4,Ghaziabad,1,Tomato,2024-12-27,630.6,20.74,True,1.0
4,Ghaziabad,1,Tomato,2024-12-28,626.9,22.33,True,1.0
4,Ghaziabad,1,Tomato,2024-12-29,479.9,22.24,True,1.0
4,Ghaziabad,1,Tomato,2024-12-30,575.3,22.8,True,1.0
4,Ghaziabad,1,Tomato,2024-12-31,706.5,21.63,True,1.0
4,Ghaziabad,1,Tomato,2025-01-01,581.4,21.75,True,1.0
4,Ghaziabad,1,Tomato,2025-01-02,632.1,22.42,True,1.0
4,Ghaziabad,1,Tomato,2025-01-03,733.4,21.91,True,1.0
4,Ghaziabad,1,Tomato,2025-01-04,761.2,22.4,True,1.0
4,Ghaziabad,1,Tomato,2025-01-05,538.9,21.4,True,1.0
4,Ghaziabad,1,Tomato,2025-01-06,829.3,20.55,True,1.0
4,Ghaziabad,1,Tomato,2025-01-07,688.6,20.98,True,1.0
4,Ghaziabad,1,Tomato,2025-01-08,717.1,20.81,True,1.0
4,Ghaziabad,1,Tomato,2025-01-09,695.3,21.29,True,1.0
4,Ghaziabad,1,Tomato,2025-01-10,917.9,20.05,True,1.0
4,Ghaziabad,1,Tomato,2025-01-11,829.1,20.75,True,1.0
4,Ghaziabad,1,Tomato,2025-01-12,789.0,22.42,True,1.0
4,Ghaziabad,1,Tomato,2025-01-13,615.4,21.94,True,1.0
4,Ghaziabad,1,Tomato,2025-01-14,724.8,21.63,True,1.0
4,Ghaziabad,1,Tomato,2025-01-15,615.1,21.49,True,1.0
4,Ghaziabad,1,Tomato,2025-01-16,760.2,20.17,True,1.0
4,Ghaziabad,1,Tomato,2025-01-17,678.7,20.58,True,1.0
4,Ghaziabad,1,Tomato,2025-01-18,801.7,19.69,True,1.0
4,Ghaziabad,1,Tomato,2025-01-19,630.0,19.73,True,1.0
4,Ghaziabad,1,Tomato,2025-01-20,762.7,20.7,True,1.0
4,Ghaziabad,1,Tomato,2025-01-21,774.0,20.23,True,1.0
4,Ghaziabad,1,Tomato,2025-01-22,720.2,20.6,True,1.0
4,Ghaziabad,1,Tomato,2025-01-23,756.1,21.17,True,1.0
4,Ghaziabad,1,Tomato,2025-01-24,972.9,21.11,True,1.0
4,Ghaziabad,1,Tomato,2025-01-26,535.6,19.98,True,1.0
4,Ghaziabad,1,Tomato,2025-01-27,773.5,21.24,True,1.0
4,Ghaziabad,1,Tomato,2025-01-28,785.4,19.77,True,1.0
4,Ghaziabad,1,Tomato,2025-01-29,749.4,19.76,True,1.0
4,Ghaziabad,1,Tomato,2025-01-30,741.6,19.58,True,1.0
4,Ghaziabad,1,Tomato,2025-01-31,786.1,19.83,True,1.0
4,Ghaziabad,1,Tomato,2025-02-01,892.2,20.36,True,1.0
4,Ghaziabad,1,Tomato,2025-02-02,608.0,21.24,True,1.0
4,Ghaziabad,1,Tomato,2025-02-03,747.2,20.73,True,1.0
4,Ghaziabad,1,Tomato,2025-02-04,718.1,21.02,True,1.0
4,Ghaziabad,1,Tomato,2025-02-05,874.6,21.02,True,1.0
4,Ghaziabad,1,Tomato,2025-02-06,712.9,21.0,True,1.0
4,Ghaziabad,1,Tomato,2025-02-07,829.4,20.36,True,1.0
4,Ghaziabad,1,Tomato,2025-02-08,1027.4,19.68,True,1.0
4,Ghaziabad,1,Tomato,2025-02-09,718.7,19.15,True,1.0
4,Ghaziabad,1,Tomato,2025-02-10,764.4,18.97,True,1.0
4,Ghaziabad,1,Tomato,2025-02-11,894.5,19.43,True,1.0
4,Ghaziabad,1,Tomato,2025-02-12,712.6,20.0,True,1.0
4,Ghaziabad,1,Tomato,2025-02-13,819.2,20.15,True,1.0
4,Ghaziabad,1,Tomato,2025-02-14,745.5,19.76,True,1.0
4,Ghaziabad,1,Tomato,2025-02-15,948.0,20.84,True,1.0
4,Ghaziabad,1,Tomato,2025-02-16,707.4,21.45,True,1.0
4,Ghaziabad,1,Tomato,2025-02-17,714.6,20.74,True,1.0
4,Ghaziabad,1,Tomato,2025-02-18,865.5,19.99,True,1.0
4,Ghaziabad,1,Tomato,2025-02-19,844.8,20.01,True,1.0
4,Ghaziabad,1,Tomato,2025-02-20,814.9,20.69,True,1.0
4,Ghaziabad,1,Tomato,2025-02-21,840.9,20.61,True,1.0
4,Ghaziabad,1,Tomato,2025-02-22,1109.9,20.69,True,1.0
4,Ghaziabad,1,Tomato,2025-02-23,584.8,20.3,True,1.0
4,Ghaziabad,1,Tomato,2025-02-24,729.9,20.41,True,1.0
4,Ghaziabad,1,Tomato,2025-02-25,707.8,21.14,True,1.0
4,Ghaziabad,1,Tomato,2025-02-26,858.2,20.58,True,1.0
4,Ghaziabad,1,Tomato,2025-02-27,753.5,20.43,True,1.0
4,Ghaziabad,1,Tomato,2025-02-28,1091.5,20.38,True,1.0
4,Ghaziabad,1,Tomato,2025-03-01,906.7,20.37,True,1.0
4,Ghaziabad,1,Tomato,2025-03-02,571.8,19.4,True,1.0
4,Ghaziabad,1,Tomato,2025-03-03,895.2,18.51,True,1.0
4,Ghaziabad,1,Tomato,2025-03-04,944.3,18.35,True,1.0
4,Ghaziabad,1,Tomato,2025-03-05,1018.4,18.87,True,1.0
4,Ghaziabad,1,Tomato,2025-03-06,929.6,19.46,True,1.0
4,Ghaziabad,1,Tomato,2025-03-07,1004.3,19.29,True,1.0
4,Ghaziabad,1,Tomato,2025-03-08,1023.6,20.24,True,1.0
4,Ghaziabad,1,Tomato,2025-03-09,623.5,20.05,True,1.0
4,Ghaziabad,1,Tomato,2025-03-10,1244.1,20.01,True,1.0
4,Ghaziabad,1,Tomato,2025-03-11,973.6,19.87,True,1.0
4,Ghaziabad,1,Tomato,2025-03-12,924.1,19.96,True,1.0
4,Ghaziabad,1,Tomato,2025-03-13,1005.3,20.37,True,1.0
4,Ghaziabad,1,Tomato,2025-03-14,1029.5,20.63,True,1.0
4,Ghaziabad,1,Tomato,2025-03-15,1108.3,19.92,True,1.0
4,Ghaziabad,1,Tomato,2025-03-16,717.3,20.83,True,1.0
4,Ghaziabad,1,Tomato,2025-03-17,975.4,19.96,True,1.0
4,Ghaziabad,1,Tomato,2025-03-18,940.4,20.03,True,1.0
4,Ghaziabad,1,Tomato,2025-03-19,893.6,19.89,True,1.0
4,Ghaziabad,1,Tomato,2025-03-20,1109.4,19.37,True,1.0
4,Ghaziabad,1,Tomato,2025-03-21,1070.3,19.55,True,1.0
4,Ghaziabad,1,Tomato,2025-03-22,1081.0,19.32,True,1.0
4,Ghaziabad,1,Tomato,2025-03-23,604.5,19.62,True,1.0
4,Ghaziabad,1,Tomato,2025-03-24,1004.4,20.03,True,1.0
4,Ghaziabad,1,Tomato,2025-03-25,835.4,20.96,True,1.0
4,Ghaziabad,1,Tomato,2025-03-26,998.0,20.94,True,1.0
4,Ghaziabad,1,Tomato,2025-03-27,933.3,20.4,True,1.0
4,Ghaziabad,1,Tomato,2025-03-28,1222.8,20.16,True,1.0
4,Ghaziabad,1,Tomato,2025-03-29,1282.7,20.32,True,1.0
4,Ghaziabad,1,Tomato,2025-03-30,762.0,20.41,True,1.0
4,Ghaziabad,1,Tomato,2025-03-31,920.8,21.3,True,1.0
4,Ghaziabad,1,Tomato,2025-04-01,943.8,21.92,True,1.0
4,Ghaziabad,1,Tomato,2025-04-02,1087.9,21.28,True,1.0
4,Ghaziabad,1,Tomato,2025-04-03,855.0,20.75,True,1.0
4,Ghaziabad,1,Tomato,2025-04-04,1098.7,19.26,True,1.0
4,Ghaziabad,1,Tomato,2025-04-05,1091.7,19.37,True,1.0
4,Ghaziabad,1,Tomato,2025-04-06,797.8,19.23,True,1.0
4,Ghaziabad,1,Tomato,2025-04-07,863.9,19.48,True,1.0
4,Ghaziabad,1,Tomato,2025-04-08,875.7,20.1,True,1.0
4,Ghaziabad,1,Tomato,2025-04-09,997.1,20.43,True,1.0
4,Ghaziabad,1,Tomato,2025-04-10,1185.1,20.56,True,1.0
4,Ghaziabad,1,Tomato,2025-04-11,1015.4,20.8,True,1.0
4,Ghaziabad,1,Tomato,2025-04-12,1117.4,20.8,True,1.0
4,Ghaziabad,1,Tomato,2025-04-13,892.3,21.0,True,1.0
4,Ghaziabad,1,Tomato,2025-04-14,999.8,19.18,True,1.0
4,Ghaziabad,1,Tomato,2025-04-15,1076.4,19.61,True,1.0
4,Ghaziabad,1,Tomato,2025-04-16,1135.1,20.02,True,1.0
4,Ghaziabad,1,Tomato,2025-04-17,857.0,20.2,True,1.0
4,Ghaziabad,1,Tomato,2025-04-18,1012.0,20.41,True,1.0
4,Ghaziabad,1,Tomato,2025-04-19,1108.9,21.12,True,1.0
4,Ghaziabad,1,Tomato,2025-04-20,834.0,20.86,True,1.0
4,Ghaziabad,1,Tomato,2025-04-21,918.8,22.43,True,1.0
4,Ghaziabad,1,Tomato,2025-04-22,827.2,22.61,True,1.0
4,Ghaziabad,1,Tomato,2025-04-23,827.2,22.31,True,1.0
4,Ghaziabad,1,Tomato,2025-04-24,1033.1,21.99,True,1.0
4,Ghaziabad,1,Tomato,2025-04-25,1124.2,21.87,True,1.0
4,Ghaziabad,1,Tomato,2025-04-26,1206.8,21.29,True,1.0
4,Ghaziabad,1,Tomato,2025-04-27,758.7,21.41,True,1.0
4,Ghaziabad,1,Tomato,2025-04-28,847.5,21.74,True,1.0
4,Ghaziabad,1,Tomato,2025-04-29,975.3,22.19,True,1.0
4,Ghaziabad,1,Tomato,2025-04-30,907.7,22.52,True,1.0
4,Ghaziabad,1,Tomato,2025-05-01,1417.3,22.23,True,1.0
4,Ghaziabad,1,Tomato,2025-05-02,1196.3,21.34,True,1.0
4,Ghaziabad,1,Tomato,2025-05-03,1185.2,21.21,True,1.0
4,Ghaziabad,1,Tomato,2025-05-04,973.0,22.55,True,1.0
4,Ghaziabad,1,Tomato,2025-05-05,1003.5,23.09,True,1.0
4,Ghaziabad,1,Tomato,2025-05-06,1001.8,23.15,True,1.0
4,Ghaziabad,1,Tomato,2025-05-07,1333.5,22.47,True,1.0
4,Ghaziabad,1,Tomato,2025-05-09,1166.4,21.77,True,1.0
4,Ghaziabad,1,Tomato,2025-05-10,1467.2,21.71,True,1.0
4,Ghaziabad,1,Tomato,2025-05-11,925.6,21.88,True,1.0
4,Ghaziabad,1,Tomato,2025-05-12,1006.1,21.95,True,1.0
4,Ghaziabad,1,Tomato,2025-05-13,1038.1,22.86,True,1.0
4,Ghaziabad,1,Tomato,2025-05-14,1068.5,22.0,True,1.0
4,Ghaziabad,1,Tomato,2025-05-15,923.1,21.78,True,1.0
4,Ghaziabad,1,Tomato,2025-05-16,1122.5,21.33,True,1.0
4,Ghaziabad,1,Tomato,2025-05-17,1068.2,21.12,True,1.0
4,Ghaziabad,1,Tomato,2025-05-18,885.2,21.83,True,1.0
4,Ghaziabad,1,Tomato,2025-05-19,970.6,21.29,True,1.0
4,Ghaziabad,1,Tomato,2025-05-20,1057.7,22.39,True,1.0
4,Ghaziabad,1,Tomato,2025-05-21,1638.4,22.56,True,1.0
4,Ghaziabad,1,Tomato,2025-05-22,906.5,22.91,True,1.0
4,Ghaziabad,1,Tomato,2025-05-23,1303.4,23.35,True,1.0
4,Ghaziabad,1,Tomato,2025-05-24,1416.7,23.18,True,1.0
4,Ghaziabad,1,Tomato,2025-05-25,894.2,24.06,True,1.0
4,Ghaziabad,1,Tomato,2025-05-26,1259.1,23.87,True,1.0
4,Ghaziabad,1,Tomato,2025-05-27,871.8,24.31,True,1.0
4,Ghaziabad,1,Tomato,2025-05-28,1143.7,24.08,True,1.0
4,Ghaziabad,1,Tomato,2025-05-29,924.2,24.29,True,1.0
4,Ghaziabad,1,Tomato,2025-05-30,1120.0,24.45,True,1.0
4,Ghaziabad,1,Tomato,2025-05-31,1233.7,24.56,True,1.0
4,Ghaziabad,1,Tomato,2025-06-01,765.0,23.81,True,1.0
4,Ghaziabad,1,Tomato,2025-06-02,1123.0,24.28,True,1.0
4,Ghaziabad,1,Tomato,2025-06-03,1136.1,24.12,True,1.0
4,Ghaziabad,1,Tomato,2025-06-04,1205.4,24.68,True,1.0
4,Ghaziabad,1,Tomato,2025-06-05,795.4,23.19,True,1.0
4,Ghaziabad,1,Tomato,2025-06-06,1172.2,22.65,True,1.0
4,Ghaziabad,1,Tomato,2025-06-07,1377.9,23.5,True,1.0
4,Ghaziabad,1,Tomato,2025-06-08,718.9,25.2,True,1.0
4,Ghaziabad,1,Tomato,2025-06-09,953.0,25.71,True,1.0
4,Ghaziabad,1,Tomato,2025-06-10,1165.6,24.99,True,1.0
4,Ghaziabad,1,Tomato,2025-06-11,1032.3,23.82,True,1.0
4,Ghaziabad,1,Tomato,2025-06-12,1101.0,24.72,True,1.0
4,Ghaziabad,1,Tomato,2025-06-13,1162.1,24.79,True,1.0
4,Ghaziabad,1,Tomato,2025-06-14,1116.1,25.35,True,1.0
4,Ghaziabad,1,Tomato,2025-06-15,646.2,25.42,True,1.0
4,Ghaziabad,1,Tomato,2025-06-16,819.2,25.43,True,1.0
4,Ghaziabad,1,Tomato,2025-06-17,824.0,27.67,True,1.0
4,Ghaziabad,1,Tomato,2025-06-18,1202.5,27.0,True,1.0
4,Ghaziabad,1,Tomato,2025-06-19,936.2,26.45,True,1.0
4,Ghaziabad,1,Tomato,2025-06-20,1091.3,26.11,True,1.0
4,Ghaziabad,1,Tomato,2025-06-21,1185.1,25.56,True,1.0
4,Ghaziabad,1,Tomato,2025-06-22,792.1,26.36,True,1.0
4,Ghaziabad,1,Tomato,2025-06-23,1078.7,25.94,True,1.0
4,Ghaziabad,1,Tomato,2025-06-24,987.1,26.4,True,1.0
4,Ghaziabad,1,Tomato,2025-06-25,1138.8,26.49,True,1.0
4,Ghaziabad,1,Tomato,2025-06-26,1034.5,27.28,True,1.0
4,Ghaziabad,1,Tomato,2025-06-27,1017.3,27.25,True,1.0
4,Ghaziabad,1,Tomato,2025-06-28,1161.9,26.0,True,1.0
4,Ghaziabad,1,Tomato,2025-06-29,736.4,25.1,True,1.0
4,Ghaziabad,1,Tomato,2025-06-30,847.9,26.49,True,1.0
4,Ghaziabad,1,Tomato,2025-07-01,826.9,25.99,True,1.0
4,Ghaziabad,1,Tomato,2025-07-02,879.0,25.15,True,1.0
4,Ghaziabad,1,Tomato,2025-07-03,959.3,25.05,True,1.0
4,Ghaziabad,1,Tomato,2025-07-04,1011.6,26.42,True,1.0
4,Ghaziabad,1,Tomato,2025-07-05,1459.5,25.41,True,1.0
4,Ghaziabad,1,Tomato,2025-07-06,861.3,25.14,True,1.0
4,Ghaziabad,1,Tomato,2025-07-07,1209.8,25.11,True,1.0
4,Ghaziabad,1,Tomato,2025-07-08,954.7,24.69,True,1.0
4,Ghaziabad,1,Tomato,2025-07-09,805.6,24.47,True,1.0
4,Ghaziabad,1,Tomato,2025-07-10,921.8,24.09,True,1.0
4,Ghaziabad,1,Tomato,2025-07-11,1430.8,24.58,True,1.0
4,Ghaziabad,1,Tomato,2025-07-12,1161.4,25.01,True,1.0
4,Ghaziabad,1,Tomato,2025-07-13,878.1,25.1,True,1.0
4,Ghaziabad,1,Tomato,2025-07-14,742.2,24.49,True,1.0
4,Ghaziabad,1,Tomato,2025-07-15,1001.1,26.17,True,1.0
4,Ghaziabad,1,Tomato,2025-07-16,1927.4,25.47,True,1.0
4,Ghaziabad,1,Tomato,2025-07-17,820.2,26.19,True,1.0
4,Ghaziabad,1,Tomato,2025-07-18,875.5,25.7,True,1.0
4,Ghaziabad,1,Tomato,2025-07-19,1225.1,26.67,True,1.0
4,Ghaziabad,1,Tomato,2025-07-20,691.0,27.61,True,1.0
4,Ghaziabad,1,Tomato,2025-07-21,971.3,26.86,True,1.0
4,Ghaziabad,1,Tomato,2025-07-22,955.6,25.59,True,1.0
4,Ghaziabad,1,Tomato,2025-07-23,909.6,26.66,True,1.0
4,Ghaziabad,1,Tomato,2025-07-24,991.0,28.39,True,1.0
4,Ghaziabad,1,Tomato,2025-07-25,1256.0,28.47,True,1.0
4,Ghaziabad,1,Tomato,2025-07-26,941.0,28.33,True,1.0
4,Ghaziabad,1,Tomato,2025-07-27,772.2,28.78,True,1.0
4,Ghaziabad,1,Tomato,2025-07-28,919.0,29.07,True,1.0
4,Ghaziabad,1,Tomato,2025-07-29,892.5,27.98,True,1.0
4,Ghaziabad,1,Tomato,2025-07-30,1021.0,27.38,True,1.0
4,Ghaziabad,1,Tomato,2025-07-31,904.4,27.98,True,1.0
4,Ghaziabad,1,Tomato,2025-08-01,859.6,27.81,True,1.0
4,Ghaziabad,1,Tomato,2025-08-02,849.8,28.88,True,1.0
4,Ghaziabad,1,Tomato,2025-08-03,635.3,28.0,True,1.0
4,Ghaziabad,1,Tomato,2025-08-04,1042.8,28.57,True,1.0
4,Ghaziabad,1,Tomato,2025-08-05,1020.3,28.65,True,1.0
4,Ghaziabad,1,Tomato,2025-08-06,931.3,28.33,True,1.0
4,Ghaziabad,1,Tomato,2025-08-07,870.8,29.18,True,1.0
4,Ghaziabad,1,Tomato,2025-08-08,912.4,29.38,True,1.0
4,Ghaziabad,1,Tomato,2025-08-09,1035.4,28.14,True,1.0
4,Ghaziabad,1,Tomato,2025-08-10,698.8,28.63,True,1.0
4,Ghaziabad,1,Tomato,2025-08-11,953.6,29.59,True,1.0
4,Ghaziabad,1,Tomato,2025-08-12,770.1,29.02,True,1.0
4,Ghaziabad,1,Tomato,2025-08-13,908.9,28.53,True,1.0
4,Ghaziabad,1,Tomato,2025-08-14,762.4,27.86,True,1.0
4,Ghaziabad,1,Tomato,2025-08-15,1048.3,27.93,True,1.0
4,Ghaziabad,1,Tomato,2025-08-16,966.3,28.54,True,1.0
4,Ghaziabad,1,Tomato,2025-08-17,683.0,27.77,True,1.0
4,Ghaziabad,1,Tomato,2025-08-18,865.1,26.83,True,1.0
4,Ghaziabad,1,Tomato,2025-08-19,711.2,26.93,True,1.0
4,Ghaziabad,1,Tomato,2025-08-20,856.1,26.24,True,1.0
4,Ghaziabad,1,Tomato,2025-08-21,934.6,27.22,True,1.0
4,Ghaziabad,1,Tomato,2025-08-22,917.4,27.17,True,1.0
4,Ghaziabad,1,Tomato,2025-08-23,900.1,26.13,True,1.0
4,Ghaziabad,1,Tomato,2025-08-24,653.3,26.47,True,1.0
4,Ghaziabad,1,Tomato,2025-08-25,846.7,26.83,True,1.0
4,Ghaziabad,1,Tomato,2025-08-26,802.2,27.59,True,1.0
4,Ghaziabad,1,Tomato,2025-08-27,858.4,27.66,True,1.0
4,Ghaziabad,1,Tomato,2025-08-28,636.7,29.34,True,1.0
4,Ghaziabad,1,Tomato,2025-08-29,1008.1,28.57,True,1.0
4,Ghaziabad,1,Tomato,2025-08-30,763.7,28.41,True,1.0
4,Ghaziabad,1,Tomato,2025-08-31,844.2,28.26,True,1.0
4,Ghaziabad,1,Tomato,2025-09-01,704.9,28.01,True,1.0
4,Ghaziabad,1,Tomato,2025-09-02,794.5,28.18,True,1.0
4,Ghaziabad,1,Tomato,2025-09-03,709.0,28.62,True,1.0
4,Ghaziabad,1,Tomato,2025-09-04,567.4,29.59,True,1.0
4,Ghaziabad,1,Tomato,2025-09-05,695.4,27.87,True,1.0
4,Ghaziabad,1,Tomato,2025-09-06,706.9,27.55,True,1.0
4,Ghaziabad,1,Tomato,2025-09-07,713.8,27.37,True,1.0
4,Ghaziabad,1,Tomato,2025-09-08,713.3,28.34,True,1.0
4,Ghaziabad,1,Tomato,2025-09-09,850.1,27.98,True,1.0
4,Ghaziabad,1,Tomato,2025-09-10,722.9,26.54,True,1.0
4,Ghaziabad,1,Tomato,2025-09-11,875.8,27.05,True,1.0
4,Ghaziabad,1,Tomato,2025-09-12,709.9,27.32,True,1.0
4,Ghaziabad,1,Tomato,2025-09-13,1039.4,27.67,True,1.0
4,Ghaziabad,1,Tomato,2025-09-14,648.6,26.96,True,1.0
4,Ghaziabad,1,Tomato,2025-09-15,720.3,28.63,True,1.0
4,Ghaziabad,1,Tomato,2025-09-16,867.7,28.17,True,1.0
4,Ghaziabad,1,Tomato,2025-09-17,825.1,27.95,True,1.0
4,Ghaziabad,1,Tomato,2025-09-18,776.6,27.23,True,1.0
4,Ghaziabad,1,Tomato,2025-09-19,729.9,26.7,True,1.0
4,Ghaziabad,1,Tomato,2025-09-20,958.9,26.11,True,1.0
4,Ghaziabad,1,Tomato,2025-09-21,583.7,26.32,True,1.0
4,Ghaziabad,1,Tomato,2025-09-22,635.7,26.03,True,1.0
4,Ghaziabad,1,Tomato,2025-09-23,843.4,28.14,True,1.0
4,Ghaziabad,1,Tomato,2025-09-24,801.7,26.54,True,1.0
4,Ghaziabad,1,Tomato,2025-09-25,785.2,26.03,True,1.0
4,Ghaziabad,1,Tomato,2025-09-26,685.8,26.21,True,1.0
4,Ghaziabad,1,Tomato,2025-09-27,721.5,27.14,True,1.0
4,Ghaziabad,1,Tomato,2025-09-28,690.6,26.95,True,1.0
4,Ghaziabad,1,Tomato,2025-09-29,770.4,27.66,True,1.0
4,Ghaziabad,1,Tomato,2025-09-30,712.6,26.84,True,1.0
4,Ghaziabad,1,Tomato,2025-10-01,702.6,27.07,True,1.0
4,Ghaziabad,1,Tomato,2025-10-02,737.1,28.57,True,1.0
4,Ghaziabad,1,Tomato,2025-10-03,914.8,27.44,True,1.0
4,Ghaziabad,1,Tomato,2025-10-04,734.7,27.74,True,1.0
4,Ghaziabad,1,Tomato,2025-10-05,539.9,27.77,True,1.0
4,Ghaziabad,1,Tomato,2025-10-06,832.0,25.89,True,1.0
4,Ghaziabad,1,Tomato,2025-10-07,693.5,25.84,True,1.0
4,Ghaziabad,1,Tomato,2025-10-08,652.6,27.09,True,1.0
4,Ghaziabad,1,Tomato,2025-10-09,1019.5,27.2,True,1.0
4,Ghaziabad,1,Tomato,2025-10-10,674.3,26.23,True,1.0
4,Ghaziabad,1,Tomato,2025-10-11,685.1,26.99,True,1.0
4,Ghaziabad,1,Tomato,2025-10-12,630.1,26.61,True,1.0
4,Ghaziabad,1,Tomato,2025-10-13,689.8,26.97,True,1.0
4,Ghaziabad,1,Tomato,2025-10-14,725.5,27.23,True,1.0
4,Ghaziabad,1,Tomato,2025-10-15,655.8,26.25,True,1.0
4,Ghaziabad,1,Tomato,2025-10-16,620.4,27.0,True,1.0
4,Ghaziabad,1,Tomato,2025-10-17,843.0,26.14,True,1.0
4,Ghaziabad,1,Tomato,2025-10-18,716.4,25.32,True,1.0
4,Ghaziabad,1,Tomato,2025-10-19,485.9,25.05,True,1.0
4,Ghaziabad,1,Tomato,2025-10-20,568.3,25.23,True,1.0
4,Ghaziabad,1,Tomato,2025-10-21,605.0,25.67,True,1.0
4,Ghaziabad,1,Tomato,2025-10-22,655.3,25.32,True,1.0
4,Ghaziabad,1,Tomato,2025-10-23,715.9,26.18,True,1.0
4,Ghaziabad,1,Tomato,2025-10-24,607.3,26.4,True,1.0
4,Ghaziabad,1,Tomato,2025-10-25,651.8,25.82,True,1.0
4,Ghaziabad,1,Tomato,2025-10-26,580.8,26.59,True,1.0
4,Ghaziabad,1,Tomato,2025-10-27,637.3,27.33,True,1.0
4,Ghaziabad,1,Tomato,2025-10-28,613.3,26.86,True,1.0
4,Ghaziabad,1,Tomato,2025-10-29,609.3,26.43,True,1.0
4,Ghaziabad,1,Tomato,2025-10-30,712.0,24.97,True,1.0
4,Ghaziabad,1,Tomato,2025-10-31,895.5,24.94,True,1.0
4,Ghaziabad,1,Tomato,2025-11-01,867.7,24.97,True,1.0
4,Ghaziabad,1,Tomato,2025-11-02,682.5,25.37,True,1.0
4,Ghaziabad,1,Tomato,2025-11-03,522.6,25.33,True,1.0
4,Ghaziabad,1,Tomato,2025-11-04,629.2,25.58,True,1.0
4,Ghaziabad,1,Tomato,2025-11-05,636.7,26.7,True,1.0
4,Ghaziabad,1,Tomato,2025-11-06,728.4,25.92,True,1.0
4,Ghaziabad,1,Tomato,2025-11-07,776.3,25.4,True,1.0
4,Ghaziabad,1,Tomato,2025-11-08,905.2,24.44,True,1.0
4,Ghaziabad,1,Tomato,2025-11-09,476.2,24.67,True,1.0
4,Ghaziabad,1,Tomato,2025-11-10,766.3,25.52,True,1.0
4,Ghaziabad,1,Tomato,2025-11-11,779.7,24.15,True,1.0
4,Ghaziabad,1,Tomato,2025-11-12,590.8,23.95,True,1.0
4,Ghaziabad,1,Tomato,2025-11-13,654.0,24.27,True,1.0
4,Ghaziabad,1,Tomato,2025-11-14,672.1,25.05,True,1.0
4,Ghaziabad,1,Tomato,2025-11-15,625.0,25.26,True,1.0
4,Ghaziabad,1,Tomato,2025-11-16,479.8,25.34,True,1.0
4,Ghaziabad,1,Tomato,2025-11-17,718.2,24.97,True,1.0
4,Ghaziabad,1,Tomato,2025-11-18,650.7,25.2,True,1.0
4,Ghaziabad,1,Tomato,2025-11-19,586.6,25.73,True,1.0
4,Ghaziabad,1,Tomato,2025-11-20,752.6,24.14,True,1.0
4,Ghaziabad,1,Tomato,2025-11-21,567.8,24.72,True,1.0
4,Ghaziabad,1,Tomato,2025-11-22,619.1,24.53,True,1.0
4,Ghaziabad,1,Tomato,2025-11-23,485.4,24.07,True,1.0
4,Ghaziabad,1,Tomato,2025-11-24,696.1,22.48,True,1.0
4,Ghaziabad,1,Tomato,2025-11-25,760.6,22.06,True,1.0
4,Ghaziabad,1,Tomato,2025-11-26,648.6,23.76,True,1.0
4,Ghaziabad,1,Tomato,2025-11-27,724.4,23.35,True,1.0
4,Ghaziabad,1,Tomato,2025-11-28,866.0,22.79,True,1.0
4,Ghaziabad,1,Tomato,2025-11-29,1007.9,22.79,True,1.0
4,Ghaziabad,1,Tomato,2025-11-30,572.9,22.58,True,1.0
4,Ghaziabad,1,Tomato,2025-12-01,648.0,22.98,True,1.0
4,Ghaziabad,1,Tomato,2025-12-02,689.2,24.19,True,1.0
4,Ghaziabad,1,Tomato,2025-12-03,772.7,23.59,True,1.0
4,Ghaziabad,1,Tomato,2025-12-04,643.4,23.65,True,1.0
4,Ghaziabad,1,Tomato,2025-12-05,641.1,22.81,True,1.0
4,Ghaziabad,1,Tomato,2025-12-06,762.9,23.97,True,1.0
4,Ghaziabad,1,Tomato,2025-12-07,482.6,23.88,True,1.0
4,Ghaziabad,1,Tomato,2025-12-08,569.7,22.94,True,1.0
4,Ghaziabad,1,Tomato,2025-12-09,614.8,23.59,True,1.0
4,Ghaziabad,1,Tomato,2025-12-10,853.2,24.23,True,1.0
4,Ghaziabad,1,Tomato,2025-12-11,600.7,23.95,True,1.0
4,Ghaziabad,1,Tomato,2025-12-12,754.1,22.54,True,1.0
4,Ghaziabad,1,Tomato,2025-12-13,748.0,23.81,True,1.0
4,Ghaziabad,1,Tomato,2025-12-14,604.5,23.69,True,1.0
4,Ghaziabad,1,Tomato,2025-12-15,712.9,24.17,True,1.0
4,Ghaziabad,1,Tomato,2025-12-16,527.6,23.32,True,1.0
4,Ghaziabad,1,Tomato,2025-12-17,616.8,22.82,True,1.0
4,Ghaziabad,1,Tomato,2025-12-18,641.7,22.79,True,1.0
4,Ghaziabad,1,Tomato,2025-12-19,589.3,23.4,True,1.0
4,Ghaziabad,1,Tomato,2025-12-20,866.3,23.17,True,1.0
4,Ghaziabad,1,Tomato,2025-12-21,551.1,22.09,True,1.0
4,Ghaziabad,1,Tomato,2025-12-22,554.5,22.29,True,1.0
4,Ghaziabad,1,Tomato,2025-12-23,691.6,23.3,True,1.0
4,Ghaziabad,1,Tomato,2025-12-24,577.7,22.97,True,1.0
4,Ghaziabad,1,Tomato,2025-12-25,703.2,22.76,True,1.0
4,Ghaziabad,1,Tomato,2025-12-26,701.2,21.72,True,1.0
4,Ghaziabad,1,Tomato,2025-12-27,848.1,20.91,True,1.0
4,Ghaziabad,1,Tomato,2025-12-28,599.7,20.8,True,1.0
4,Ghaziabad,1,Tomato,2025-12-29,675.7,20.88,True,1.0
4,Ghaziabad,1,Tomato,2025-12-30,765.0,21.19,True,1.0
4,Ghaziabad,1,Tomato,2025-12-31,597.8,21.42,True,1.0
4,Ghaziabad,1,Tomato,2026-01-01,703.2,22.46,True,1.0
4,Ghaziabad,1,Tomato,2026-01-02,690.0,22.21,True,1.0
4,Ghaziabad,1,Tomato,2026-01-03,809.6,22.65,True,1.0
4,Ghaziabad,1,Tomato,2026-01-04,605.4,22.24,True,1.0
4,Ghaziabad,1,Tomato,2026-01-05,711.7,22.89,True,1.0
4,Ghaziabad,1,Tomato,2026-01-06,681.2,21.23,True,1.0
4,Ghaziabad,1,Tomato,2026-01-07,903.4,20.87,True,1.0
4,Ghaziabad,1,Tomato,2026-01-08,756.4,21.55,True,1.0
4,Ghaziabad,1,Tomato,2026-01-09,765.3,21.32,True,1.0
4,Ghaziabad,1,Tomato,2026-01-10,711.6,21.81,True,1.0
4,Ghaziabad,1,Tomato,2026-01-11,575.0,21.81,True,1.0
4,Ghaziabad,1,Tomato,2026-01-12,685.2,22.14,True,1.0
4,Ghaziabad,1,Tomato,2026-01-13,558.6,22.15,True,1.0
4,Ghaziabad,1,Tomato,2026-01-14,806.0,22.18,True,1.0
4,Ghaziabad,1,Tomato,2026-01-15,765.9,22.71,True,1.0
4,Ghaziabad,1,Tomato,2026-01-16,743.8,22.74,True,1.0
4,Ghaziabad,1,Tomato,2026-01-17,766.1,22.75,True,1.0
4,Ghaziabad,1,Tomato,2026-01-18,495.5,22.12,True,1.0
4,Ghaziabad,1,Tomato,2026-01-19,788.1,21.31,True,1.0
4,Ghaziabad,1,Tomato,2026-01-20,650.7,20.7,True,1.0
4,Ghaziabad,1,Tomato,2026-01-21,636.7,21.1,True,1.0
4,Ghaziabad,1,Tomato,2026-01-22,597.6,19.51,True,1.0
4,Ghaziabad,1,Tomato,2026-01-23,792.8,19.07,True,1.0
4,Ghaziabad,1,Tomato,2026-01-24,796.7,18.94,True,1.0
4,Ghaziabad,1,Tomato,2026-01-25,614.1,19.23,True,1.0
4,Ghaziabad,1,Tomato,2026-01-26,716.8,18.14,True,1.0
4,Ghaziabad,1,Tomato,2026-01-27,772.6,19.46,True,1.0
4,Ghaziabad,1,Tomato,2026-01-28,912.0,20.04,True,1.0
4,Ghaziabad,1,Tomato,2026-01-29,808.9,21.28,True,1.0
4,Ghaziabad,1,Tomato,2026-01-30,889.4,21.6,True,1.0
4,Ghaziabad,1,Tomato,2026-01-31,1218.4,21.8,True,1.0
4,Ghaziabad,1,Tomato,2026-02-01,726.2,22.71,True,1.0
4,Ghaziabad,1,Tomato,2026-02-02,983.0,21.55,True,1.0
4,Ghaziabad,1,Tomato,2026-02-03,787.9,20.22,True,1.0
4,Ghaziabad,1,Tomato,2026-02-04,803.7,20.04,True,1.0
4,Ghaziabad,1,Tomato,2026-02-05,844.0,19.58,True,1.0
4,Ghaziabad,1,Tomato,2026-02-06,919.3,19.57,True,1.0
4,Ghaziabad,1,Tomato,2026-02-07,649.9,19.11,True,1.0
4,Ghaziabad,1,Tomato,2026-02-08,648.8,19.69,True,1.0
4,Ghaziabad,1,Tomato,2026-02-09,633.5,20.06,True,1.0
4,Ghaziabad,1,Tomato,2026-02-10,1046.3,20.01,True,1.0
4,Ghaziabad,1,Tomato,2026-02-11,835.7,20.16,True,1.0
4,Ghaziabad,1,Tomato,2026-02-12,741.8,20.0,True,1.0
4,Ghaziabad,1,Tomato,2026-02-13,786.8,20.4,True,1.0
4,Ghaziabad,1,Tomato,2026-02-14,801.1,20.28,True,1.0
4,Ghaziabad,1,Tomato,2026-02-15,673.1,20.0,True,1.0
4,Ghaziabad,1,Tomato,2026-02-16,813.2,20.49,True,1.0
4,Ghaziabad,1,Tomato,2026-02-17,742.9,21.04,True,1.0
4,Ghaziabad,1,Tomato,2026-02-18,709.5,21.47,True,1.0
4,Ghaziabad,1,Tomato,2026-02-19,817.5,20.38,True,1.0
4,Ghaziabad,1,Tomato,2026-02-20,853.7,19.9,True,1.0
4,Ghaziabad,1,Tomato,2026-02-21,1044.4,18.93,True,1.0
4,Ghaziabad,1,Tomato,2026-02-22,702.8,19.06,True,1.0
4,Ghaziabad,1,Tomato,2026-02-23,869.4,19.51,True,1.0
4,Ghaziabad,1,Tomato,2026-02-24,913.6,19.52,True,1.0
4,Ghaziabad,1,Tomato,2026-02-25,1031.4,20.71,True,1.0
4,Ghaziabad,1,Tomato,2026-02-26,826.4,20.2,True,1.0
4,Ghaziabad,1,Tomato,2026-02-27,978.1,19.46,True,1.0
4,Ghaziabad,1,Tomato,2026-02-28,996.7,19.88,True,1.0
4,Ghaziabad,1,Tomato,2026-03-01,652.8,19.94,True,1.0
4,Ghaziabad,1,Tomato,2026-03-02,944.2,20.22,True,1.0
4,Ghaziabad,1,Tomato,2026-03-03,981.4,20.27,True,1.0
4,Ghaziabad,1,Tomato,2026-03-04,1010.0,20.28,True,1.0
4,Ghaziabad,1,Tomato,2026-03-05,1191.1,18.96,True,1.0
4,Ghaziabad,1,Tomato,2026-03-06,1068.6,18.82,True,1.0
4,Ghaziabad,1,Tomato,2026-03-07,1005.9,18.81,True,1.0
4,Ghaziabad,1,Tomato,2026-03-08,810.5,18.93,True,1.0
4,Ghaziabad,1,Tomato,2026-03-09,764.5,18.96,True,1.0
4,Ghaziabad,1,Tomato,2026-03-10,905.3,19.47,True,1.0
4,Ghaziabad,1,Tomato,2026-03-11,999.6,19.94,True,1.0
4,Ghaziabad,1,Tomato,2026-03-12,1217.4,19.3,True,1.0
4,Ghaziabad,1,Tomato,2026-03-13,910.3,19.88,True,1.0
4,Ghaziabad,1,Tomato,2026-03-14,1123.4,20.24,True,1.0
4,Ghaziabad,1,Tomato,2026-03-15,864.4,20.43,True,1.0
4,Ghaziabad,1,Tomato,2026-03-16,767.6,19.5,True,1.0
4,Ghaziabad,1,Tomato,2026-03-17,964.6,19.91,True,1.0
4,Ghaziabad,1,Tomato,2026-03-18,685.3,20.0,True,1.0
4,Ghaziabad,1,Tomato,2026-03-19,1020.5,20.58,True,1.0
4,Ghaziabad,1,Tomato,2026-03-20,903.4,21.51,True,1.0
4,Ghaziabad,1,Tomato,2026-03-21,1037.1,22.07,True,1.0
4,Ghaziabad,1,Tomato,2026-03-22,739.8,21.55,True,1.0
4,Ghaziabad,1,Tomato,2026-03-23,905.9,21.13,True,1.0
4,Ghaziabad,1,Tomato,2026-03-24,960.8,21.24,True,1.0
4,Ghaziabad,1,Tomato,2026-03-25,1268.9,20.28,True,1.0
4,Ghaziabad,1,Tomato,2026-03-26,878.0,19.46,True,1.0
4,Ghaziabad,1,Tomato,2026-03-27,947.0,19.46,True,1.0
4,Ghaziabad,1,Tomato,2026-03-28,1007.6,20.42,True,1.0
4,Ghaziabad,1,Tomato,2026-03-29,893.9,20.23,True,1.0
4,Ghaziabad,1,Tomato,2026-03-30,896.2,21.18,True,1.0
4,Ghaziabad,1,Tomato,2026-03-31,893.6,19.36,True,1.0
4,Ghaziabad,1,Tomato,2026-04-01,878.5,18.83,True,1.0
4,Ghaziabad,1,Tomato,2026-04-02,1125.3,19.26,True,1.0
4,Ghaziabad,1,Tomato,2026-04-03,1144.2,20.16,True,1.0
4,Ghaziabad,1,Tomato,2026-04-04,1233.0,20.27,True,1.0
4,Ghaziabad,1,Tomato,2026-04-05,867.0,20.34,True,1.0
4,Ghaziabad,1,Tomato,2026-04-06,849.5,20.38,True,1.0
4,Ghaziabad,1,Tomato,2026-04-07,988.7,19.5,True,1.0
4,Ghaziabad,1,Tomato,2026-04-08,1042.1,20.56,True,1.0
4,Ghaziabad,1,Tomato,2026-04-09,1050.6,20.25,True,1.0
4,Ghaziabad,1,Tomato,2026-04-10,1032.5,21.1,True,1.0
4,Ghaziabad,1,Tomato,2026-04-11,1355.7,21.02,True,1.0
4,Ghaziabad,1,Tomato,2026-04-12,1076.9,21.67,True,1.0
4,Ghaziabad,1,Tomato,2026-04-13,965.9,21.7,True,1.0
4,Ghaziabad,1,Tomato,2026-04-14,922.9,21.47,True,1.0
4,Ghaziabad,1,Tomato,2026-04-15,1075.3,21.52,True,1.0
4,Ghaziabad,1,Tomato,2026-04-16,1056.5,20.55,True,1.0
4,Ghaziabad,1,Tomato,2026-04-17,1175.1,20.77,True,1.0
4,Ghaziabad,1,Tomato,2026-04-18,1358.3,22.0,True,1.0
4,Ghaziabad,1,Tomato,2026-04-19,788.2,22.65,True,1.0
4,Ghaziabad,1,Tomato,2026-04-20,1062.8,21.67,True,1.0
4,Ghaziabad,1,Tomato,2026-04-21,936.1,21.94,True,1.0
4,Ghaziabad,1,Tomato,2026-04-22,1127.6,21.99,True,1.0
4,Ghaziabad,1,Tomato,2026-04-23,1017.1,22.4,True,1.0
4,Ghaziabad,1,Tomato,2026-04-24,1327.8,22.25,True,1.0
4,Ghaziabad,1,Tomato,2026-04-25,997.7,21.95,True,1.0
4,Ghaziabad,1,Tomato,2026-04-26,810.8,22.76,True,1.0
4,Ghaziabad,1,Tomato,2026-04-27,1438.6,22.63,True,1.0
4,Ghaziabad,1,Tomato,2026-04-28,1149.4,23.24,True,1.0
4,Ghaziabad,1,Tomato,2026-04-29,989.6,23.51,True,1.0
4,Ghaziabad,1,Tomato,2026-04-30,976.4,22.86,True,1.0
4,Ghaziabad,1,Tomato,2026-05-01,1236.4,22.53,True,1.0
4,Ghaziabad,1,Tomato,2026-05-02,937.9,23.7,True,1.0
4,Ghaziabad,1,Tomato,2026-05-03,920.6,23.39,True,1.0
4,Ghaziabad,1,Tomato,2026-05-04,1268.8,22.58,True,1.0
4,Ghaziabad,1,Tomato,2026-05-05,998.5,21.76,True,1.0
4,Ghaziabad,1,Tomato,2026-05-06,1053.6,22.59,True,1.0
4,Ghaziabad,1,Tomato,2026-05-07,1184.7,22.68,True,1.0
4,Ghaziabad,1,Tomato,2026-05-08,1014.5,22.15,True,1.0
4,Ghaziabad,1,Tomato,2026-05-09,1294.1,22.74,True,1.0
4,Ghaziabad,1,Tomato,2026-05-10,773.5,22.84,True,1.0
4,Ghaziabad,1,Tomato,2026-05-11,923.8,21.78,True,1.0
4,Ghaziabad,1,Tomato,2026-05-12,988.1,22.48,True,1.0
4,Ghaziabad,1,Tomato,2026-05-13,1146.4,23.5,True,1.0
4,Ghaziabad,1,Tomato,2026-05-14,1191.1,25.12,True,1.0
4,Ghaziabad,1,Tomato,2026-05-15,1103.8,24.52,True,1.0
4,Ghaziabad,1,Tomato,2026-05-16,1063.7,24.27,True,1.0
4,Ghaziabad,1,Tomato,2026-05-17,864.8,25.08,True,1.0
4,Ghaziabad,1,Tomato,2026-05-18,939.4,24.65,True,1.0
4,Ghaziabad,1,Tomato,2026-05-19,989.3,24.45,True,1.0
4,Ghaziabad,1,Tomato,2026-05-20,1149.0,23.72,True,1.0
4,Ghaziabad,1,Tomato,2026-05-21,1213.6,22.73,True,1.0
4,Ghaziabad,1,Tomato,2026-05-22,1102.6,23.59,True,1.0
4,Ghaziabad,1,Tomato,2026-05-23,1159.6,22.77,True,1.0
4,Ghaziabad,1,Tomato,2026-05-24,887.5,23.82,True,1.0
4,Ghaziabad,1,Tomato,2026-05-25,1135.1,23.29,True,1.0
4,Ghaziabad,1,Tomato,2026-05-26,943.2,23.64,True,1.0
4,Ghaziabad,1,Tomato,2026-05-27,1040.8,23.48,True,1.0
4,Ghaziabad,1,Tomato,2026-05-28,1124.2,24.45,True,1.0
4,Ghaziabad,1,Tomato,2026-05-29,1184.1,24.55,True,1.0
4,Ghaziabad,1,Tomato,2026-05-30,951.4,25.84,True,1.0
4,Ghaziabad,1,Tomato,2026-05-31,987.5,24.58,True,1.0
4,Ghaziabad,1,Tomato,2026-06-01,1048.4,24.79,True,1.0
4,Ghaziabad,1,Tomato,2026-06-02,879.9,24.7,True,1.0
4,Ghaziabad,1,Tomato,2026-06-03,978.8,24.83,True,1.0
4,Ghaziabad,1,Tomato,2026-06-04,1091.6,25.89,True,1.0
4,Ghaziabad,1,Tomato,2026-06-05,1205.4,25.93,True,1.0
4,Ghaziabad,1,Tomato,2026-06-06,1336.0,24.72,True,1.0
4,Ghaziabad,1,Tomato,2026-06-07,702.2,25.11,True,1.0
4,Ghaziabad,1,Tomato,2026-06-08,1107.6,24.72,True,1.0
4,Ghaziabad,1,Tomato,2026-06-09,1105.8,24.44,True,1.0
4,Ghaziabad,1,Tomato,2026-06-10,902.0,25.34,True,1.0
4,Ghaziabad,1,Tomato,2026-06-11,1101.9,24.81,True,1.0
4,Ghaziabad,1,Tomato,2026-06-12,1036.0,24.63,True,1.0
4,Ghaziabad,1,Tomato,2026-06-13,988.7,24.81,True,1.0
4,Ghaziabad,1,Tomato,2026-06-14,867.6,25.62,True,1.0
4,Ghaziabad,1,Tomato,2026-06-15,1146.8,25.95,True,1.0
4,Ghaziabad,1,Tomato,2026-06-16,1063.5,25.61,True,1.0
4,Ghaziabad,1,Tomato,2026-06-17,1054.7,25.36,True,1.0
4,Ghaziabad,1,Tomato,2026-06-18,1216.8,24.58,True,1.0
4,Ghaziabad,1,Tomato,2026-06-19,971.3,24.34,True,1.0
4,Ghaziabad,1,Tomato,2026-06-20,1028.6,24.26,True,1.0
4,Ghaziabad,1,Tomato,2026-06-21,1078.9,24.58,True,1.0
4,Ghaziabad,1,Tomato,2026-06-22,925.6,26.39,True,1.0
4,Ghaziabad,1,Tomato,2026-06-23,924.7,25.72,True,1.0
4,Ghaziabad,1,Tomato,2026-06-24,972.7,25.56,True,1.0
4,Ghaziabad,1,Tomato,2026-06-25,1235.3,24.22,True,1.0
4,Ghaziabad,1,Tomato,2026-06-26,1114.7,25.18,True,1.0
4,Ghaziabad,1,Tomato,2026-06-27,1107.3,24.33,True,1.0
4,Ghaziabad,1,Tomato,2026-06-28,894.0,24.23,True,1.0
4,Ghaziabad,1,Tomato,2026-06-29,1241.7,25.56,True,1.0
4,Ghaziabad,1,Tomato,2026-06-30,1188.9,24.27,True,1.0
4,Ghaziabad,1,Tomato,2026-07-01,1063.2,24.94,True,1.0
4,Ghaziabad,1,Tomato,2026-07-02,1028.4,25.96,True,1.0
4,Ghaziabad,1,Tomato,2026-07-03,1057.3,27.27,True,1.0
4,Ghaziabad,1,Tomato,2026-07-04,1067.8,26.34,True,1.0
4,Ghaziabad,1,Tomato,2026-07-05,953.9,25.95,True,1.0
4,Ghaziabad,1,Tomato,2026-07-06,797.3,27.53,True,1.0
4,Ghaziabad,1,Tomato,2026-07-07,927.2,27.26,True,1.0
4,Ghaziabad,1,Tomato,2026-07-08,877.6,26.54,True,1.0
4,Ghaziabad,1,Tomato,2026-07-09,859.0,26.08,True,1.0
4,Ghaziabad,1,Tomato,2026-07-10,1095.9,25.59,True,1.0
4,Ghaziabad,1,Tomato,2026-07-11,1142.8,25.65,True,1.0
4,Ghaziabad,1,Tomato,2026-07-12,825.2,26.86,True,1.0
4,Ghaziabad,1,Tomato,2026-07-13,903.3,27.59,True,1.0
4,Ghaziabad,1,Tomato,2026-07-14,1105.4,26.53,True,1.0
4,Ghaziabad,1,Tomato,2026-07-15,767.5,26.86,True,1.0
4,Ghaziabad,1,Tomato,2026-07-16,1568.0,26.64,True,1.0
4,Ghaziabad,1,Tomato,2026-07-17,1168.2,27.42,True,1.0
4,Ghaziabad,1,Tomato,2026-07-18,1049.3,27.24,True,1.0
4,Ghaziabad,1,Tomato,2026-07-19,860.7,27.55,True,1.0
4,Ghaziabad,1,Tomato,2026-07-20,889.8,27.36,True,1.0
4,Ghaziabad,1,Tomato,2026-07-21,889.0,25.71,True,1.0
4,Ghaziabad,1,Tomato,2026-07-22,793.7,26.25,True,1.0
4,Ghaziabad,1,Tomato,2026-07-23,922.2,25.66,True,1.0
4,Ghaziabad,1,Tomato,2026-07-24,824.7,26.77,True,1.0
4,Ghaziabad,1,Tomato,2026-07-25,1194.6,26.48,True,1.0
4,Ghaziabad,1,Tomato,2026-07-26,916.4,26.35,True,1.0
4,Ghaziabad,1,Tomato,2026-07-27,837.0,26.72,True,1.0
4,Ghaziabad,1,Tomato,2026-07-28,818.4,27.44,True,1.0
4,Ghaziabad,1,Tomato,2026-07-29,949.2,27.39,True,1.0
4,Ghaziabad,1,Tomato,2026-07-30,1013.2,28.81,True,1.0
4,Ghaziabad,1,Tomato,2026-07-31,1204.4,29.86,True,1.0
4,Ghaziabad,1,Tomato,2026-08-01,1120.7,30.69,True,1.0
4,Ghaziabad,1,Tomato,2026-08-02,859.9,29.6,True,1.0
4,Ghaziabad,1,Tomato,2026-08-03,986.2,27.86,True,1.0
4,Ghaziabad,1,Tomato,2026-08-04,789.2,28.86,True,1.0
4,Ghaziabad,1,Tomato,2026-08-05,1044.3,28.23,True,1.0
4,Ghaziabad,1,Tomato,2026-08-06,1038.7,28.17,True,1.0
4,Ghaziabad,1,Tomato,2026-08-07,1126.6,28.62,True,1.0
4,Ghaziabad,1,Tomato,2026-08-08,1040.8,27.15,True,1.0
4,Ghaziabad,1,Tomato,2026-08-09,628.4,28.71,True,1.0
4,Ghaziabad,1,Tomato,2026-08-10,996.9,29.23,True,1.0
4,Ghaziabad,1,Tomato,2026-08-11,841.8,29.16,True,1.0
4,Ghaziabad,1,Tomato,2026-08-12,769.2,29.57,True,1.0
4,Ghaziabad,1,Tomato,2026-08-13,887.3,29.58,True,1.0
4,Ghaziabad,1,Tomato,2026-08-14,1172.6,29.23,True,1.0
4,Ghaziabad,1,Tomato,2026-08-15,983.5,28.64,True,1.0
4,Ghaziabad,1,Tomato,2026-08-16,871.8,27.89,True,1.0
4,Ghaziabad,1,Tomato,2026-08-17,774.7,28.2,True,1.0
4,Ghaziabad,1,Tomato,2026-08-18,892.2,28.48,True,1.0
4,Ghaziabad,1,Tomato,2026-08-19,1095.7,29.27,True,1.0
4,Ghaziabad,1,Tomato,2026-08-20,926.9,29.11,True,1.0
4,Ghaziabad,1,Tomato,2026-08-21,1006.4,28.13,True,1.0
4,Ghaziabad,1,Tomato,2026-08-22,1074.7,26.91,True,1.0
4,Ghaziabad,1,Tomato,2026-08-23,655.8,27.19,True,1.0
4,Ghaziabad,1,Tomato,2026-08-24,746.4,27.47,True,1.0
4,Ghaziabad,1,Tomato,2026-08-25,758.2,27.61,True,1.0
4,Ghaziabad,1,Tomato,2026-08-26,712.6,26.6,True,1.0
4,Ghaziabad,1,Tomato,2026-08-27,729.4,27.91,True,1.0
4,Ghaziabad,1,Tomato,2026-08-28,1074.7,28.87,True,1.0
4,Ghaziabad,1,Tomato,2026-08-29,999.2,28.0,True,1.0
4,Ghaziabad,1,Tomato,2026-08-30,627.1,28.72,True,1.0
4,Ghaziabad,1,Tomato,2026-08-31,979.2,29.35,True,1.0
4,Ghaziabad,1,Tomato,2026-09-01,634.5,26.4,True,1.0
4,Ghaziabad,1,Tomato,2026-09-02,760.2,26.4,True,1.0
4,Ghaziabad,1,Tomato,2026-09-03,805.9,26.4,True,1.0
4,Ghaziabad,1,Tomato,2026-09-04,866.0,26.4,True,1.0
4,Ghaziabad,1,Tomato,2026-09-05,1123.4,26.4,True,1.0
4,Ghaziabad,1,Tomato,2026-09-06,573.6,26.4,True,1.0
4,Ghaziabad,1,Tomato,2026-09-07,739.5,26.4,True,1.0
4,Ghaziabad,1,Tomato,2026-09-08,721.5,26.4,True,1.0
4,Ghaziabad,1,Tomato,2026-09-09,926.3,26.4,True,1.0
4,Ghaziabad,1,Tomato,2026-09-10,729.9,26.4,True,1.0
4,Ghaziabad,1,Tomato,2026-09-11,995.8,26.4,True,1.0
4,Ghaziabad,1,Tomato,2026-09-12,979.9,26.4,True,1.0
4,Ghaziabad,1,Tomato,2026-09-13,629.5,26.4,True,1.0
4,Ghaziabad,1,Tomato,2026-09-15,821.0,26.4,True,1.0
4,Ghaziabad,1,Tomato,2026-09-16,895.4,26.4,True,1.0
4,Ghaziabad,1,Tomato,2026-09-17,743.5,26.4,True,1.0
4,Ghaziabad,1,Tomato,2026-09-18,799.3,26.4,True,1.0
4,Ghaziabad,1,Tomato,2026-09-19,920.4,26.4,True,1.0
4,Ghaziabad,1,Tomato,2026-09-20,629.3,26.4,True,1.0
4,Ghaziabad,1,Tomato,2026-09-21,725.9,26.4,True,1.0
4,Ghaziabad,1,Tomato,2026-09-22,762.5,26.4,True,1.0
4,Ghaziabad,1,Tomato,2026-09-23,687.5,26.4,True,1.0
4,Ghaziabad,1,Tomato,2026-09-24,713.7,26.4,True,1.0
4,Ghaziabad,1,Tomato,2026-09-25,775.4,26.4,True,1.0
4,Ghaziabad,1,Tomato,2026-09-26,931.7,26.4,True,1.0
4,Ghaziabad,1,Tomato,2026-09-27,649.3,26.4,True,1.0
4,Ghaziabad,1,Tomato,2026-09-28,679.1,26.4,True,1.0
4,Ghaziabad,1,Tomato,2026-09-29,656.9,26.4,True,1.0
4,Ghaziabad,1,Tomato,2026-09-30,727.4,26.4,True,1.0
4,Ghaziabad,2,Onion,2024-10-01,1318.6,23.86,True,1.0
4,Ghaziabad,2,Onion,2024-10-02,1475.0,26.51,True,1.0
4,Ghaziabad,2,Onion,2024-10-03,1480.9,25.49,True,1.0
4,Ghaziabad,2,Onion,2024-10-04,1366.8,25.06,True,1.0
4,Ghaziabad,2,Onion,2024-10-05,1709.3,23.13,True,1.0
4,Ghaziabad,2,Onion,2024-10-06,1039.2,24.2,True,1.0
4,Ghaziabad,2,Onion,2024-10-07,1400.4,23.82,True,1.0
4,Ghaziabad,2,Onion,2024-10-09,1391.1,23.64,True,1.0
4,Ghaziabad,2,Onion,2024-10-10,1036.9,23.72,True,1.0
4,Ghaziabad,2,Onion,2024-10-11,1393.8,23.68,True,1.0
4,Ghaziabad,2,Onion,2024-10-12,2149.6,23.82,True,1.0
4,Ghaziabad,2,Onion,2024-10-13,1135.5,23.92,True,1.0
4,Ghaziabad,2,Onion,2024-10-14,1251.8,23.92,True,1.0
4,Ghaziabad,2,Onion,2024-10-15,884.7,23.91,True,1.0
4,Ghaziabad,2,Onion,2024-10-16,1216.8,24.94,True,1.0
4,Ghaziabad,2,Onion,2024-10-17,1380.8,25.37,True,1.0
4,Ghaziabad,2,Onion,2024-10-18,1511.0,25.69,True,1.0
4,Ghaziabad,2,Onion,2024-10-19,1214.2,24.74,True,1.0
4,Ghaziabad,2,Onion,2024-10-20,1033.1,25.51,True,1.0
4,Ghaziabad,2,Onion,2024-10-21,1363.3,25.97,True,1.0
4,Ghaziabad,2,Onion,2024-10-22,1217.9,25.06,True,1.0
4,Ghaziabad,2,Onion,2024-10-23,1281.5,25.94,True,1.0
4,Ghaziabad,2,Onion,2024-10-24,1246.0,24.95,True,1.0
4,Ghaziabad,2,Onion,2024-10-25,1438.2,23.49,True,1.0
4,Ghaziabad,2,Onion,2024-10-26,1392.3,24.49,True,1.0
4,Ghaziabad,2,Onion,2024-10-27,915.2,24.35,True,1.0
4,Ghaziabad,2,Onion,2024-10-28,1017.0,25.03,True,1.0
4,Ghaziabad,2,Onion,2024-10-29,1217.4,24.28,True,1.0
4,Ghaziabad,2,Onion,2024-10-30,2186.5,23.43,True,1.0
4,Ghaziabad,2,Onion,2024-10-31,1035.8,24.53,True,1.0
4,Ghaziabad,2,Onion,2024-11-01,1326.3,23.5,True,1.0
4,Ghaziabad,2,Onion,2024-11-02,1619.7,22.7,True,1.0
4,Ghaziabad,2,Onion,2024-11-03,1035.4,21.92,True,1.0
4,Ghaziabad,2,Onion,2024-11-04,1139.1,20.87,True,1.0
4,Ghaziabad,2,Onion,2024-11-05,1267.5,21.2,True,1.0
4,Ghaziabad,2,Onion,2024-11-06,1094.0,20.75,True,1.0
4,Ghaziabad,2,Onion,2024-11-08,1639.1,21.06,True,1.0
4,Ghaziabad,2,Onion,2024-11-09,1494.7,21.29,True,1.0
4,Ghaziabad,2,Onion,2024-11-10,1274.0,23.66,True,1.0
4,Ghaziabad,2,Onion,2024-11-11,1162.2,24.06,True,1.0
4,Ghaziabad,2,Onion,2024-11-12,1346.9,24.14,True,1.0
4,Ghaziabad,2,Onion,2024-11-13,1197.3,23.06,True,1.0
4,Ghaziabad,2,Onion,2024-11-14,1214.4,23.23,True,1.0
4,Ghaziabad,2,Onion,2024-11-15,1182.1,23.54,True,1.0
4,Ghaziabad,2,Onion,2024-11-16,1136.3,22.66,True,1.0
4,Ghaziabad,2,Onion,2024-11-17,1043.1,23.17,True,1.0
4,Ghaziabad,2,Onion,2024-11-18,1112.6,24.26,True,1.0
4,Ghaziabad,2,Onion,2024-11-19,1153.1,23.98,True,1.0
4,Ghaziabad,2,Onion,2024-11-20,1207.1,23.87,True,1.0
4,Ghaziabad,2,Onion,2024-11-21,1383.4,22.58,True,1.0
4,Ghaziabad,2,Onion,2024-11-22,1407.7,22.11,True,1.0
4,Ghaziabad,2,Onion,2024-11-23,1263.9,23.36,True,1.0
4,Ghaziabad,2,Onion,2024-11-24,1144.4,23.11,True,1.0
4,Ghaziabad,2,Onion,2024-11-25,1061.1,22.76,True,1.0
4,Ghaziabad,2,Onion,2024-11-26,1047.3,22.66,True,1.0
4,Ghaziabad,2,Onion,2024-11-27,1295.6,23.0,True,1.0
4,Ghaziabad,2,Onion,2024-11-28,1056.0,22.52,True,1.0
4,Ghaziabad,2,Onion,2024-11-29,1423.9,23.01,True,1.0
4,Ghaziabad,2,Onion,2024-11-30,1420.6,22.38,True,1.0
4,Ghaziabad,2,Onion,2024-12-01,812.3,23.33,True,1.0
4,Ghaziabad,2,Onion,2024-12-02,1062.8,22.78,True,1.0
4,Ghaziabad,2,Onion,2024-12-03,869.6,23.97,True,1.0
4,Ghaziabad,2,Onion,2024-12-04,1038.8,23.91,True,1.0
4,Ghaziabad,2,Onion,2024-12-05,1032.9,23.29,True,1.0
4,Ghaziabad,2,Onion,2024-12-06,1132.3,24.04,True,1.0
4,Ghaziabad,2,Onion,2024-12-07,1192.3,23.02,True,1.0
4,Ghaziabad,2,Onion,2024-12-08,961.8,22.86,True,1.0
4,Ghaziabad,2,Onion,2024-12-09,1057.3,23.09,True,1.0
4,Ghaziabad,2,Onion,2024-12-10,1227.6,23.17,True,1.0
4,Ghaziabad,2,Onion,2024-12-11,1157.3,22.0,True,1.0
4,Ghaziabad,2,Onion,2024-12-12,1365.8,21.88,True,1.0
4,Ghaziabad,2,Onion,2024-12-13,1296.3,22.47,True,1.0
4,Ghaziabad,2,Onion,2024-12-14,1221.6,21.93,True,1.0
4,Ghaziabad,2,Onion,2024-12-15,867.9,23.21,True,1.0
4,Ghaziabad,2,Onion,2024-12-16,1008.8,23.61,True,1.0
4,Ghaziabad,2,Onion,2024-12-17,1087.0,23.21,True,1.0
4,Ghaziabad,2,Onion,2024-12-18,1281.1,23.12,True,1.0
4,Ghaziabad,2,Onion,2024-12-19,1296.2,24.45,True,1.0
4,Ghaziabad,2,Onion,2024-12-20,1324.9,24.76,True,1.0
4,Ghaziabad,2,Onion,2024-12-21,1149.4,24.57,True,1.0
4,Ghaziabad,2,Onion,2024-12-22,942.6,23.21,True,1.0
4,Ghaziabad,2,Onion,2024-12-23,1035.1,24.32,True,1.0
4,Ghaziabad,2,Onion,2024-12-24,1030.7,24.71,True,1.0
4,Ghaziabad,2,Onion,2024-12-25,1020.9,24.13,True,1.0
4,Ghaziabad,2,Onion,2024-12-26,1243.6,23.45,True,1.0
4,Ghaziabad,2,Onion,2024-12-27,1135.7,23.21,True,1.0
4,Ghaziabad,2,Onion,2024-12-28,1306.1,22.38,True,1.0
4,Ghaziabad,2,Onion,2024-12-29,1000.3,22.27,True,1.0
4,Ghaziabad,2,Onion,2024-12-30,1002.3,22.97,True,1.0
4,Ghaziabad,2,Onion,2024-12-31,833.7,21.81,True,1.0
4,Ghaziabad,2,Onion,2025-01-01,1081.1,21.96,True,1.0
4,Ghaziabad,2,Onion,2025-01-02,1377.8,22.31,True,1.0
4,Ghaziabad,2,Onion,2025-01-03,1063.8,22.54,True,1.0
4,Ghaziabad,2,Onion,2025-01-04,1537.6,21.87,True,1.0
4,Ghaziabad,2,Onion,2025-01-05,998.9,21.41,True,1.0
4,Ghaziabad,2,Onion,2025-01-06,1330.2,22.49,True,1.0
4,Ghaziabad,2,Onion,2025-01-07,1324.3,21.78,True,1.0
4,Ghaziabad,2,Onion,2025-01-08,1165.0,22.69,True,1.0
4,Ghaziabad,2,Onion,2025-01-09,920.4,22.36,True,1.0
4,Ghaziabad,2,Onion,2025-01-10,952.8,23.13,True,1.0
4,Ghaziabad,2,Onion,2025-01-11,1055.1,22.68,True,1.0
4,Ghaziabad,2,Onion,2025-01-12,1025.4,21.89,True,1.0
4,Ghaziabad,2,Onion,2025-01-13,1040.9,22.61,True,1.0
4,Ghaziabad,2,Onion,2025-01-14,942.2,22.55,True,1.0
4,Ghaziabad,2,Onion,2025-01-15,1203.8,23.45,True,1.0
4,Ghaziabad,2,Onion,2025-01-16,1016.1,23.72,True,1.0
4,Ghaziabad,2,Onion,2025-01-17,1219.0,23.14,True,1.0
4,Ghaziabad,2,Onion,2025-01-18,1035.0,22.58,True,1.0
4,Ghaziabad,2,Onion,2025-01-19,1093.2,22.5,True,1.0
4,Ghaziabad,2,Onion,2025-01-20,798.5,22.53,True,1.0
4,Ghaziabad,2,Onion,2025-01-22,1049.5,22.47,True,1.0
4,Ghaziabad,2,Onion,2025-01-23,1063.5,22.1,True,1.0
4,Ghaziabad,2,Onion,2025-01-24,1172.1,21.82,True,1.0
4,Ghaziabad,2,Onion,2025-01-25,1073.8,21.54,True,1.0
4,Ghaziabad,2,Onion,2025-01-26,1009.5,21.81,True,1.0
4,Ghaziabad,2,Onion,2025-01-27,1113.7,21.41,True,1.0
4,Ghaziabad,2,Onion,2025-01-28,927.9,21.64,True,1.0
4,Ghaziabad,2,Onion,2025-01-29,1030.9,23.48,True,1.0
4,Ghaziabad,2,Onion,2025-01-30,1089.1,22.93,True,1.0
4,Ghaziabad,2,Onion,2025-01-31,1458.8,22.3,True,1.0
4,Ghaziabad,2,Onion,2025-02-01,1203.7,21.09,True,1.0
4,Ghaziabad,2,Onion,2025-02-02,1001.2,21.3,True,1.0
4,Ghaziabad,2,Onion,2025-02-03,1136.6,20.74,True,1.0
4,Ghaziabad,2,Onion,2025-02-04,820.1,20.77,True,1.0
4,Ghaziabad,2,Onion,2025-02-05,1068.7,21.1,True,1.0
4,Ghaziabad,2,Onion,2025-02-06,1075.4,20.2,True,1.0
4,Ghaziabad,2,Onion,2025-02-07,1193.5,20.67,True,1.0
4,Ghaziabad,2,Onion,2025-02-08,1078.7,21.08,True,1.0
4,Ghaziabad,2,Onion,2025-02-09,760.3,20.41,True,1.0
4,Ghaziabad,2,Onion,2025-02-10,886.3,20.47,True,1.0
4,Ghaziabad,2,Onion,2025-02-11,1027.7,19.67,True,1.0
4,Ghaziabad,2,Onion,2025-02-12,1058.9,21.07,True,1.0
4,Ghaziabad,2,Onion,2025-02-13,960.4,21.33,True,1.0
4,Ghaziabad,2,Onion,2025-02-14,1146.1,21.19,True,1.0
4,Ghaziabad,2,Onion,2025-02-15,1464.8,21.09,True,1.0
4,Ghaziabad,2,Onion,2025-02-16,828.1,21.8,True,1.0
4,Ghaziabad,2,Onion,2025-02-17,901.0,21.53,True,1.0
4,Ghaziabad,2,Onion,2025-02-18,1188.2,21.6,True,1.0
4,Ghaziabad,2,Onion,2025-02-19,901.4,22.38,True,1.0
4,Ghaziabad,2,Onion,2025-02-20,1315.1,21.74,True,1.0
4,Ghaziabad,2,Onion,2025-02-21,931.8,20.84,True,1.0
4,Ghaziabad,2,Onion,2025-02-22,1000.3,20.38,True,1.0
4,Ghaziabad,2,Onion,2025-02-23,756.7,21.39,True,1.0
4,Ghaziabad,2,Onion,2025-02-24,1135.8,21.29,True,1.0
4,Ghaziabad,2,Onion,2025-02-25,921.3,20.85,True,1.0
4,Ghaziabad,2,Onion,2025-02-26,1146.1,21.42,True,1.0
4,Ghaziabad,2,Onion,2025-02-27,1154.5,21.83,True,1.0
4,Ghaziabad,2,Onion,2025-02-28,1281.5,21.2,True,1.0
4,Ghaziabad,2,Onion,2025-03-01,1456.0,20.47,True,1.0
4,Ghaziabad,2,Onion,2025-03-02,1183.7,19.63,True,1.0
4,Ghaziabad,2,Onion,2025-03-03,1098.8,18.93,True,1.0
4,Ghaziabad,2,Onion,2025-03-04,1295.8,19.27,True,1.0
4,Ghaziabad,2,Onion,2025-03-05,1117.3,19.15,True,1.0
4,Ghaziabad,2,Onion,2025-03-06,1220.0,20.62,True,1.0
4,Ghaziabad,2,Onion,2025-03-07,1038.5,20.62,True,1.0
4,Ghaziabad,2,Onion,2025-03-08,1370.1,19.47,True,1.0
4,Ghaziabad,2,Onion,2025-03-09,1087.5,20.57,True,1.0
4,Ghaziabad,2,Onion,2025-03-10,1220.1,20.62,True,1.0
4,Ghaziabad,2,Onion,2025-03-11,1239.9,20.97,True,1.0
4,Ghaziabad,2,Onion,2025-03-12,1328.9,21.19,True,1.0
4,Ghaziabad,2,Onion,2025-03-13,1204.6,21.11,True,1.0
4,Ghaziabad,2,Onion,2025-03-14,1228.9,21.18,True,1.0
4,Ghaziabad,2,Onion,2025-03-15,1289.7,21.04,True,1.0
4,Ghaziabad,2,Onion,2025-03-16,927.0,20.16,True,1.0
4,Ghaziabad,2,Onion,2025-03-17,1081.3,20.39,True,1.0
4,Ghaziabad,2,Onion,2025-03-18,1137.7,20.93,True,1.0
4,Ghaziabad,2,Onion,2025-03-19,1180.3,20.58,True,1.0
4,Ghaziabad,2,Onion,2025-03-20,1032.2,20.77,True,1.0
4,Ghaziabad,2,Onion,2025-03-21,1517.2,20.82,True,1.0
4,Ghaziabad,2,Onion,2025-03-22,1405.0,21.7,True,1.0
4,Ghaziabad,2,Onion,2025-03-23,1045.0,21.05,True,1.0
4,Ghaziabad,2,Onion,2025-03-24,1174.3,20.57,True,1.0
4,Ghaziabad,2,Onion,2025-03-25,1019.7,20.34,True,1.0
4,Ghaziabad,2,Onion,2025-03-27,1252.2,18.86,True,1.0
4,Ghaziabad,2,Onion,2025-03-28,1237.9,18.84,True,1.0
4,Ghaziabad,2,Onion,2025-03-29,1370.3,19.33,True,1.0
4,Ghaziabad,2,Onion,2025-03-30,910.4,19.51,True,1.0
4,Ghaziabad,2,Onion,2025-03-31,999.5,19.19,True,1.0
4,Ghaziabad,2,Onion,2025-04-01,1129.5,19.04,True,1.0
4,Ghaziabad,2,Onion,2025-04-02,1174.1,19.09,True,1.0
4,Ghaziabad,2,Onion,2025-04-03,1534.6,18.89,True,1.0
4,Ghaziabad,2,Onion,2025-04-04,1471.7,18.89,True,1.0
4,Ghaziabad,2,Onion,2025-04-05,1490.7,18.88,True,1.0
4,Ghaziabad,2,Onion,2025-04-06,949.7,19.66,True,1.0
4,Ghaziabad,2,Onion,2025-04-07,1126.1,20.28,True,1.0
4,Ghaziabad,2,Onion,2025-04-08,961.4,20.68,True,1.0
4,Ghaziabad,2,Onion,2025-04-09,1277.8,20.66,True,1.0
4,Ghaziabad,2,Onion,2025-04-10,1315.7,19.98,True,1.0
4,Ghaziabad,2,Onion,2025-04-11,1675.2,20.47,True,1.0
4,Ghaziabad,2,Onion,2025-04-12,1266.3,20.07,True,1.0
4,Ghaziabad,2,Onion,2025-04-13,897.6,19.99,True,1.0
4,Ghaziabad,2,Onion,2025-04-14,1046.5,20.69,True,1.0
4,Ghaziabad,2,Onion,2025-04-15,1198.6,20.45,True,1.0
4,Ghaziabad,2,Onion,2025-04-16,1275.7,20.37,True,1.0
4,Ghaziabad,2,Onion,2025-04-17,1419.9,19.37,True,1.0
4,Ghaziabad,2,Onion,2025-04-18,1346.2,19.75,True,1.0
4,Ghaziabad,2,Onion,2025-04-19,1361.4,19.19,True,1.0
4,Ghaziabad,2,Onion,2025-04-20,1139.3,19.91,True,1.0
4,Ghaziabad,2,Onion,2025-04-21,1233.5,19.74,True,1.0
4,Ghaziabad,2,Onion,2025-04-22,1205.1,18.51,True,1.0
4,Ghaziabad,2,Onion,2025-04-23,1106.6,18.66,True,1.0
4,Ghaziabad,2,Onion,2025-04-24,1215.9,18.84,True,1.0
4,Ghaziabad,2,Onion,2025-04-25,1448.1,19.36,True,1.0
4,Ghaziabad,2,Onion,2025-04-26,1093.7,19.83,True,1.0
4,Ghaziabad,2,Onion,2025-04-27,1254.8,19.6,True,1.0
4,Ghaziabad,2,Onion,2025-04-28,988.0,20.21,True,1.0
4,Ghaziabad,2,Onion,2025-04-29,1562.6,18.32,True,1.0
4,Ghaziabad,2,Onion,2025-04-30,1259.3,18.34,True,1.0
4,Ghaziabad,2,Onion,2025-05-01,1307.3,18.15,True,1.0
4,Ghaziabad,2,Onion,2025-05-02,1590.0,17.95,True,1.0
4,Ghaziabad,2,Onion,2025-05-03,1634.3,18.97,True,1.0
4,Ghaziabad,2,Onion,2025-05-04,1088.9,19.65,True,1.0
4,Ghaziabad,2,Onion,2025-05-05,1363.1,19.24,True,1.0
4,Ghaziabad,2,Onion,2025-05-06,1198.4,20.04,True,1.0
4,Ghaziabad,2,Onion,2025-05-07,1175.8,20.01,True,1.0
4,Ghaziabad,2,Onion,2025-05-08,1303.5,19.68,True,1.0
4,Ghaziabad,2,Onion,2025-05-09,1504.3,19.32,True,1.0
4,Ghaziabad,2,Onion,2025-05-10,1376.0,19.02,True,1.0
4,Ghaziabad,2,Onion,2025-05-11,899.5,19.5,True,1.0
4,Ghaziabad,2,Onion,2025-05-12,1063.8,19.95,True,1.0
4,Ghaziabad,2,Onion,2025-05-13,1489.9,20.03,True,1.0
4,Ghaziabad,2,Onion,2025-05-14,1297.8,18.83,True,1.0
4,Ghaziabad,2,Onion,2025-05-15,1200.4,19.28,True,1.0
4,Ghaziabad,2,Onion,2025-05-16,1476.6,19.75,True,1.0
4,Ghaziabad,2,Onion,2025-05-17,1893.8,19.4,True,1.0
4,Ghaziabad,2,Onion,2025-05-18,1020.5,19.56,True,1.0
4,Ghaziabad,2,Onion,2025-05-19,1165.8,18.63,True,1.0
4,Ghaziabad,2,Onion,2025-05-21,1517.3,18.62,True,1.0
4,Ghaziabad,2,Onion,2025-05-22,1298.2,18.83,True,1.0
4,Ghaziabad,2,Onion,2025-05-23,1613.4,19.35,True,1.0
4,Ghaziabad,2,Onion,2025-05-24,1330.4,18.87,True,1.0
4,Ghaziabad,2,Onion,2025-05-25,1270.6,19.01,True,1.0
4,Ghaziabad,2,Onion,2025-05-26,1407.6,19.03,True,1.0
4,Ghaziabad,2,Onion,2025-05-27,1263.7,19.61,True,1.0
4,Ghaziabad,2,Onion,2025-05-28,1331.0,20.55,True,1.0
4,Ghaziabad,2,Onion,2025-05-29,1552.8,21.42,True,1.0
4,Ghaziabad,2,Onion,2025-05-30,1829.8,20.09,True,1.0
4,Ghaziabad,2,Onion,2025-05-31,1448.3,20.06,True,1.0
4,Ghaziabad,2,Onion,2025-06-01,1426.3,19.45,True,1.0
4,Ghaziabad,2,Onion,2025-06-02,1284.1,19.61,True,1.0
4,Ghaziabad,2,Onion,2025-06-03,1376.9,20.01,True,1.0
4,Ghaziabad,2,Onion,2025-06-05,1206.3,20.11,True,1.0
4,Ghaziabad,2,Onion,2025-06-06,1342.6,21.02,True,1.0
4,Ghaziabad,2,Onion,2025-06-07,1242.4,21.22,True,1.0
4,Ghaziabad,2,Onion,2025-06-08,1085.6,20.77,True,1.0
4,Ghaziabad,2,Onion,2025-06-09,1191.7,20.65,True,1.0
4,Ghaziabad,2,Onion,2025-06-10,1443.7,21.07,True,1.0
4,Ghaziabad,2,Onion,2025-06-11,1518.1,21.22,True,1.0
4,Ghaziabad,2,Onion,2025-06-12,1684.2,20.72,True,1.0
4,Ghaziabad,2,Onion,2025-06-13,1555.2,19.61,True,1.0
4,Ghaziabad,2,Onion,2025-06-14,1830.0,19.2,True,1.0
4,Ghaziabad,2,Onion,2025-06-15,1495.8,19.65,True,1.0
4,Ghaziabad,2,Onion,2025-06-16,1488.9,18.92,True,1.0
4,Ghaziabad,2,Onion,2025-06-17,1648.4,19.31,True,1.0
4,Ghaziabad,2,Onion,2025-06-19,1531.6,20.34,True,1.0
4,Ghaziabad,2,Onion,2025-06-20,1740.9,19.68,True,1.0
4,Ghaziabad,2,Onion,2025-06-21,1857.0,18.9,True,1.0
4,Ghaziabad,2,Onion,2025-06-22,1273.9,19.19,True,1.0
4,Ghaziabad,2,Onion,2025-06-23,1358.1,20.0,True,1.0
4,Ghaziabad,2,Onion,2025-06-24,1613.0,20.85,True,1.0
4,Ghaziabad,2,Onion,2025-06-25,1874.6,20.3,True,1.0
4,Ghaziabad,2,Onion,2025-06-26,1578.6,20.74,True,1.0
4,Ghaziabad,2,Onion,2025-06-27,1839.3,20.13,True,1.0
4,Ghaziabad,2,Onion,2025-06-28,1410.9,19.93,True,1.0
4,Ghaziabad,2,Onion,2025-06-29,1356.5,20.56,True,1.0
4,Ghaziabad,2,Onion,2025-06-30,1109.7,21.11,True,1.0
4,Ghaziabad,2,Onion,2025-07-01,1353.2,20.49,True,1.0
4,Ghaziabad,2,Onion,2025-07-02,1370.6,20.94,True,1.0
4,Ghaziabad,2,Onion,2025-07-03,1603.0,19.89,True,1.0
4,Ghaziabad,2,Onion,2025-07-04,1536.8,20.13,True,1.0
4,Ghaziabad,2,Onion,2025-07-05,1946.9,19.78,True,1.0
4,Ghaziabad,2,Onion,2025-07-06,1474.8,19.74,True,1.0
4,Ghaziabad,2,Onion,2025-07-07,1555.4,19.45,True,1.0
4,Ghaziabad,2,Onion,2025-07-08,1528.2,20.3,True,1.0
4,Ghaziabad,2,Onion,2025-07-09,1316.4,20.93,True,1.0
4,Ghaziabad,2,Onion,2025-07-10,1316.9,20.64,True,1.0
4,Ghaziabad,2,Onion,2025-07-11,1317.2,21.08,True,1.0
4,Ghaziabad,2,Onion,2025-07-12,2793.6,21.34,True,1.0
4,Ghaziabad,2,Onion,2025-07-13,1277.8,21.3,True,1.0
4,Ghaziabad,2,Onion,2025-07-14,1701.1,22.72,True,1.0
4,Ghaziabad,2,Onion,2025-07-15,1570.4,21.83,True,1.0
4,Ghaziabad,2,Onion,2025-07-16,1514.6,21.76,True,1.0
4,Ghaziabad,2,Onion,2025-07-17,1372.7,21.48,True,1.0
4,Ghaziabad,2,Onion,2025-07-18,1510.1,21.31,True,1.0
4,Ghaziabad,2,Onion,2025-07-19,1490.2,21.52,True,1.0
4,Ghaziabad,2,Onion,2025-07-20,1410.2,21.4,True,1.0
4,Ghaziabad,2,Onion,2025-07-21,1528.1,20.99,True,1.0
4,Ghaziabad,2,Onion,2025-07-22,1544.0,21.31,True,1.0
4,Ghaziabad,2,Onion,2025-07-23,1421.3,22.21,True,1.0
4,Ghaziabad,2,Onion,2025-07-24,1685.2,22.72,True,1.0
4,Ghaziabad,2,Onion,2025-07-25,1398.8,22.61,True,1.0
4,Ghaziabad,2,Onion,2025-07-26,1552.8,21.95,True,1.0
4,Ghaziabad,2,Onion,2025-07-27,1133.5,22.09,True,1.0
4,Ghaziabad,2,Onion,2025-07-28,1170.7,22.77,True,1.0
4,Ghaziabad,2,Onion,2025-07-29,1563.6,23.35,True,1.0
4,Ghaziabad,2,Onion,2025-07-30,1617.1,23.21,True,1.0
4,Ghaziabad,2,Onion,2025-07-31,1470.2,22.66,True,1.0
4,Ghaziabad,2,Onion,2025-08-01,1801.8,22.39,True,1.0
4,Ghaziabad,2,Onion,2025-08-02,1506.2,22.85,True,1.0
4,Ghaziabad,2,Onion,2025-08-03,981.8,23.13,True,1.0
4,Ghaziabad,2,Onion,2025-08-04,1095.9,21.77,True,1.0
4,Ghaziabad,2,Onion,2025-08-05,1365.3,22.36,True,1.0
4,Ghaziabad,2,Onion,2025-08-06,1442.1,22.84,True,1.0
4,Ghaziabad,2,Onion,2025-08-07,1421.9,22.15,True,1.0
4,Ghaziabad,2,Onion,2025-08-08,1590.8,21.77,True,1.0
4,Ghaziabad,2,Onion,2025-08-09,1926.4,21.52,True,1.0
4,Ghaziabad,2,Onion,2025-08-10,1186.3,21.41,True,1.0
4,Ghaziabad,2,Onion,2025-08-11,1456.2,20.9,True,1.0
4,Ghaziabad,2,Onion,2025-08-12,1643.7,21.6,True,1.0
4,Ghaziabad,2,Onion,2025-08-13,1713.2,21.43,True,1.0
4,Ghaziabad,2,Onion,2025-08-14,1214.7,21.77,True,1.0
4,Ghaziabad,2,Onion,2025-08-15,1653.9,21.75,True,1.0
4,Ghaziabad,2,Onion,2025-08-16,1554.0,22.22,True,1.0
4,Ghaziabad,2,Onion,2025-08-17,1386.4,21.76,True,1.0
4,Ghaziabad,2,Onion,2025-08-18,1262.6,22.24,True,1.0
4,Ghaziabad,2,Onion,2025-08-19,1723.5,22.69,True,1.0
4,Ghaziabad,2,Onion,2025-08-20,1562.2,23.31,True,1.0
4,Ghaziabad,2,Onion,2025-08-21,1778.1,24.55,True,1.0
4,Ghaziabad,2,Onion,2025-08-22,1432.1,22.68,True,1.0
4,Ghaziabad,2,Onion,2025-08-23,1642.6,23.0,True,1.0
4,Ghaziabad,2,Onion,2025-08-24,1155.3,22.56,True,1.0
4,Ghaziabad,2,Onion,2025-08-25,1205.7,21.51,True,1.0
4,Ghaziabad,2,Onion,2025-08-26,1420.7,22.53,True,1.0
4,Ghaziabad,2,Onion,2025-08-27,1511.8,23.6,True,1.0
4,Ghaziabad,2,Onion,2025-08-28,1227.3,23.23,True,1.0
4,Ghaziabad,2,Onion,2025-08-29,1572.0,23.38,True,1.0
4,Ghaziabad,2,Onion,2025-08-30,1490.5,23.31,True,1.0
4,Ghaziabad,2,Onion,2025-08-31,1064.2,23.6,True,1.0
4,Ghaziabad,2,Onion,2025-09-01,1309.7,24.13,True,1.0
4,Ghaziabad,2,Onion,2025-09-02,1339.7,24.14,True,1.0
4,Ghaziabad,2,Onion,2025-09-03,1326.3,24.16,True,1.0
4,Ghaziabad,2,Onion,2025-09-04,1685.2,24.82,True,1.0
4,Ghaziabad,2,Onion,2025-09-05,1434.1,24.29,True,1.0
4,Ghaziabad,2,Onion,2025-09-06,1575.6,24.7,True,1.0
4,Ghaziabad,2,Onion,2025-09-07,1162.8,23.78,True,1.0
4,Ghaziabad,2,Onion,2025-09-08,1242.9,24.83,True,1.0
4,Ghaziabad,2,Onion,2025-09-09,1586.4,24.98,True,1.0
4,Ghaziabad,2,Onion,2025-09-10,2082.1,24.28,True,1.0
4,Ghaziabad,2,Onion,2025-09-11,1533.0,22.68,True,1.0
4,Ghaziabad,2,Onion,2025-09-12,1391.9,22.98,True,1.0
4,Ghaziabad,2,Onion,2025-09-13,1353.8,22.42,True,1.0
4,Ghaziabad,2,Onion,2025-09-14,897.4,23.0,True,1.0
4,Ghaziabad,2,Onion,2025-09-15,1267.0,24.21,True,1.0
4,Ghaziabad,2,Onion,2025-09-16,1215.3,24.19,True,1.0
4,Ghaziabad,2,Onion,2025-09-17,1432.2,23.96,True,1.0
4,Ghaziabad,2,Onion,2025-09-18,1627.6,24.16,True,1.0
4,Ghaziabad,2,Onion,2025-09-19,1358.8,24.26,True,1.0
4,Ghaziabad,2,Onion,2025-09-20,1655.6,22.57,True,1.0
4,Ghaziabad,2,Onion,2025-09-21,1007.3,23.12,True,1.0
4,Ghaziabad,2,Onion,2025-09-22,1224.9,23.78,True,1.0
4,Ghaziabad,2,Onion,2025-09-23,1444.3,23.66,True,1.0
4,Ghaziabad,2,Onion,2025-09-24,1334.4,24.42,True,1.0
4,Ghaziabad,2,Onion,2025-09-25,1379.2,24.2,True,1.0
4,Ghaziabad,2,Onion,2025-09-26,1543.1,24.68,True,1.0
4,Ghaziabad,2,Onion,2025-09-27,1495.9,26.13,True,1.0
4,Ghaziabad,2,Onion,2025-09-28,929.0,25.42,True,1.0
4,Ghaziabad,2,Onion,2025-09-29,1639.4,23.65,True,1.0
4,Ghaziabad,2,Onion,2025-09-30,1295.0,23.56,True,1.0
4,Ghaziabad,2,Onion,2025-10-01,1715.0,22.58,True,1.0
4,Ghaziabad,2,Onion,2025-10-02,1193.9,23.43,True,1.0
4,Ghaziabad,2,Onion,2025-10-03,1777.1,24.54,True,1.0
4,Ghaziabad,2,Onion,2025-10-04,1502.0,24.91,True,1.0
4,Ghaziabad,2,Onion,2025-10-05,1271.5,24.91,True,1.0
4,Ghaziabad,2,Onion,2025-10-06,1117.0,24.24,True,1.0
4,Ghaziabad,2,Onion,2025-10-07,1204.1,25.34,True,1.0
4,Ghaziabad,2,Onion,2025-10-08,1359.2,25.54,True,1.0
4,Ghaziabad,2,Onion,2025-10-09,1245.2,25.34,True,1.0
4,Ghaziabad,2,Onion,2025-10-10,1272.4,25.15,True,1.0
4,Ghaziabad,2,Onion,2025-10-11,1335.6,24.95,True,1.0
4,Ghaziabad,2,Onion,2025-10-12,982.3,25.06,True,1.0
4,Ghaziabad,2,Onion,2025-10-13,1267.8,24.38,True,1.0
4,Ghaziabad,2,Onion,2025-10-14,1499.7,25.43,True,1.0
4,Ghaziabad,2,Onion,2025-10-15,1233.9,25.19,True,1.0
4,Ghaziabad,2,Onion,2025-10-16,1254.6,25.34,True,1.0
4,Ghaziabad,2,Onion,2025-10-17,1559.5,24.71,True,1.0
4,Ghaziabad,2,Onion,2025-10-18,1522.6,24.85,True,1.0
4,Ghaziabad,2,Onion,2025-10-19,1200.2,23.12,True,1.0
4,Ghaziabad,2,Onion,2025-10-20,1128.0,22.73,True,1.0
4,Ghaziabad,2,Onion,2025-10-21,1341.9,23.17,True,1.0
4,Ghaziabad,2,Onion,2025-10-22,1281.8,22.64,True,1.0
4,Ghaziabad,2,Onion,2025-10-23,983.1,24.79,True,1.0
4,Ghaziabad,2,Onion,2025-10-24,1613.6,23.5,True,1.0
4,Ghaziabad,2,Onion,2025-10-25,1482.0,23.98,True,1.0
4,Ghaziabad,2,Onion,2025-10-26,1111.5,25.24,True,1.0
4,Ghaziabad,2,Onion,2025-10-27,1013.2,25.31,True,1.0
4,Ghaziabad,2,Onion,2025-10-28,1236.9,24.78,True,1.0
4,Ghaziabad,2,Onion,2025-10-29,1063.1,24.25,True,1.0
4,Ghaziabad,2,Onion,2025-10-30,1463.0,24.74,True,1.0
4,Ghaziabad,2,Onion,2025-10-31,1485.3,24.05,True,1.0
4,Ghaziabad,2,Onion,2025-11-01,1606.7,24.04,True,1.0
4,Ghaziabad,2,Onion,2025-11-02,988.1,24.6,True,1.0
4,Ghaziabad,2,Onion,2025-11-03,1462.8,24.29,True,1.0
4,Ghaziabad,2,Onion,2025-11-04,1147.2,24.35,True,1.0
4,Ghaziabad,2,Onion,2025-11-05,1394.7,24.12,True,1.0
4,Ghaziabad,2,Onion,2025-11-06,1274.3,23.5,True,1.0
4,Ghaziabad,2,Onion,2025-11-07,2583.8,24.55,True,1.0
4,Ghaziabad,2,Onion,2025-11-08,1417.6,25.45,True,1.0
4,Ghaziabad,2,Onion,2025-11-09,968.7,24.86,True,1.0
4,Ghaziabad,2,Onion,2025-11-10,1227.0,24.48,True,1.0
4,Ghaziabad,2,Onion,2025-11-12,1202.2,24.64,True,1.0
4,Ghaziabad,2,Onion,2025-11-13,1014.2,23.88,True,1.0
4,Ghaziabad,2,Onion,2025-11-14,1393.0,23.91,True,1.0
4,Ghaziabad,2,Onion,2025-11-15,1461.4,24.17,True,1.0
4,Ghaziabad,2,Onion,2025-11-16,1064.1,24.62,True,1.0
4,Ghaziabad,2,Onion,2025-11-17,1140.2,22.61,True,1.0
4,Ghaziabad,2,Onion,2025-11-18,1022.6,23.32,True,1.0
4,Ghaziabad,2,Onion,2025-11-19,1337.9,23.79,True,1.0
4,Ghaziabad,2,Onion,2025-11-20,1556.0,24.58,True,1.0
4,Ghaziabad,2,Onion,2025-11-21,1822.0,24.07,True,1.0
4,Ghaziabad,2,Onion,2025-11-22,1234.8,23.71,True,1.0
4,Ghaziabad,2,Onion,2025-11-24,1123.4,23.39,True,1.0
4,Ghaziabad,2,Onion,2025-11-25,1410.4,24.7,True,1.0
4,Ghaziabad,2,Onion,2025-11-26,1021.8,26.34,True,1.0
4,Ghaziabad,2,Onion,2025-11-27,1235.7,25.96,True,1.0
4,Ghaziabad,2,Onion,2025-11-29,976.7,24.26,True,1.0
4,Ghaziabad,2,Onion,2025-11-30,962.2,23.68,True,1.0
4,Ghaziabad,2,Onion,2025-12-01,1183.3,24.47,True,1.0
4,Ghaziabad,2,Onion,2025-12-02,1007.9,24.54,True,1.0
4,Ghaziabad,2,Onion,2025-12-03,971.9,24.2,True,1.0
4,Ghaziabad,2,Onion,2025-12-04,1023.7,24.24,True,1.0
4,Ghaziabad,2,Onion,2025-12-05,1281.8,24.46,True,1.0
4,Ghaziabad,2,Onion,2025-12-06,1284.8,24.04,True,1.0
4,Ghaziabad,2,Onion,2025-12-07,1014.2,23.93,True,1.0
4,Ghaziabad,2,Onion,2025-12-08,998.2,23.84,True,1.0
4,Ghaziabad,2,Onion,2025-12-09,1187.3,23.09,True,1.0
4,Ghaziabad,2,Onion,2025-12-10,1312.0,23.47,True,1.0
4,Ghaziabad,2,Onion,2025-12-11,1016.2,24.76,True,1.0
4,Ghaziabad,2,Onion,2025-12-12,1128.5,25.64,True,1.0
4,Ghaziabad,2,Onion,2025-12-13,1238.8,23.97,True,1.0
4,Ghaziabad,2,Onion,2025-12-14,811.2,24.23,True,1.0
4,Ghaziabad,2,Onion,2025-12-15,1247.7,24.48,True,1.0
4,Ghaziabad,2,Onion,2025-12-16,1254.2,23.89,True,1.0
4,Ghaziabad,2,Onion,2025-12-17,917.5,23.11,True,1.0
4,Ghaziabad,2,Onion,2025-12-18,997.6,22.34,True,1.0
4,Ghaziabad,2,Onion,2025-12-19,1325.0,22.37,True,1.0
4,Ghaziabad,2,Onion,2025-12-20,1513.3,22.88,True,1.0
4,Ghaziabad,2,Onion,2025-12-21,751.6,22.91,True,1.0
4,Ghaziabad,2,Onion,2025-12-22,1144.3,22.62,True,1.0
4,Ghaziabad,2,Onion,2025-12-23,1122.3,22.01,True,1.0
4,Ghaziabad,2,Onion,2025-12-24,834.9,22.59,True,1.0
4,Ghaziabad,2,Onion,2025-12-25,1204.2,23.47,True,1.0
4,Ghaziabad,2,Onion,2025-12-26,1250.5,22.77,True,1.0
4,Ghaziabad,2,Onion,2025-12-27,933.9,23.17,True,1.0
4,Ghaziabad,2,Onion,2025-12-28,1224.8,21.93,True,1.0
4,Ghaziabad,2,Onion,2025-12-29,1092.9,21.85,True,1.0
4,Ghaziabad,2,Onion,2025-12-30,1092.0,22.66,True,1.0
4,Ghaziabad,2,Onion,2025-12-31,963.8,22.04,True,1.0
4,Ghaziabad,2,Onion,2026-01-01,1040.7,21.91,True,1.0
4,Ghaziabad,2,Onion,2026-01-02,989.2,23.12,True,1.0
4,Ghaziabad,2,Onion,2026-01-03,1172.1,22.56,True,1.0
4,Ghaziabad,2,Onion,2026-01-04,929.6,22.09,True,1.0
4,Ghaziabad,2,Onion,2026-01-05,967.9,22.67,True,1.0
4,Ghaziabad,2,Onion,2026-01-06,1110.6,23.99,True,1.0
4,Ghaziabad,2,Onion,2026-01-07,1225.0,23.44,True,1.0
4,Ghaziabad,2,Onion,2026-01-08,1122.3,23.72,True,1.0
4,Ghaziabad,2,Onion,2026-01-09,1010.7,24.3,True,1.0
4,Ghaziabad,2,Onion,2026-01-10,1218.5,24.0,True,1.0
4,Ghaziabad,2,Onion,2026-01-11,794.7,23.38,True,1.0
4,Ghaziabad,2,Onion,2026-01-12,1133.6,22.54,True,1.0
4,Ghaziabad,2,Onion,2026-01-13,991.6,21.62,True,1.0
4,Ghaziabad,2,Onion,2026-01-14,997.4,22.57,True,1.0
4,Ghaziabad,2,Onion,2026-01-15,990.2,22.64,True,1.0
4,Ghaziabad,2,Onion,2026-01-16,986.9,23.43,True,1.0
4,Ghaziabad,2,Onion,2026-01-17,1313.3,23.75,True,1.0
4,Ghaziabad,2,Onion,2026-01-18,882.2,22.89,True,1.0
4,Ghaziabad,2,Onion,2026-01-19,1029.1,21.94,True,1.0
4,Ghaziabad,2,Onion,2026-01-20,1067.0,22.28,True,1.0
4,Ghaziabad,2,Onion,2026-01-21,1103.4,21.84,True,1.0
4,Ghaziabad,2,Onion,2026-01-22,1032.5,22.16,True,1.0
4,Ghaziabad,2,Onion,2026-01-23,1063.0,21.68,True,1.0
4,Ghaziabad,2,Onion,2026-01-24,1326.6,21.26,True,1.0
4,Ghaziabad,2,Onion,2026-01-25,965.4,21.39,True,1.0
4,Ghaziabad,2,Onion,2026-01-26,1042.4,22.15,True,1.0
4,Ghaziabad,2,Onion,2026-01-27,1262.4,22.27,True,1.0
4,Ghaziabad,2,Onion,2026-01-28,1035.7,22.91,True,1.0
4,Ghaziabad,2,Onion,2026-01-29,1120.7,21.8,True,1.0
4,Ghaziabad,2,Onion,2026-01-30,1288.1,21.16,True,1.0
4,Ghaziabad,2,Onion,2026-01-31,957.5,21.28,True,1.0
4,Ghaziabad,2,Onion,2026-02-01,847.9,22.78,True,1.0
4,Ghaziabad,2,Onion,2026-02-02,936.9,22.88,True,1.0
4,Ghaziabad,2,Onion,2026-02-03,1204.0,21.83,True,1.0
4,Ghaziabad,2,Onion,2026-02-04,1223.0,21.71,True,1.0
4,Ghaziabad,2,Onion,2026-02-05,1095.4,21.81,True,1.0
4,Ghaziabad,2,Onion,2026-02-06,1235.1,21.37,True,1.0
4,Ghaziabad,2,Onion,2026-02-07,1174.8,21.79,True,1.0
4,Ghaziabad,2,Onion,2026-02-08,821.0,21.59,True,1.0
4,Ghaziabad,2,Onion,2026-02-09,977.8,21.35,True,1.0
4,Ghaziabad,2,Onion,2026-02-10,879.2,22.14,True,1.0
4,Ghaziabad,2,Onion,2026-02-11,1198.4,20.85,True,1.0
4,Ghaziabad,2,Onion,2026-02-12,1225.6,20.42,True,1.0
4,Ghaziabad,2,Onion,2026-02-13,1085.8,20.19,True,1.0
4,Ghaziabad,2,Onion,2026-02-14,1445.0,20.0,True,1.0
4,Ghaziabad,2,Onion,2026-02-15,966.8,19.93,True,1.0
4,Ghaziabad,2,Onion,2026-02-16,873.2,20.57,True,1.0
4,Ghaziabad,2,Onion,2026-02-17,1107.6,21.39,True,1.0
4,Ghaziabad,2,Onion,2026-02-18,1254.1,21.86,True,1.0
4,Ghaziabad,2,Onion,2026-02-19,1046.9,20.99,True,1.0
4,Ghaziabad,2,Onion,2026-02-20,1167.8,20.93,True,1.0
4,Ghaziabad,2,Onion,2026-02-21,1144.3,21.21,True,1.0
4,Ghaziabad,2,Onion,2026-02-22,1293.1,21.27,True,1.0
4,Ghaziabad,2,Onion,2026-02-23,947.7,21.96,True,1.0
4,Ghaziabad,2,Onion,2026-02-24,1087.6,21.21,True,1.0
4,Ghaziabad,2,Onion,2026-02-25,1279.3,21.19,True,1.0
4,Ghaziabad,2,Onion,2026-02-26,1038.0,20.83,True,1.0
4,Ghaziabad,2,Onion,2026-02-27,1085.4,20.96,True,1.0
4,Ghaziabad,2,Onion,2026-02-28,1120.4,20.26,True,1.0
4,Ghaziabad,2,Onion,2026-03-01,977.4,19.85,True,1.0
4,Ghaziabad,2,Onion,2026-03-02,920.8,19.68,True,1.0
4,Ghaziabad,2,Onion,2026-03-03,1168.2,19.64,True,1.0
4,Ghaziabad,2,Onion,2026-03-04,1624.8,20.82,True,1.0
4,Ghaziabad,2,Onion,2026-03-05,1283.5,21.45,True,1.0
4,Ghaziabad,2,Onion,2026-03-06,1445.8,21.04,True,1.0
4,Ghaziabad,2,Onion,2026-03-07,1081.7,20.98,True,1.0
4,Ghaziabad,2,Onion,2026-03-08,955.0,19.9,True,1.0
4,Ghaziabad,2,Onion,2026-03-09,986.8,19.96,True,1.0
4,Ghaziabad,2,Onion,2026-03-10,993.0,20.19,True,1.0
4,Ghaziabad,2,Onion,2026-03-11,981.2,20.92,True,1.0
4,Ghaziabad,2,Onion,2026-03-12,1320.0,20.94,True,1.0
4,Ghaziabad,2,Onion,2026-03-13,1480.4,21.02,True,1.0
4,Ghaziabad,2,Onion,2026-03-14,1352.6,20.98,True,1.0
4,Ghaziabad,2,Onion,2026-03-15,1199.8,20.92,True,1.0
4,Ghaziabad,2,Onion,2026-03-16,1111.6,19.91,True,1.0
4,Ghaziabad,2,Onion,2026-03-17,1015.0,19.77,True,1.0
4,Ghaziabad,2,Onion,2026-03-18,1344.7,20.73,True,1.0
4,Ghaziabad,2,Onion,2026-03-19,1673.0,21.05,True,1.0
4,Ghaziabad,2,Onion,2026-03-20,1511.5,21.07,True,1.0
4,Ghaziabad,2,Onion,2026-03-21,1496.1,20.82,True,1.0
4,Ghaziabad,2,Onion,2026-03-22,1285.7,20.99,True,1.0
4,Ghaziabad,2,Onion,2026-03-23,1066.9,20.16,True,1.0
4,Ghaziabad,2,Onion,2026-03-24,1459.3,19.24,True,1.0
4,Ghaziabad,2,Onion,2026-03-25,1250.5,19.27,True,1.0
4,Ghaziabad,2,Onion,2026-03-26,1030.3,19.79,True,1.0
4,Ghaziabad,2,Onion,2026-03-27,1212.2,19.91,True,1.0
4,Ghaziabad,2,Onion,2026-03-28,1141.4,20.52,True,1.0
4,Ghaziabad,2,Onion,2026-03-29,1155.2,20.55,True,1.0
4,Ghaziabad,2,Onion,2026-03-30,905.0,20.39,True,1.0
4,Ghaziabad,2,Onion,2026-03-31,1440.6,21.03,True,1.0
4,Ghaziabad,2,Onion,2026-04-01,1150.1,21.37,True,1.0
4,Ghaziabad,2,Onion,2026-04-02,1235.4,20.85,True,1.0
4,Ghaziabad,2,Onion,2026-04-03,1387.1,19.92,True,1.0
4,Ghaziabad,2,Onion,2026-04-04,1340.7,19.39,True,1.0
4,Ghaziabad,2,Onion,2026-04-05,1058.7,19.43,True,1.0
4,Ghaziabad,2,Onion,2026-04-06,1382.9,19.35,True,1.0
4,Ghaziabad,2,Onion,2026-04-07,1328.9,20.43,True,1.0
4,Ghaziabad,2,Onion,2026-04-08,1050.1,19.29,True,1.0
4,Ghaziabad,2,Onion,2026-04-09,1153.7,19.4,True,1.0
4,Ghaziabad,2,Onion,2026-04-10,1321.5,18.93,True,1.0
4,Ghaziabad,2,Onion,2026-04-11,1591.1,19.24,True,1.0
4,Ghaziabad,2,Onion,2026-04-12,984.4,19.61,True,1.0
4,Ghaziabad,2,Onion,2026-04-13,1368.9,19.42,True,1.0
4,Ghaziabad,2,Onion,2026-04-14,1112.0,19.82,True,1.0
4,Ghaziabad,2,Onion,2026-04-15,1167.7,19.68,True,1.0
4,Ghaziabad,2,Onion,2026-04-16,1427.0,19.59,True,1.0
4,Ghaziabad,2,Onion,2026-04-17,1386.5,19.4,True,1.0
4,Ghaziabad,2,Onion,2026-04-18,1505.7,19.86,True,1.0
4,Ghaziabad,2,Onion,2026-04-19,1131.6,19.89,True,1.0
4,Ghaziabad,2,Onion,2026-04-20,992.3,20.74,True,1.0
4,Ghaziabad,2,Onion,2026-04-21,1177.4,21.18,True,1.0
4,Ghaziabad,2,Onion,2026-04-22,1511.1,21.05,True,1.0
4,Ghaziabad,2,Onion,2026-04-23,1543.3,19.4,True,1.0
4,Ghaziabad,2,Onion,2026-04-24,1582.7,18.68,True,1.0
4,Ghaziabad,2,Onion,2026-04-25,1579.4,19.52,True,1.0
4,Ghaziabad,2,Onion,2026-04-26,1032.6,19.3,True,1.0
4,Ghaziabad,2,Onion,2026-04-27,1211.9,19.55,True,1.0
4,Ghaziabad,2,Onion,2026-04-28,1274.7,19.24,True,1.0
4,Ghaziabad,2,Onion,2026-04-29,1482.6,19.66,True,1.0
4,Ghaziabad,2,Onion,2026-04-30,1234.7,20.22,True,1.0
4,Ghaziabad,2,Onion,2026-05-01,1497.7,19.38,True,1.0
4,Ghaziabad,2,Onion,2026-05-02,1601.2,19.03,True,1.0
4,Ghaziabad,2,Onion,2026-05-03,1062.3,18.33,True,1.0
4,Ghaziabad,2,Onion,2026-05-04,1389.9,18.86,True,1.0
4,Ghaziabad,2,Onion,2026-05-05,1473.0,18.22,True,1.0
4,Ghaziabad,2,Onion,2026-05-06,1562.6,18.47,True,1.0
4,Ghaziabad,2,Onion,2026-05-08,1587.1,20.47,True,1.0
4,Ghaziabad,2,Onion,2026-05-09,1810.7,20.46,True,1.0
4,Ghaziabad,2,Onion,2026-05-10,1063.5,20.98,True,1.0
4,Ghaziabad,2,Onion,2026-05-11,1361.2,20.76,True,1.0
4,Ghaziabad,2,Onion,2026-05-12,1513.8,20.64,True,1.0
4,Ghaziabad,2,Onion,2026-05-13,1230.3,20.26,True,1.0
4,Ghaziabad,2,Onion,2026-05-14,1418.4,19.9,True,1.0
4,Ghaziabad,2,Onion,2026-05-15,1323.8,20.55,True,1.0
4,Ghaziabad,2,Onion,2026-05-16,1748.6,20.54,True,1.0
4,Ghaziabad,2,Onion,2026-05-17,1101.4,20.52,True,1.0
4,Ghaziabad,2,Onion,2026-05-18,1384.2,19.97,True,1.0
4,Ghaziabad,2,Onion,2026-05-19,1466.5,19.74,True,1.0
4,Ghaziabad,2,Onion,2026-05-20,1273.8,20.98,True,1.0
4,Ghaziabad,2,Onion,2026-05-21,1381.5,20.61,True,1.0
4,Ghaziabad,2,Onion,2026-05-22,1920.8,21.19,True,1.0
4,Ghaziabad,2,Onion,2026-05-23,1412.2,20.49,True,1.0
4,Ghaziabad,2,Onion,2026-05-24,1207.3,20.8,True,1.0
4,Ghaziabad,2,Onion,2026-05-25,1497.9,20.71,True,1.0
4,Ghaziabad,2,Onion,2026-05-26,2679.5,20.26,True,1.0
4,Ghaziabad,2,Onion,2026-05-27,1610.9,20.56,True,1.0
4,Ghaziabad,2,Onion,2026-05-28,1174.0,19.52,True,1.0
4,Ghaziabad,2,Onion,2026-05-29,1567.1,20.0,True,1.0
4,Ghaziabad,2,Onion,2026-05-30,1762.3,20.47,True,1.0
4,Ghaziabad,2,Onion,2026-05-31,1300.2,20.52,True,1.0
4,Ghaziabad,2,Onion,2026-06-01,1289.3,21.17,True,1.0
4,Ghaziabad,2,Onion,2026-06-02,1251.4,20.81,True,1.0
4,Ghaziabad,2,Onion,2026-06-03,1506.8,20.53,True,1.0
4,Ghaziabad,2,Onion,2026-06-04,1495.4,20.63,True,1.0
4,Ghaziabad,2,Onion,2026-06-05,1469.7,21.02,True,1.0
4,Ghaziabad,2,Onion,2026-06-06,1698.7,21.12,True,1.0
4,Ghaziabad,2,Onion,2026-06-07,1424.9,20.72,True,1.0
4,Ghaziabad,2,Onion,2026-06-08,1077.0,20.01,True,1.0
4,Ghaziabad,2,Onion,2026-06-09,1444.1,20.48,True,1.0
4,Ghaziabad,2,Onion,2026-06-10,1134.4,19.98,True,1.0
4,Ghaziabad,2,Onion,2026-06-11,1616.2,19.63,True,1.0
4,Ghaziabad,2,Onion,2026-06-12,1553.9,19.49,True,1.0
4,Ghaziabad,2,Onion,2026-06-13,2203.8,19.8,True,1.0
4,Ghaziabad,2,Onion,2026-06-14,1491.0,19.54,True,1.0
4,Ghaziabad,2,Onion,2026-06-15,1431.1,19.19,True,1.0
4,Ghaziabad,2,Onion,2026-06-16,1709.6,19.21,True,1.0
4,Ghaziabad,2,Onion,2026-06-17,1804.1,19.5,True,1.0
4,Ghaziabad,2,Onion,2026-06-18,1374.9,20.07,True,1.0
4,Ghaziabad,2,Onion,2026-06-19,1403.4,20.27,True,1.0
4,Ghaziabad,2,Onion,2026-06-20,1732.9,19.76,True,1.0
4,Ghaziabad,2,Onion,2026-06-21,1473.6,20.16,True,1.0
4,Ghaziabad,2,Onion,2026-06-22,1635.6,20.51,True,1.0
4,Ghaziabad,2,Onion,2026-06-23,1329.2,20.31,True,1.0
4,Ghaziabad,2,Onion,2026-06-24,1578.0,19.99,True,1.0
4,Ghaziabad,2,Onion,2026-06-25,1328.2,19.77,True,1.0
4,Ghaziabad,2,Onion,2026-06-26,2033.0,19.78,True,1.0
4,Ghaziabad,2,Onion,2026-06-27,1535.5,21.42,True,1.0
4,Ghaziabad,2,Onion,2026-06-28,1350.1,20.73,True,1.0
4,Ghaziabad,2,Onion,2026-06-29,1250.7,20.95,True,1.0
4,Ghaziabad,2,Onion,2026-06-30,2103.4,20.53,True,1.0
4,Ghaziabad,2,Onion,2026-07-01,1517.0,20.38,True,1.0
4,Ghaziabad,2,Onion,2026-07-02,1835.1,20.17,True,1.0
4,Ghaziabad,2,Onion,2026-07-03,1496.4,20.91,True,1.0
4,Ghaziabad,2,Onion,2026-07-04,1999.4,21.2,True,1.0
4,Ghaziabad,2,Onion,2026-07-05,1265.4,21.11,True,1.0
4,Ghaziabad,2,Onion,2026-07-06,1334.4,21.44,True,1.0
4,Ghaziabad,2,Onion,2026-07-07,1453.2,21.84,True,1.0
4,Ghaziabad,2,Onion,2026-07-08,1322.6,21.15,True,1.0
4,Ghaziabad,2,Onion,2026-07-09,1433.9,21.53,True,1.0
4,Ghaziabad,2,Onion,2026-07-10,1506.5,21.04,True,1.0
4,Ghaziabad,2,Onion,2026-07-11,1822.6,21.65,True,1.0
4,Ghaziabad,2,Onion,2026-07-12,1064.9,22.05,True,1.0
4,Ghaziabad,2,Onion,2026-07-13,1389.1,22.12,True,1.0
4,Ghaziabad,2,Onion,2026-07-14,1275.1,21.8,True,1.0
4,Ghaziabad,2,Onion,2026-07-15,1294.0,21.4,True,1.0
4,Ghaziabad,2,Onion,2026-07-16,1788.2,21.29,True,1.0
4,Ghaziabad,2,Onion,2026-07-17,1711.9,21.86,True,1.0
4,Ghaziabad,2,Onion,2026-07-18,1958.3,21.38,True,1.0
4,Ghaziabad,2,Onion,2026-07-19,1495.7,21.51,True,1.0
4,Ghaziabad,2,Onion,2026-07-20,1748.3,20.52,True,1.0
4,Ghaziabad,2,Onion,2026-07-21,1803.3,21.05,True,1.0
4,Ghaziabad,2,Onion,2026-07-22,1197.9,20.65,True,1.0
4,Ghaziabad,2,Onion,2026-07-23,1379.2,20.23,True,1.0
4,Ghaziabad,2,Onion,2026-07-24,1637.6,21.03,True,1.0
4,Ghaziabad,2,Onion,2026-07-25,1752.7,21.42,True,1.0
4,Ghaziabad,2,Onion,2026-07-26,1598.3,21.31,True,1.0
4,Ghaziabad,2,Onion,2026-07-27,1391.5,21.34,True,1.0
4,Ghaziabad,2,Onion,2026-07-28,1454.5,22.99,True,1.0
4,Ghaziabad,2,Onion,2026-07-29,1606.7,22.59,True,1.0
4,Ghaziabad,2,Onion,2026-07-30,1497.2,22.33,True,1.0
4,Ghaziabad,2,Onion,2026-07-31,1301.6,22.7,True,1.0
4,Ghaziabad,2,Onion,2026-08-01,1606.2,22.61,True,1.0
4,Ghaziabad,2,Onion,2026-08-02,1174.7,23.14,True,1.0
4,Ghaziabad,2,Onion,2026-08-03,1258.0,23.07,True,1.0
4,Ghaziabad,2,Onion,2026-08-04,1807.1,23.35,True,1.0
4,Ghaziabad,2,Onion,2026-08-05,1703.8,23.34,True,1.0
4,Ghaziabad,2,Onion,2026-08-06,1468.0,23.49,True,1.0
4,Ghaziabad,2,Onion,2026-08-07,1862.6,23.14,True,1.0
4,Ghaziabad,2,Onion,2026-08-08,1417.9,23.09,True,1.0
4,Ghaziabad,2,Onion,2026-08-09,1004.0,22.74,True,1.0
4,Ghaziabad,2,Onion,2026-08-10,1571.8,23.08,True,1.0
4,Ghaziabad,2,Onion,2026-08-11,1419.9,22.07,True,1.0
4,Ghaziabad,2,Onion,2026-08-12,1497.0,22.71,True,1.0
4,Ghaziabad,2,Onion,2026-08-13,1419.6,23.36,True,1.0
4,Ghaziabad,2,Onion,2026-08-14,1738.5,23.66,True,1.0
4,Ghaziabad,2,Onion,2026-08-15,1702.5,23.31,True,1.0
4,Ghaziabad,2,Onion,2026-08-16,1133.0,23.49,True,1.0
4,Ghaziabad,2,Onion,2026-08-17,1503.5,22.78,True,1.0
4,Ghaziabad,2,Onion,2026-08-18,1362.7,23.36,True,1.0
4,Ghaziabad,2,Onion,2026-08-19,1738.1,22.5,True,1.0
4,Ghaziabad,2,Onion,2026-08-20,1779.8,23.02,True,1.0
4,Ghaziabad,2,Onion,2026-08-22,1702.2,23.53,True,1.0
4,Ghaziabad,2,Onion,2026-08-23,1223.8,23.09,True,1.0
4,Ghaziabad,2,Onion,2026-08-24,1708.9,23.59,True,1.0
4,Ghaziabad,2,Onion,2026-08-25,1522.8,22.25,True,1.0
4,Ghaziabad,2,Onion,2026-08-26,1233.1,23.02,True,1.0
4,Ghaziabad,2,Onion,2026-08-27,1586.2,23.2,True,1.0
4,Ghaziabad,2,Onion,2026-08-28,1590.6,23.91,True,1.0
4,Ghaziabad,2,Onion,2026-08-29,1385.5,23.85,True,1.0
4,Ghaziabad,2,Onion,2026-08-30,1172.8,24.96,True,1.0
4,Ghaziabad,2,Onion,2026-08-31,1548.0,23.8,True,1.0
4,Ghaziabad,2,Onion,2026-09-01,1204.9,24.08,True,1.0
4,Ghaziabad,2,Onion,2026-09-02,1542.8,23.28,True,1.0
4,Ghaziabad,2,Onion,2026-09-03,1811.5,23.23,True,1.0
4,Ghaziabad,2,Onion,2026-09-05,1448.6,24.13,True,1.0
4,Ghaziabad,2,Onion,2026-09-06,981.5,24.2,True,1.0
4,Ghaziabad,2,Onion,2026-09-07,1307.0,24.2,True,1.0
4,Ghaziabad,2,Onion,2026-09-08,1621.4,24.2,True,1.0
4,Ghaziabad,2,Onion,2026-09-09,1172.7,24.2,True,1.0
4,Ghaziabad,2,Onion,2026-09-10,1746.5,23.77,True,1.0
4,Ghaziabad,2,Onion,2026-09-11,1914.6,22.66,True,1.0
4,Ghaziabad,2,Onion,2026-09-12,1416.3,23.07,True,1.0
4,Ghaziabad,2,Onion,2026-09-13,1072.0,22.91,True,1.0
4,Ghaziabad,2,Onion,2026-09-14,1451.1,23.72,True,1.0
4,Ghaziabad,2,Onion,2026-09-15,1279.6,23.38,True,1.0
4,Ghaziabad,2,Onion,2026-09-16,1347.0,23.18,True,1.0
4,Ghaziabad,2,Onion,2026-09-17,1624.2,23.61,True,1.0
4,Ghaziabad,2,Onion,2026-09-18,1754.4,24.2,True,1.0
4,Ghaziabad,2,Onion,2026-09-19,1741.0,23.81,True,1.0
4,Ghaziabad,2,Onion,2026-09-20,1275.7,24.2,True,1.0
4,Ghaziabad,2,Onion,2026-09-21,1294.5,24.2,True,1.0
4,Ghaziabad,2,Onion,2026-09-22,1372.0,24.2,True,1.0
4,Ghaziabad,2,Onion,2026-09-23,1639.6,24.2,True,1.0
4,Ghaziabad,2,Onion,2026-09-24,1494.7,24.2,True,1.0
4,Ghaziabad,2,Onion,2026-09-25,1383.5,24.2,True,1.0
4,Ghaziabad,2,Onion,2026-09-26,2013.5,24.2,True,1.0
4,Ghaziabad,2,Onion,2026-09-27,1174.8,24.2,True,1.0
4,Ghaziabad,2,Onion,2026-09-28,1824.8,24.2,True,1.0
4,Ghaziabad,2,Onion,2026-09-29,1229.3,23.18,True,1.0
4,Ghaziabad,2,Onion,2026-09-30,1407.0,23.27,True,1.0
4,Ghaziabad,3,Potato,2024-10-01,1295.1,18.75,True,1.0
4,Ghaziabad,3,Potato,2024-10-02,1188.5,19.5,True,1.0
4,Ghaziabad,3,Potato,2024-10-03,1400.0,19.46,True,1.0
4,Ghaziabad,3,Potato,2024-10-04,1360.9,19.06,True,1.0
4,Ghaziabad,3,Potato,2024-10-05,1387.8,18.9,True,1.0
4,Ghaziabad,3,Potato,2024-10-06,1127.6,18.94,True,1.0
4,Ghaziabad,3,Potato,2024-10-07,1047.1,18.58,True,1.0
4,Ghaziabad,3,Potato,2024-10-08,1348.6,18.88,True,1.0
4,Ghaziabad,3,Potato,2024-10-09,1638.3,19.62,True,1.0
4,Ghaziabad,3,Potato,2024-10-10,1074.8,19.03,True,1.0
4,Ghaziabad,3,Potato,2024-10-11,1302.7,19.48,True,1.0
4,Ghaziabad,3,Potato,2024-10-12,2225.0,19.6,True,1.0
4,Ghaziabad,3,Potato,2024-10-13,858.8,19.5,True,1.0
4,Ghaziabad,3,Potato,2024-10-14,857.0,19.18,True,1.0
4,Ghaziabad,3,Potato,2024-10-15,1211.5,19.08,True,1.0
4,Ghaziabad,3,Potato,2024-10-16,1261.8,18.7,True,1.0
4,Ghaziabad,3,Potato,2024-10-17,1281.7,19.55,True,1.0
4,Ghaziabad,3,Potato,2024-10-18,1187.1,18.74,True,1.0
4,Ghaziabad,3,Potato,2024-10-19,1404.6,19.17,True,1.0
4,Ghaziabad,3,Potato,2024-10-21,1396.9,19.04,True,1.0
4,Ghaziabad,3,Potato,2024-10-22,1046.4,19.39,True,1.0
4,Ghaziabad,3,Potato,2024-10-23,1192.8,19.06,True,1.0
4,Ghaziabad,3,Potato,2024-10-24,1382.8,18.78,True,1.0
4,Ghaziabad,3,Potato,2024-10-25,1466.4,18.52,True,1.0
4,Ghaziabad,3,Potato,2024-10-26,1453.8,17.53,True,1.0
4,Ghaziabad,3,Potato,2024-10-27,924.3,17.95,True,1.0
4,Ghaziabad,3,Potato,2024-10-28,1183.7,18.71,True,1.0
4,Ghaziabad,3,Potato,2024-10-29,1201.0,18.11,True,1.0
4,Ghaziabad,3,Potato,2024-10-30,1372.5,18.49,True,1.0
4,Ghaziabad,3,Potato,2024-10-31,1228.6,18.27,True,1.0
4,Ghaziabad,3,Potato,2024-11-01,1580.4,17.59,True,1.0
4,Ghaziabad,3,Potato,2024-11-02,1322.5,18.18,True,1.0
4,Ghaziabad,3,Potato,2024-11-03,1042.5,18.97,True,1.0
4,Ghaziabad,3,Potato,2024-11-04,1068.3,18.2,True,1.0
4,Ghaziabad,3,Potato,2024-11-05,1315.4,18.19,True,1.0
4,Ghaziabad,3,Potato,2024-11-06,1204.7,17.33,True,1.0
4,Ghaziabad,3,Potato,2024-11-07,1433.7,17.43,True,1.0
4,Ghaziabad,3,Potato,2024-11-08,1333.3,17.77,True,1.0
4,Ghaziabad,3,Potato,2024-11-09,1396.7,18.66,True,1.0
4,Ghaziabad,3,Potato,2024-11-10,1168.7,19.2,True,1.0
4,Ghaziabad,3,Potato,2024-11-11,1057.4,19.62,True,1.0
4,Ghaziabad,3,Potato,2024-11-12,1140.6,18.72,True,1.0
4,Ghaziabad,3,Potato,2024-11-13,1479.8,18.26,True,1.0
4,Ghaziabad,3,Potato,2024-11-14,1169.7,17.22,True,1.0
4,Ghaziabad,3,Potato,2024-11-15,1597.8,16.98,True,1.0
4,Ghaziabad,3,Potato,2024-11-16,1309.4,16.45,True,1.0
4,Ghaziabad,3,Potato,2024-11-17,1041.5,16.95,True,1.0
4,Ghaziabad,3,Potato,2024-11-18,1209.2,16.78,True,1.0
4,Ghaziabad,3,Potato,2024-11-19,1103.8,16.47,True,1.0
4,Ghaziabad,3,Potato,2024-11-20,1240.5,16.59,True,1.0
4,Ghaziabad,3,Potato,2024-11-21,1369.9,16.29,True,1.0
4,Ghaziabad,3,Potato,2024-11-22,1558.8,16.77,True,1.0
4,Ghaziabad,3,Potato,2024-11-23,1608.5,17.1,True,1.0
4,Ghaziabad,3,Potato,2024-11-24,1059.3,17.04,True,1.0
4,Ghaziabad,3,Potato,2024-11-25,1446.4,16.79,True,1.0
4,Ghaziabad,3,Potato,2024-11-26,1099.2,16.32,True,1.0
4,Ghaziabad,3,Potato,2024-11-27,1121.5,16.89,True,1.0
4,Ghaziabad,3,Potato,2024-11-28,1266.6,17.13,True,1.0
4,Ghaziabad,3,Potato,2024-11-29,1485.0,17.41,True,1.0
4,Ghaziabad,3,Potato,2024-11-30,1311.8,17.22,True,1.0
4,Ghaziabad,3,Potato,2024-12-01,1214.0,17.13,True,1.0
4,Ghaziabad,3,Potato,2024-12-02,1338.4,17.89,True,1.0
4,Ghaziabad,3,Potato,2024-12-03,1538.2,17.39,True,1.0
4,Ghaziabad,3,Potato,2024-12-04,1248.3,17.19,True,1.0
4,Ghaziabad,3,Potato,2024-12-05,1088.2,17.56,True,1.0
4,Ghaziabad,3,Potato,2024-12-06,1216.3,17.6,True,1.0
4,Ghaziabad,3,Potato,2024-12-07,1618.9,16.48,True,1.0
4,Ghaziabad,3,Potato,2024-12-08,1255.8,15.89,True,1.0
4,Ghaziabad,3,Potato,2024-12-09,1411.5,15.95,True,1.0
4,Ghaziabad,3,Potato,2024-12-10,1508.0,16.72,True,1.0
4,Ghaziabad,3,Potato,2024-12-11,1117.3,17.16,True,1.0
4,Ghaziabad,3,Potato,2024-12-12,1275.9,17.4,True,1.0
4,Ghaziabad,3,Potato,2024-12-13,1355.1,17.61,True,1.0
4,Ghaziabad,3,Potato,2024-12-14,1727.4,16.97,True,1.0
4,Ghaziabad,3,Potato,2024-12-15,1357.3,17.29,True,1.0
4,Ghaziabad,3,Potato,2024-12-16,1414.9,16.76,True,1.0
4,Ghaziabad,3,Potato,2024-12-17,1389.1,17.3,True,1.0
4,Ghaziabad,3,Potato,2024-12-18,1623.3,16.96,True,1.0
4,Ghaziabad,3,Potato,2024-12-19,1101.6,17.11,True,1.0
4,Ghaziabad,3,Potato,2024-12-20,1340.2,16.18,True,1.0
4,Ghaziabad,3,Potato,2024-12-21,1569.6,15.79,True,1.0
4,Ghaziabad,3,Potato,2024-12-22,1202.7,16.64,True,1.0
4,Ghaziabad,3,Potato,2024-12-23,1379.6,17.07,True,1.0
4,Ghaziabad,3,Potato,2024-12-24,1548.4,16.44,True,1.0
4,Ghaziabad,3,Potato,2024-12-25,1403.4,17.21,True,1.0
4,Ghaziabad,3,Potato,2024-12-26,1337.5,16.59,True,1.0
4,Ghaziabad,3,Potato,2024-12-27,1572.8,16.69,True,1.0
4,Ghaziabad,3,Potato,2024-12-28,1574.7,16.52,True,1.0
4,Ghaziabad,3,Potato,2024-12-29,1338.7,16.2,True,1.0
4,Ghaziabad,3,Potato,2024-12-30,1377.5,16.95,True,1.0
4,Ghaziabad,3,Potato,2024-12-31,1372.4,17.76,True,1.0
4,Ghaziabad,3,Potato,2025-01-01,1367.0,17.58,True,1.0
4,Ghaziabad,3,Potato,2025-01-02,1312.5,18.13,True,1.0
4,Ghaziabad,3,Potato,2025-01-03,1581.3,17.59,True,1.0
4,Ghaziabad,3,Potato,2025-01-04,1769.9,17.41,True,1.0
4,Ghaziabad,3,Potato,2025-01-05,861.0,17.3,True,1.0
4,Ghaziabad,3,Potato,2025-01-06,1350.5,16.59,True,1.0
4,Ghaziabad,3,Potato,2025-01-07,1112.6,16.9,True,1.0
4,Ghaziabad,3,Potato,2025-01-08,1637.1,17.21,True,1.0
4,Ghaziabad,3,Potato,2025-01-09,1856.8,17.0,True,1.0
4,Ghaziabad,3,Potato,2025-01-10,1534.0,16.14,True,1.0
4,Ghaziabad,3,Potato,2025-01-11,1423.5,16.5,True,1.0
4,Ghaziabad,3,Potato,2025-01-12,1119.7,15.88,True,1.0
4,Ghaziabad,3,Potato,2025-01-13,1270.8,15.77,True,1.0
4,Ghaziabad,3,Potato,2025-01-14,1199.3,16.13,True,1.0
4,Ghaziabad,3,Potato,2025-01-15,1517.4,15.96,True,1.0
4,Ghaziabad,3,Potato,2025-01-16,1725.0,16.31,True,1.0
4,Ghaziabad,3,Potato,2025-01-17,1392.0,16.34,True,1.0
4,Ghaziabad,3,Potato,2025-01-18,1769.4,15.71,True,1.0
4,Ghaziabad,3,Potato,2025-01-19,1089.2,16.09,True,1.0
4,Ghaziabad,3,Potato,2025-01-20,1467.3,16.56,True,1.0
4,Ghaziabad,3,Potato,2025-01-21,1267.6,17.1,True,1.0
4,Ghaziabad,3,Potato,2025-01-22,1218.4,16.82,True,1.0
4,Ghaziabad,3,Potato,2025-01-23,1471.9,16.76,True,1.0
4,Ghaziabad,3,Potato,2025-01-24,1735.1,16.06,True,1.0
4,Ghaziabad,3,Potato,2025-01-25,1523.9,17.2,True,1.0
4,Ghaziabad,3,Potato,2025-01-26,1310.2,17.81,True,1.0
4,Ghaziabad,3,Potato,2025-01-27,1322.3,17.46,True,1.0
4,Ghaziabad,3,Potato,2025-01-28,1353.9,17.18,True,1.0
4,Ghaziabad,3,Potato,2025-01-29,1612.2,15.68,True,1.0
4,Ghaziabad,3,Potato,2025-01-30,1204.5,16.47,True,1.0
4,Ghaziabad,3,Potato,2025-01-31,1490.1,16.82,True,1.0
4,Ghaziabad,3,Potato,2025-02-01,1973.6,17.19,True,1.0
4,Ghaziabad,3,Potato,2025-02-02,1077.0,16.86,True,1.0
4,Ghaziabad,3,Potato,2025-02-03,1165.8,16.6,True,1.0
4,Ghaziabad,3,Potato,2025-02-04,1328.0,16.07,True,1.0
4,Ghaziabad,3,Potato,2025-02-05,1512.0,16.64,True,1.0
4,Ghaziabad,3,Potato,2025-02-06,1140.9,17.28,True,1.0
4,Ghaziabad,3,Potato,2025-02-07,1346.7,17.68,True,1.0
4,Ghaziabad,3,Potato,2025-02-08,1808.2,17.5,True,1.0
4,Ghaziabad,3,Potato,2025-02-09,1195.7,17.12,True,1.0
4,Ghaziabad,3,Potato,2025-02-10,1465.1,16.51,True,1.0
4,Ghaziabad,3,Potato,2025-02-11,1358.9,16.26,True,1.0
4,Ghaziabad,3,Potato,2025-02-12,1654.8,16.64,True,1.0
4,Ghaziabad,3,Potato,2025-02-13,1805.0,16.55,True,1.0
4,Ghaziabad,3,Potato,2025-02-14,1689.4,17.42,True,1.0
4,Ghaziabad,3,Potato,2025-02-15,1546.8,17.81,True,1.0
4,Ghaziabad,3,Potato,2025-02-16,1367.6,17.21,True,1.0
4,Ghaziabad,3,Potato,2025-02-17,1912.5,16.51,True,1.0
4,Ghaziabad,3,Potato,2025-02-18,1598.6,16.35,True,1.0
4,Ghaziabad,3,Potato,2025-02-19,1321.7,17.0,True,1.0
4,Ghaziabad,3,Potato,2025-02-20,1897.4,16.71,True,1.0
4,Ghaziabad,3,Potato,2025-02-21,1479.3,17.02,True,1.0
4,Ghaziabad,3,Potato,2025-02-22,1668.2,16.7,True,1.0
4,Ghaziabad,3,Potato,2025-02-23,1100.6,16.92,True,1.0
4,Ghaziabad,3,Potato,2025-02-24,1474.1,17.17,True,1.0
4,Ghaziabad,3,Potato,2025-02-25,1463.7,17.57,True,1.0
4,Ghaziabad,3,Potato,2025-02-26,1787.0,18.1,True,1.0
4,Ghaziabad,3,Potato,2025-02-27,1489.1,18.41,True,1.0
4,Ghaziabad,3,Potato,2025-02-28,2146.6,17.69,True,1.0
4,Ghaziabad,3,Potato,2025-03-01,1702.8,17.39,True,1.0
4,Ghaziabad,3,Potato,2025-03-02,1322.1,16.69,True,1.0
4,Ghaziabad,3,Potato,2025-03-03,1666.4,16.66,True,1.0
4,Ghaziabad,3,Potato,2025-03-04,1482.8,16.77,True,1.0
4,Ghaziabad,3,Potato,2025-03-05,1472.1,16.64,True,1.0
4,Ghaziabad,3,Potato,2025-03-06,1766.7,16.51,True,1.0
4,Ghaziabad,3,Potato,2025-03-07,1684.4,17.16,True,1.0
4,Ghaziabad,3,Potato,2025-03-08,2177.0,17.57,True,1.0
4,Ghaziabad,3,Potato,2025-03-09,1376.6,17.61,True,1.0
4,Ghaziabad,3,Potato,2025-03-10,1596.9,16.82,True,1.0
4,Ghaziabad,3,Potato,2025-03-11,1549.7,17.0,True,1.0
4,Ghaziabad,3,Potato,2025-03-12,1506.1,16.84,True,1.0
4,Ghaziabad,3,Potato,2025-03-13,1819.0,17.57,True,1.0
4,Ghaziabad,3,Potato,2025-03-14,1720.0,16.56,True,1.0
4,Ghaziabad,3,Potato,2025-03-15,2123.6,16.47,True,1.0
4,Ghaziabad,3,Potato,2025-03-16,1319.1,16.39,True,1.0
4,Ghaziabad,3,Potato,2025-03-17,1437.5,16.4,True,1.0
4,Ghaziabad,3,Potato,2025-03-18,1614.5,17.1,True,1.0
4,Ghaziabad,3,Potato,2025-03-19,1837.0,16.01,True,1.0
4,Ghaziabad,3,Potato,2025-03-20,1819.7,16.27,True,1.0
4,Ghaziabad,3,Potato,2025-03-21,1800.9,16.96,True,1.0
4,Ghaziabad,3,Potato,2025-03-22,1998.3,17.53,True,1.0
4,Ghaziabad,3,Potato,2025-03-23,1356.5,17.18,True,1.0
4,Ghaziabad,3,Potato,2025-03-24,1815.4,16.89,True,1.0
4,Ghaziabad,3,Potato,2025-03-25,1365.4,17.18,True,1.0
4,Ghaziabad,3,Potato,2025-03-26,1412.0,17.3,True,1.0
4,Ghaziabad,3,Potato,2025-03-27,1638.8,17.35,True,1.0
4,Ghaziabad,3,Potato,2025-03-28,1647.2,15.57,True,1.0
4,Ghaziabad,3,Potato,2025-03-29,1879.0,15.58,True,1.0
4,Ghaziabad,3,Potato,2025-03-30,1178.0,15.71,True,1.0
4,Ghaziabad,3,Potato,2025-03-31,1533.7,16.51,True,1.0
4,Ghaziabad,3,Potato,2025-04-01,1755.6,16.11,True,1.0
4,Ghaziabad,3,Potato,2025-04-02,1590.7,16.02,True,1.0
4,Ghaziabad,3,Potato,2025-04-03,1593.6,16.37,True,1.0
4,Ghaziabad,3,Potato,2025-04-04,1723.7,16.1,True,1.0
4,Ghaziabad,3,Potato,2025-04-05,1298.3,16.82,True,1.0
4,Ghaziabad,3,Potato,2025-04-06,1711.5,16.84,True,1.0
4,Ghaziabad,3,Potato,2025-04-07,1471.9,17.97,True,1.0
4,Ghaziabad,3,Potato,2025-04-08,1682.5,17.54,True,1.0
4,Ghaziabad,3,Potato,2025-04-09,1500.7,17.27,True,1.0
4,Ghaziabad,3,Potato,2025-04-10,1745.1,17.78,True,1.0
4,Ghaziabad,3,Potato,2025-04-11,1655.8,17.41,True,1.0
4,Ghaziabad,3,Potato,2025-04-12,1928.4,18.26,True,1.0
4,Ghaziabad,3,Potato,2025-04-13,1297.8,18.33,True,1.0
4,Ghaziabad,3,Potato,2025-04-14,1272.1,17.99,True,1.0
4,Ghaziabad,3,Potato,2025-04-15,1425.8,17.83,True,1.0
4,Ghaziabad,3,Potato,2025-04-16,1545.2,19.31,True,1.0
4,Ghaziabad,3,Potato,2025-04-17,1492.9,19.1,True,1.0
4,Ghaziabad,3,Potato,2025-04-18,1711.0,18.78,True,1.0
4,Ghaziabad,3,Potato,2025-04-19,1735.5,18.41,True,1.0
4,Ghaziabad,3,Potato,2025-04-20,1312.4,18.79,True,1.0
4,Ghaziabad,3,Potato,2025-04-21,1372.6,17.72,True,1.0
4,Ghaziabad,3,Potato,2025-04-22,1321.6,17.67,True,1.0
4,Ghaziabad,3,Potato,2025-04-23,1887.5,16.36,True,1.0
4,Ghaziabad,3,Potato,2025-04-24,1730.4,16.56,True,1.0
4,Ghaziabad,3,Potato,2025-04-25,2012.9,17.38,True,1.0
4,Ghaziabad,3,Potato,2025-04-26,1829.3,18.26,True,1.0
4,Ghaziabad,3,Potato,2025-04-27,1423.6,18.49,True,1.0
4,Ghaziabad,3,Potato,2025-04-28,1401.9,18.69,True,1.0
4,Ghaziabad,3,Potato,2025-04-29,1465.5,17.6,True,1.0
4,Ghaziabad,3,Potato,2025-04-30,1607.7,17.39,True,1.0
4,Ghaziabad,3,Potato,2025-05-01,1793.4,18.35,True,1.0
4,Ghaziabad,3,Potato,2025-05-02,1540.2,18.0,True,1.0
4,Ghaziabad,3,Potato,2025-05-03,2719.5,17.97,True,1.0
4,Ghaziabad,3,Potato,2025-05-04,1366.0,17.61,True,1.0
4,Ghaziabad,3,Potato,2025-05-05,1829.2,17.3,True,1.0
4,Ghaziabad,3,Potato,2025-05-06,1438.9,17.33,True,1.0
4,Ghaziabad,3,Potato,2025-05-07,1717.2,17.26,True,1.0
4,Ghaziabad,3,Potato,2025-05-08,1586.8,18.03,True,1.0
4,Ghaziabad,3,Potato,2025-05-09,1659.7,18.2,True,1.0
4,Ghaziabad,3,Potato,2025-05-10,1674.4,18.76,True,1.0
4,Ghaziabad,3,Potato,2025-05-11,1234.6,17.89,True,1.0
4,Ghaziabad,3,Potato,2025-05-12,1939.6,18.66,True,1.0
4,Ghaziabad,3,Potato,2025-05-13,1644.2,18.57,True,1.0
4,Ghaziabad,3,Potato,2025-05-14,1143.1,19.5,True,1.0
4,Ghaziabad,3,Potato,2025-05-15,1661.0,19.13,True,1.0
4,Ghaziabad,3,Potato,2025-05-16,1726.7,18.11,True,1.0
4,Ghaziabad,3,Potato,2025-05-17,1437.1,18.88,True,1.0
4,Ghaziabad,3,Potato,2025-05-18,1482.6,18.67,True,1.0
4,Ghaziabad,3,Potato,2025-05-19,1816.4,17.5,True,1.0
4,Ghaziabad,3,Potato,2025-05-20,1601.8,17.86,True,1.0
4,Ghaziabad,3,Potato,2025-05-21,1456.3,18.17,True,1.0
4,Ghaziabad,3,Potato,2025-05-22,1962.0,18.84,True,1.0
4,Ghaziabad,3,Potato,2025-05-23,1857.7,16.92,True,1.0
4,Ghaziabad,3,Potato,2025-05-24,1959.9,17.98,True,1.0
4,Ghaziabad,3,Potato,2025-05-25,1347.3,17.91,True,1.0
4,Ghaziabad,3,Potato,2025-05-26,1611.1,19.13,True,1.0
4,Ghaziabad,3,Potato,2025-05-27,1758.1,18.07,True,1.0
4,Ghaziabad,3,Potato,2025-05-28,1867.8,18.52,True,1.0
4,Ghaziabad,3,Potato,2025-05-29,1686.3,18.78,True,1.0
4,Ghaziabad,3,Potato,2025-05-30,1793.2,18.52,True,1.0
4,Ghaziabad,3,Potato,2025-05-31,1443.3,18.16,True,1.0
4,Ghaziabad,3,Potato,2025-06-01,1042.3,18.13,True,1.0
4,Ghaziabad,3,Potato,2025-06-02,1434.8,18.12,True,1.0
4,Ghaziabad,3,Potato,2025-06-03,1724.0,17.66,True,1.0
4,Ghaziabad,3,Potato,2025-06-04,1829.7,18.5,True,1.0
4,Ghaziabad,3,Potato,2025-06-05,1492.7,18.01,True,1.0
4,Ghaziabad,3,Potato,2025-06-06,1549.7,18.78,True,1.0
4,Ghaziabad,3,Potato,2025-06-07,1515.3,17.85,True,1.0
4,Ghaziabad,3,Potato,2025-06-08,1242.0,18.05,True,1.0
4,Ghaziabad,3,Potato,2025-06-09,1798.9,18.2,True,1.0
4,Ghaziabad,3,Potato,2025-06-10,1616.4,18.38,True,1.0
4,Ghaziabad,3,Potato,2025-06-11,1608.7,19.04,True,1.0
4,Ghaziabad,3,Potato,2025-06-12,1703.2,18.89,True,1.0
4,Ghaziabad,3,Potato,2025-06-13,2102.1,18.65,True,1.0
4,Ghaziabad,3,Potato,2025-06-14,1790.3,18.62,True,1.0
4,Ghaziabad,3,Potato,2025-06-15,1284.5,19.25,True,1.0
4,Ghaziabad,3,Potato,2025-06-16,1558.3,18.51,True,1.0
4,Ghaziabad,3,Potato,2025-06-17,1471.8,18.11,True,1.0
4,Ghaziabad,3,Potato,2025-06-18,1806.6,17.36,True,1.0
4,Ghaziabad,3,Potato,2025-06-19,1496.6,18.9,True,1.0
4,Ghaziabad,3,Potato,2025-06-20,1598.0,18.31,True,1.0
4,Ghaziabad,3,Potato,2025-06-21,2020.8,17.55,True,1.0
4,Ghaziabad,3,Potato,2025-06-22,1193.0,17.57,True,1.0
4,Ghaziabad,3,Potato,2025-06-23,1413.3,17.69,True,1.0
4,Ghaziabad,3,Potato,2025-06-24,1475.1,18.86,True,1.0
4,Ghaziabad,3,Potato,2025-06-25,1496.4,18.67,True,1.0
4,Ghaziabad,3,Potato,2025-06-26,1635.2,18.95,True,1.0
4,Ghaziabad,3,Potato,2025-06-27,1632.8,18.04,True,1.0
4,Ghaziabad,3,Potato,2025-06-28,1532.3,18.46,True,1.0
4,Ghaziabad,3,Potato,2025-06-29,1287.3,17.8,True,1.0
4,Ghaziabad,3,Potato,2025-06-30,1452.1,18.02,True,1.0
4,Ghaziabad,3,Potato,2025-07-01,1311.8,17.95,True,1.0
4,Ghaziabad,3,Potato,2025-07-02,1538.2,18.33,True,1.0
4,Ghaziabad,3,Potato,2025-07-03,2031.5,18.91,True,1.0
4,Ghaziabad,3,Potato,2025-07-04,2725.8,18.27,True,1.0
4,Ghaziabad,3,Potato,2025-07-05,1799.6,17.94,True,1.0
4,Ghaziabad,3,Potato,2025-07-06,1425.6,18.41,True,1.0
4,Ghaziabad,3,Potato,2025-07-07,1388.9,19.0,True,1.0
4,Ghaziabad,3,Potato,2025-07-08,1371.9,19.85,True,1.0
4,Ghaziabad,3,Potato,2025-07-09,1813.0,19.39,True,1.0
4,Ghaziabad,3,Potato,2025-07-10,1391.9,18.52,True,1.0
4,Ghaziabad,3,Potato,2025-07-11,1762.7,18.83,True,1.0
4,Ghaziabad,3,Potato,2025-07-12,2068.8,18.52,True,1.0
4,Ghaziabad,3,Potato,2025-07-13,1230.5,18.24,True,1.0
4,Ghaziabad,3,Potato,2025-07-14,1302.7,19.29,True,1.0
4,Ghaziabad,3,Potato,2025-07-15,1348.5,19.61,True,1.0
4,Ghaziabad,3,Potato,2025-07-16,1474.8,19.1,True,1.0
4,Ghaziabad,3,Potato,2025-07-17,2223.2,19.13,True,1.0
4,Ghaziabad,3,Potato,2025-07-18,1552.7,19.12,True,1.0
4,Ghaziabad,3,Potato,2025-07-19,1689.3,19.25,True,1.0
4,Ghaziabad,3,Potato,2025-07-20,1104.0,19.03,True,1.0
4,Ghaziabad,3,Potato,2025-07-21,1559.2,18.08,True,1.0
4,Ghaziabad,3,Potato,2025-07-22,1172.9,17.92,True,1.0
4,Ghaziabad,3,Potato,2025-07-23,1686.9,18.04,True,1.0
4,Ghaziabad,3,Potato,2025-07-24,1706.5,18.41,True,1.0
4,Ghaziabad,3,Potato,2025-07-25,1192.9,18.09,True,1.0
4,Ghaziabad,3,Potato,2025-07-26,2037.2,18.53,True,1.0
4,Ghaziabad,3,Potato,2025-07-27,1424.2,18.55,True,1.0
4,Ghaziabad,3,Potato,2025-07-28,1771.6,18.36,True,1.0
4,Ghaziabad,3,Potato,2025-07-29,1494.4,17.96,True,1.0
4,Ghaziabad,3,Potato,2025-07-30,1121.6,18.58,True,1.0
4,Ghaziabad,3,Potato,2025-07-31,1507.8,19.01,True,1.0
4,Ghaziabad,3,Potato,2025-08-01,1507.4,19.52,True,1.0
4,Ghaziabad,3,Potato,2025-08-02,1310.3,19.75,True,1.0
4,Ghaziabad,3,Potato,2025-08-03,1130.3,19.95,True,1.0
4,Ghaziabad,3,Potato,2025-08-04,1471.5,19.96,True,1.0
4,Ghaziabad,3,Potato,2025-08-05,1205.2,18.77,True,1.0
4,Ghaziabad,3,Potato,2025-08-06,1514.7,18.76,True,1.0
4,Ghaziabad,3,Potato,2025-08-07,1463.5,18.15,True,1.0
4,Ghaziabad,3,Potato,2025-08-08,1303.6,19.21,True,1.0
4,Ghaziabad,3,Potato,2025-08-09,1640.0,19.21,True,1.0
4,Ghaziabad,3,Potato,2025-08-10,1110.5,19.92,True,1.0
4,Ghaziabad,3,Potato,2025-08-11,1459.8,19.14,True,1.0
4,Ghaziabad,3,Potato,2025-08-12,1552.3,19.11,True,1.0
4,Ghaziabad,3,Potato,2025-08-13,1458.3,19.29,True,1.0
4,Ghaziabad,3,Potato,2025-08-14,1692.1,19.08,True,1.0
4,Ghaziabad,3,Potato,2025-08-15,1611.8,19.22,True,1.0
4,Ghaziabad,3,Potato,2025-08-16,1697.5,20.04,True,1.0
4,Ghaziabad,3,Potato,2025-08-17,1076.5,19.21,True,1.0
4,Ghaziabad,3,Potato,2025-08-18,1520.4,17.81,True,1.0
4,Ghaziabad,3,Potato,2025-08-19,1450.8,19.06,True,1.0
4,Ghaziabad,3,Potato,2025-08-20,1389.4,18.66,True,1.0
4,Ghaziabad,3,Potato,2025-08-21,1618.4,19.42,True,1.0
4,Ghaziabad,3,Potato,2025-08-22,1498.4,19.7,True,1.0
4,Ghaziabad,3,Potato,2025-08-23,1518.1,19.41,True,1.0
4,Ghaziabad,3,Potato,2025-08-24,1114.9,19.54,True,1.0
4,Ghaziabad,3,Potato,2025-08-25,1429.7,18.79,True,1.0
4,Ghaziabad,3,Potato,2025-08-26,1387.5,18.93,True,1.0
4,Ghaziabad,3,Potato,2025-08-27,1395.5,19.3,True,1.0
4,Ghaziabad,3,Potato,2025-08-28,1281.8,18.82,True,1.0
4,Ghaziabad,3,Potato,2025-08-29,1362.7,18.69,True,1.0
4,Ghaziabad,3,Potato,2025-08-30,1422.3,18.97,True,1.0
4,Ghaziabad,3,Potato,2025-08-31,1048.9,19.73,True,1.0
4,Ghaziabad,3,Potato,2025-09-01,1235.0,19.52,True,1.0
4,Ghaziabad,3,Potato,2025-09-02,1319.9,19.13,True,1.0
4,Ghaziabad,3,Potato,2025-09-03,1249.3,19.02,True,1.0
4,Ghaziabad,3,Potato,2025-09-04,1429.8,19.65,True,1.0
4,Ghaziabad,3,Potato,2025-09-05,1426.3,19.1,True,1.0
4,Ghaziabad,3,Potato,2025-09-06,1457.6,18.9,True,1.0
4,Ghaziabad,3,Potato,2025-09-07,1197.6,18.58,True,1.0
4,Ghaziabad,3,Potato,2025-09-08,1312.0,18.58,True,1.0
4,Ghaziabad,3,Potato,2025-09-09,1585.8,18.8,True,1.0
4,Ghaziabad,3,Potato,2025-09-10,1155.8,19.4,True,1.0
4,Ghaziabad,3,Potato,2025-09-11,1299.1,18.11,True,1.0
4,Ghaziabad,3,Potato,2025-09-12,1324.0,18.64,True,1.0
4,Ghaziabad,3,Potato,2025-09-13,1460.9,18.24,True,1.0
4,Ghaziabad,3,Potato,2025-09-14,1173.4,18.73,True,1.0
4,Ghaziabad,3,Potato,2025-09-15,1560.9,19.44,True,1.0
4,Ghaziabad,3,Potato,2025-09-16,1188.2,19.81,True,1.0
4,Ghaziabad,3,Potato,2025-09-17,1242.2,19.59,True,1.0
4,Ghaziabad,3,Potato,2025-09-18,1567.1,19.81,True,1.0
4,Ghaziabad,3,Potato,2025-09-19,1497.0,18.98,True,1.0
4,Ghaziabad,3,Potato,2025-09-20,2082.1,18.87,True,1.0
4,Ghaziabad,3,Potato,2025-09-21,1055.2,19.67,True,1.0
4,Ghaziabad,3,Potato,2025-09-22,1099.0,18.95,True,1.0
4,Ghaziabad,3,Potato,2025-09-23,1246.8,18.98,True,1.0
4,Ghaziabad,3,Potato,2025-09-24,1336.5,18.69,True,1.0
4,Ghaziabad,3,Potato,2025-09-25,1348.8,18.58,True,1.0
4,Ghaziabad,3,Potato,2025-09-26,1390.4,18.82,True,1.0
4,Ghaziabad,3,Potato,2025-09-27,1409.4,18.62,True,1.0
4,Ghaziabad,3,Potato,2025-09-28,1113.0,18.61,True,1.0
4,Ghaziabad,3,Potato,2025-09-29,1515.0,18.34,True,1.0
4,Ghaziabad,3,Potato,2025-09-30,1316.9,17.47,True,1.0
4,Ghaziabad,3,Potato,2025-10-01,1416.9,17.89,True,1.0
4,Ghaziabad,3,Potato,2025-10-02,1322.8,18.31,True,1.0
4,Ghaziabad,3,Potato,2025-10-03,1393.2,19.11,True,1.0
4,Ghaziabad,3,Potato,2025-10-04,1670.5,18.85,True,1.0
4,Ghaziabad,3,Potato,2025-10-05,1046.8,18.0,True,1.0
4,Ghaziabad,3,Potato,2025-10-06,1131.7,17.75,True,1.0
4,Ghaziabad,3,Potato,2025-10-07,1014.7,18.23,True,1.0
4,Ghaziabad,3,Potato,2025-10-08,1739.4,18.24,True,1.0
4,Ghaziabad,3,Potato,2025-10-09,1368.9,18.43,True,1.0
4,Ghaziabad,3,Potato,2025-10-10,1237.7,18.23,True,1.0
4,Ghaziabad,3,Potato,2025-10-11,1353.7,19.27,True,1.0
4,Ghaziabad,3,Potato,2025-10-12,1215.5,19.94,True,1.0
4,Ghaziabad,3,Potato,2025-10-13,1514.2,18.93,True,1.0
4,Ghaziabad,3,Potato,2025-10-14,1133.1,19.22,True,1.0
4,Ghaziabad,3,Potato,2025-10-15,1265.5,19.1,True,1.0
4,Ghaziabad,3,Potato,2025-10-16,1578.7,18.84,True,1.0
4,Ghaziabad,3,Potato,2025-10-17,1140.4,18.2,True,1.0
4,Ghaziabad,3,Potato,2025-10-18,1161.6,19.07,True,1.0
4,Ghaziabad,3,Potato,2025-10-19,1263.6,19.43,True,1.0
4,Ghaziabad,3,Potato,2025-10-20,1346.3,18.26,True,1.0
4,Ghaziabad,3,Potato,2025-10-21,1440.0,18.96,True,1.0
4,Ghaziabad,3,Potato,2025-10-22,1708.5,18.68,True,1.0
4,Ghaziabad,3,Potato,2025-10-23,1557.8,18.19,True,1.0
4,Ghaziabad,3,Potato,2025-10-24,1449.8,17.66,True,1.0
4,Ghaziabad,3,Potato,2025-10-25,1710.7,18.26,True,1.0
4,Ghaziabad,3,Potato,2025-10-26,1215.0,18.4,True,1.0
4,Ghaziabad,3,Potato,2025-10-27,1297.1,17.83,True,1.0
4,Ghaziabad,3,Potato,2025-10-28,1353.4,17.47,True,1.0
4,Ghaziabad,3,Potato,2025-10-29,1107.9,17.42,True,1.0
4,Ghaziabad,3,Potato,2025-10-30,1222.4,17.32,True,1.0
4,Ghaziabad,3,Potato,2025-10-31,1634.5,17.76,True,1.0
4,Ghaziabad,3,Potato,2025-11-02,982.7,17.64,True,1.0
4,Ghaziabad,3,Potato,2025-11-03,1523.9,16.88,True,1.0
4,Ghaziabad,3,Potato,2025-11-04,1233.4,16.52,True,1.0
4,Ghaziabad,3,Potato,2025-11-05,1264.3,17.32,True,1.0
4,Ghaziabad,3,Potato,2025-11-06,1264.9,16.97,True,1.0
4,Ghaziabad,3,Potato,2025-11-07,1852.9,17.26,True,1.0
4,Ghaziabad,3,Potato,2025-11-08,1831.5,16.55,True,1.0
4,Ghaziabad,3,Potato,2025-11-09,1206.6,17.09,True,1.0
4,Ghaziabad,3,Potato,2025-11-10,1338.5,18.24,True,1.0
4,Ghaziabad,3,Potato,2025-11-11,1084.7,17.4,True,1.0
4,Ghaziabad,3,Potato,2025-11-12,1092.7,17.76,True,1.0
4,Ghaziabad,3,Potato,2025-11-13,1124.4,17.86,True,1.0
4,Ghaziabad,3,Potato,2025-11-14,1768.2,18.26,True,1.0
4,Ghaziabad,3,Potato,2025-11-15,1665.1,17.99,True,1.0
4,Ghaziabad,3,Potato,2025-11-16,947.9,18.01,True,1.0
4,Ghaziabad,3,Potato,2025-11-17,1359.6,17.97,True,1.0
4,Ghaziabad,3,Potato,2025-11-18,1357.5,18.13,True,1.0
4,Ghaziabad,3,Potato,2025-11-19,1217.4,17.52,True,1.0
4,Ghaziabad,3,Potato,2025-11-20,1608.8,17.61,True,1.0
4,Ghaziabad,3,Potato,2025-11-21,1316.3,17.98,True,1.0
4,Ghaziabad,3,Potato,2025-11-22,1014.6,18.43,True,1.0
4,Ghaziabad,3,Potato,2025-11-23,1194.3,18.39,True,1.0
4,Ghaziabad,3,Potato,2025-11-25,1305.4,16.72,True,1.0
4,Ghaziabad,3,Potato,2025-11-26,1250.4,17.12,True,1.0
4,Ghaziabad,3,Potato,2025-11-27,1592.0,16.7,True,1.0
4,Ghaziabad,3,Potato,2025-11-28,1506.3,17.3,True,1.0
4,Ghaziabad,3,Potato,2025-11-29,1405.7,17.17,True,1.0
4,Ghaziabad,3,Potato,2025-11-30,1265.6,17.72,True,1.0
4,Ghaziabad,3,Potato,2025-12-01,1339.4,18.69,True,1.0
4,Ghaziabad,3,Potato,2025-12-02,1076.2,18.22,True,1.0
4,Ghaziabad,3,Potato,2025-12-03,1198.0,17.87,True,1.0
4,Ghaziabad,3,Potato,2025-12-04,1398.5,18.19,True,1.0
4,Ghaziabad,3,Potato,2025-12-05,1303.5,18.45,True,1.0
4,Ghaziabad,3,Potato,2025-12-06,1425.2,18.97,True,1.0
4,Ghaziabad,3,Potato,2025-12-07,1027.8,18.52,True,1.0
4,Ghaziabad,3,Potato,2025-12-08,1212.1,17.78,True,1.0
4,Ghaziabad,3,Potato,2025-12-09,1354.2,17.59,True,1.0
4,Ghaziabad,3,Potato,2025-12-10,1468.4,17.15,True,1.0
4,Ghaziabad,3,Potato,2025-12-11,1658.3,17.26,True,1.0
4,Ghaziabad,3,Potato,2025-12-12,1427.5,16.79,True,1.0
4,Ghaziabad,3,Potato,2025-12-13,1611.9,17.32,True,1.0
4,Ghaziabad,3,Potato,2025-12-14,1379.7,17.59,True,1.0
4,Ghaziabad,3,Potato,2025-12-15,1348.6,17.5,True,1.0
4,Ghaziabad,3,Potato,2025-12-16,1262.9,17.38,True,1.0
4,Ghaziabad,3,Potato,2025-12-17,1472.2,17.18,True,1.0
4,Ghaziabad,3,Potato,2025-12-18,1215.3,17.78,True,1.0
4,Ghaziabad,3,Potato,2025-12-19,1588.7,18.15,True,1.0
4,Ghaziabad,3,Potato,2025-12-20,1559.4,17.87,True,1.0
4,Ghaziabad,3,Potato,2025-12-21,1421.3,17.17,True,1.0
4,Ghaziabad,3,Potato,2025-12-22,1348.2,16.55,True,1.0
4,Ghaziabad,3,Potato,2025-12-23,1330.8,16.81,True,1.0
4,Ghaziabad,3,Potato,2025-12-24,1124.5,16.54,True,1.0
4,Ghaziabad,3,Potato,2025-12-25,1496.6,16.89,True,1.0
4,Ghaziabad,3,Potato,2025-12-26,1773.8,16.71,True,1.0
4,Ghaziabad,3,Potato,2025-12-27,1257.5,17.15,True,1.0
4,Ghaziabad,3,Potato,2025-12-28,1181.1,17.17,True,1.0
4,Ghaziabad,3,Potato,2025-12-29,1490.5,17.58,True,1.0
4,Ghaziabad,3,Potato,2025-12-30,1536.0,16.29,True,1.0
4,Ghaziabad,3,Potato,2025-12-31,1372.0,16.36,True,1.0
4,Ghaziabad,3,Potato,2026-01-01,1644.1,17.58,True,1.0
4,Ghaziabad,3,Potato,2026-01-02,1743.4,16.16,True,1.0
4,Ghaziabad,3,Potato,2026-01-03,2007.9,16.76,True,1.0
4,Ghaziabad,3,Potato,2026-01-04,1224.4,16.98,True,1.0
4,Ghaziabad,3,Potato,2026-01-05,1288.4,17.57,True,1.0
4,Ghaziabad,3,Potato,2026-01-06,1689.7,17.25,True,1.0
4,Ghaziabad,3,Potato,2026-01-07,1599.7,17.71,True,1.0
4,Ghaziabad,3,Potato,2026-01-08,1585.4,18.05,True,1.0
4,Ghaziabad,3,Potato,2026-01-09,1735.0,17.76,True,1.0
4,Ghaziabad,3,Potato,2026-01-10,1368.4,16.89,True,1.0
4,Ghaziabad,3,Potato,2026-01-11,1206.6,17.31,True,1.0
4,Ghaziabad,3,Potato,2026-01-12,1804.3,16.67,True,1.0
4,Ghaziabad,3,Potato,2026-01-13,1513.6,16.64,True,1.0
4,Ghaziabad,3,Potato,2026-01-14,1437.0,17.13,True,1.0
4,Ghaziabad,3,Potato,2026-01-15,1474.1,17.56,True,1.0
4,Ghaziabad,3,Potato,2026-01-16,1551.1,17.15,True,1.0
4,Ghaziabad,3,Potato,2026-01-17,1535.4,17.33,True,1.0
4,Ghaziabad,3,Potato,2026-01-18,1444.1,16.42,True,1.0
4,Ghaziabad,3,Potato,2026-01-19,1387.3,16.3,True,1.0
4,Ghaziabad,3,Potato,2026-01-20,1150.5,17.13,True,1.0
4,Ghaziabad,3,Potato,2026-01-21,1671.8,17.68,True,1.0
4,Ghaziabad,3,Potato,2026-01-22,1245.3,17.73,True,1.0
4,Ghaziabad,3,Potato,2026-01-23,1825.4,17.36,True,1.0
4,Ghaziabad,3,Potato,2026-01-24,1402.3,17.59,True,1.0
4,Ghaziabad,3,Potato,2026-01-25,1278.0,17.32,True,1.0
4,Ghaziabad,3,Potato,2026-01-26,1440.0,17.23,True,1.0
4,Ghaziabad,3,Potato,2026-01-27,1651.4,17.12,True,1.0
4,Ghaziabad,3,Potato,2026-01-28,1945.2,16.63,True,1.0
4,Ghaziabad,3,Potato,2026-01-29,1596.0,17.01,True,1.0
4,Ghaziabad,3,Potato,2026-01-30,1634.5,16.42,True,1.0
4,Ghaziabad,3,Potato,2026-01-31,1897.8,16.89,True,1.0
4,Ghaziabad,3,Potato,2026-02-01,1510.5,16.39,True,1.0
4,Ghaziabad,3,Potato,2026-02-02,1492.8,16.16,True,1.0
4,Ghaziabad,3,Potato,2026-02-03,1515.4,15.06,True,1.0
4,Ghaziabad,3,Potato,2026-02-04,1511.5,15.48,True,1.0
4,Ghaziabad,3,Potato,2026-02-05,1616.4,15.94,True,1.0
4,Ghaziabad,3,Potato,2026-02-06,1592.8,16.57,True,1.0
4,Ghaziabad,3,Potato,2026-02-07,1478.2,17.26,True,1.0
4,Ghaziabad,3,Potato,2026-02-08,1246.6,16.4,True,1.0
4,Ghaziabad,3,Potato,2026-02-09,1322.5,16.98,True,1.0
4,Ghaziabad,3,Potato,2026-02-10,1189.5,16.7,True,1.0
4,Ghaziabad,3,Potato,2026-02-11,1676.4,16.69,True,1.0
4,Ghaziabad,3,Potato,2026-02-12,1785.0,16.67,True,1.0
4,Ghaziabad,3,Potato,2026-02-13,1547.2,16.49,True,1.0
4,Ghaziabad,3,Potato,2026-02-14,1754.6,16.17,True,1.0
4,Ghaziabad,3,Potato,2026-02-15,1365.1,16.49,True,1.0
4,Ghaziabad,3,Potato,2026-02-16,1374.0,16.98,True,1.0
4,Ghaziabad,3,Potato,2026-02-17,1835.2,16.33,True,1.0
4,Ghaziabad,3,Potato,2026-02-18,1523.7,16.47,True,1.0
4,Ghaziabad,3,Potato,2026-02-19,1586.8,16.29,True,1.0
4,Ghaziabad,3,Potato,2026-02-20,1937.7,16.98,True,1.0
4,Ghaziabad,3,Potato,2026-02-21,2131.1,17.18,True,1.0
4,Ghaziabad,3,Potato,2026-02-22,1465.5,17.84,True,1.0
4,Ghaziabad,3,Potato,2026-02-23,2162.5,16.79,True,1.0
4,Ghaziabad,3,Potato,2026-02-24,1641.5,17.32,True,1.0
4,Ghaziabad,3,Potato,2026-02-25,1811.8,17.27,True,1.0
4,Ghaziabad,3,Potato,2026-02-26,1828.6,16.81,True,1.0
4,Ghaziabad,3,Potato,2026-02-27,1507.2,17.08,True,1.0
4,Ghaziabad,3,Potato,2026-02-28,2083.4,17.82,True,1.0
4,Ghaziabad,3,Potato,2026-03-01,1300.5,18.37,True,1.0
4,Ghaziabad,3,Potato,2026-03-02,1402.3,18.36,True,1.0
4,Ghaziabad,3,Potato,2026-03-03,1584.0,17.43,True,1.0
4,Ghaziabad,3,Potato,2026-03-04,1184.1,17.45,True,1.0
4,Ghaziabad,3,Potato,2026-03-05,1548.2,17.48,True,1.0
4,Ghaziabad,3,Potato,2026-03-06,1616.1,17.96,True,1.0
4,Ghaziabad,3,Potato,2026-03-07,2024.4,17.59,True,1.0
4,Ghaziabad,3,Potato,2026-03-08,1183.3,17.43,True,1.0
4,Ghaziabad,3,Potato,2026-03-09,2069.7,17.0,True,1.0
4,Ghaziabad,3,Potato,2026-03-10,1801.5,17.34,True,1.0
4,Ghaziabad,3,Potato,2026-03-11,1476.2,17.16,True,1.0
4,Ghaziabad,3,Potato,2026-03-12,1730.4,17.23,True,1.0
4,Ghaziabad,3,Potato,2026-03-13,1879.8,16.96,True,1.0
4,Ghaziabad,3,Potato,2026-03-14,1769.5,17.03,True,1.0
4,Ghaziabad,3,Potato,2026-03-15,1144.1,16.55,True,1.0
4,Ghaziabad,3,Potato,2026-03-16,1534.3,16.8,True,1.0
4,Ghaziabad,3,Potato,2026-03-17,1873.9,16.62,True,1.0
4,Ghaziabad,3,Potato,2026-03-18,1620.2,17.13,True,1.0
4,Ghaziabad,3,Potato,2026-03-19,1721.5,18.08,True,1.0
4,Ghaziabad,3,Potato,2026-03-20,2267.0,18.26,True,1.0
4,Ghaziabad,3,Potato,2026-03-21,2263.5,17.38,True,1.0
4,Ghaziabad,3,Potato,2026-03-22,1164.0,17.17,True,1.0
4,Ghaziabad,3,Potato,2026-03-23,1737.4,16.42,True,1.0
4,Ghaziabad,3,Potato,2026-03-24,1950.9,16.69,True,1.0
4,Ghaziabad,3,Potato,2026-03-25,1578.1,16.04,True,1.0
4,Ghaziabad,3,Potato,2026-03-26,2058.1,15.86,True,1.0
4,Ghaziabad,3,Potato,2026-03-27,2040.5,16.81,True,1.0
4,Ghaziabad,3,Potato,2026-03-28,1692.9,17.4,True,1.0
4,Ghaziabad,3,Potato,2026-03-29,1247.2,16.65,True,1.0
4,Ghaziabad,3,Potato,2026-03-30,1558.2,16.66,True,1.0
4,Ghaziabad,3,Potato,2026-03-31,1724.5,17.11,True,1.0
4,Ghaziabad,3,Potato,2026-04-01,1381.4,17.4,True,1.0
4,Ghaziabad,3,Potato,2026-04-02,1720.2,16.63,True,1.0
4,Ghaziabad,3,Potato,2026-04-03,1930.2,17.01,True,1.0
4,Ghaziabad,3,Potato,2026-04-04,1938.2,16.86,True,1.0
4,Ghaziabad,3,Potato,2026-04-05,1237.2,17.65,True,1.0
4,Ghaziabad,3,Potato,2026-04-06,1476.5,17.52,True,1.0
4,Ghaziabad,3,Potato,2026-04-07,1565.9,17.71,True,1.0
4,Ghaziabad,3,Potato,2026-04-08,1769.9,17.62,True,1.0
4,Ghaziabad,3,Potato,2026-04-09,1730.8,17.95,True,1.0
4,Ghaziabad,3,Potato,2026-04-10,1662.1,17.46,True,1.0
4,Ghaziabad,3,Potato,2026-04-11,1894.9,17.86,True,1.0
4,Ghaziabad,3,Potato,2026-04-12,1350.4,18.42,True,1.0
4,Ghaziabad,3,Potato,2026-04-13,1609.2,19.18,True,1.0
4,Ghaziabad,3,Potato,2026-04-14,1642.9,19.59,True,1.0
4,Ghaziabad,3,Potato,2026-04-15,1539.5,18.72,True,1.0
4,Ghaziabad,3,Potato,2026-04-16,1604.3,18.73,True,1.0
4,Ghaziabad,3,Potato,2026-04-17,1436.1,18.87,True,1.0
4,Ghaziabad,3,Potato,2026-04-18,1918.8,18.85,True,1.0
4,Ghaziabad,3,Potato,2026-04-19,1412.2,18.94,True,1.0
4,Ghaziabad,3,Potato,2026-04-20,1528.5,18.83,True,1.0
4,Ghaziabad,3,Potato,2026-04-21,1617.3,18.24,True,1.0
4,Ghaziabad,3,Potato,2026-04-22,1687.6,18.24,True,1.0
4,Ghaziabad,3,Potato,2026-04-23,1844.8,18.58,True,1.0
4,Ghaziabad,3,Potato,2026-04-24,1670.4,18.62,True,1.0
4,Ghaziabad,3,Potato,2026-04-25,2089.3,17.85,True,1.0
4,Ghaziabad,3,Potato,2026-04-26,1097.7,17.44,True,1.0
4,Ghaziabad,3,Potato,2026-04-27,1448.7,17.4,True,1.0
4,Ghaziabad,3,Potato,2026-04-28,1607.6,17.48,True,1.0
4,Ghaziabad,3,Potato,2026-04-29,1522.1,17.72,True,1.0
4,Ghaziabad,3,Potato,2026-04-30,1924.1,17.33,True,1.0
4,Ghaziabad,3,Potato,2026-05-01,2120.8,17.95,True,1.0
4,Ghaziabad,3,Potato,2026-05-02,2279.6,17.06,True,1.0
4,Ghaziabad,3,Potato,2026-05-03,1238.6,17.64,True,1.0
4,Ghaziabad,3,Potato,2026-05-04,1388.1,18.04,True,1.0
4,Ghaziabad,3,Potato,2026-05-05,1824.1,18.41,True,1.0
4,Ghaziabad,3,Potato,2026-05-06,1483.9,16.81,True,1.0
4,Ghaziabad,3,Potato,2026-05-07,1790.9,16.56,True,1.0
4,Ghaziabad,3,Potato,2026-05-08,2214.3,16.87,True,1.0
4,Ghaziabad,3,Potato,2026-05-09,1854.3,17.36,True,1.0
4,Ghaziabad,3,Potato,2026-05-10,1355.0,17.58,True,1.0
4,Ghaziabad,3,Potato,2026-05-11,1477.6,17.38,True,1.0
4,Ghaziabad,3,Potato,2026-05-12,1893.4,18.31,True,1.0
4,Ghaziabad,3,Potato,2026-05-13,1343.7,18.49,True,1.0
4,Ghaziabad,3,Potato,2026-05-14,1785.4,18.24,True,1.0
4,Ghaziabad,3,Potato,2026-05-15,2100.7,17.77,True,1.0
4,Ghaziabad,3,Potato,2026-05-16,1977.4,17.99,True,1.0
4,Ghaziabad,3,Potato,2026-05-17,1522.3,18.78,True,1.0
4,Ghaziabad,3,Potato,2026-05-18,1462.1,18.69,True,1.0
4,Ghaziabad,3,Potato,2026-05-19,1414.8,18.6,True,1.0
4,Ghaziabad,3,Potato,2026-05-20,1624.2,18.6,True,1.0
4,Ghaziabad,3,Potato,2026-05-21,1847.5,18.63,True,1.0
4,Ghaziabad,3,Potato,2026-05-22,1736.7,18.47,True,1.0
4,Ghaziabad,3,Potato,2026-05-23,1875.0,17.98,True,1.0
4,Ghaziabad,3,Potato,2026-05-24,1525.3,18.96,True,1.0
4,Ghaziabad,3,Potato,2026-05-25,1768.6,19.19,True,1.0
4,Ghaziabad,3,Potato,2026-05-26,1775.0,20.19,True,1.0
4,Ghaziabad,3,Potato,2026-05-27,1576.0,19.99,True,1.0
4,Ghaziabad,3,Potato,2026-05-28,1581.6,19.44,True,1.0
4,Ghaziabad,3,Potato,2026-05-29,1491.3,18.69,True,1.0
4,Ghaziabad,3,Potato,2026-05-30,1747.3,18.51,True,1.0
4,Ghaziabad,3,Potato,2026-05-31,1394.3,17.96,True,1.0
4,Ghaziabad,3,Potato,2026-06-01,1408.8,19.3,True,1.0
4,Ghaziabad,3,Potato,2026-06-02,1354.7,19.12,True,1.0
4,Ghaziabad,3,Potato,2026-06-03,1273.5,19.43,True,1.0
4,Ghaziabad,3,Potato,2026-06-04,1814.0,19.76,True,1.0
4,Ghaziabad,3,Potato,2026-06-05,1574.5,20.07,True,1.0
4,Ghaziabad,3,Potato,2026-06-06,1755.9,21.16,True,1.0
4,Ghaziabad,3,Potato,2026-06-07,1273.9,20.37,True,1.0
4,Ghaziabad,3,Potato,2026-06-08,1584.3,19.79,True,1.0
4,Ghaziabad,3,Potato,2026-06-09,1555.3,19.59,True,1.0
4,Ghaziabad,3,Potato,2026-06-10,1457.2,19.79,True,1.0
4,Ghaziabad,3,Potato,2026-06-11,1723.4,19.61,True,1.0
4,Ghaziabad,3,Potato,2026-06-12,1784.6,19.24,True,1.0
4,Ghaziabad,3,Potato,2026-06-13,1890.8,18.75,True,1.0
4,Ghaziabad,3,Potato,2026-06-14,977.3,18.39,True,1.0
4,Ghaziabad,3,Potato,2026-06-15,1560.1,18.69,True,1.0
4,Ghaziabad,3,Potato,2026-06-16,1559.8,18.24,True,1.0
4,Ghaziabad,3,Potato,2026-06-17,1640.9,17.52,True,1.0
4,Ghaziabad,3,Potato,2026-06-18,1840.5,18.01,True,1.0
4,Ghaziabad,3,Potato,2026-06-19,1886.1,18.91,True,1.0
4,Ghaziabad,3,Potato,2026-06-20,1906.1,19.3,True,1.0
4,Ghaziabad,3,Potato,2026-06-21,1672.8,19.2,True,1.0
4,Ghaziabad,3,Potato,2026-06-22,1555.8,19.37,True,1.0
4,Ghaziabad,3,Potato,2026-06-23,1480.1,18.39,True,1.0
4,Ghaziabad,3,Potato,2026-06-24,1809.2,18.22,True,1.0
4,Ghaziabad,3,Potato,2026-06-25,1675.2,19.38,True,1.0
4,Ghaziabad,3,Potato,2026-06-26,1576.9,19.95,True,1.0
4,Ghaziabad,3,Potato,2026-06-27,1674.3,19.29,True,1.0
4,Ghaziabad,3,Potato,2026-06-28,1579.2,20.22,True,1.0
4,Ghaziabad,3,Potato,2026-06-29,1590.1,19.48,True,1.0
4,Ghaziabad,3,Potato,2026-06-30,1532.2,18.92,True,1.0
4,Ghaziabad,3,Potato,2026-07-01,1794.2,19.83,True,1.0
4,Ghaziabad,3,Potato,2026-07-02,1449.4,20.37,True,1.0
4,Ghaziabad,3,Potato,2026-07-03,1674.5,19.66,True,1.0
4,Ghaziabad,3,Potato,2026-07-04,1720.9,19.48,True,1.0
4,Ghaziabad,3,Potato,2026-07-05,1409.2,19.2,True,1.0
4,Ghaziabad,3,Potato,2026-07-06,1566.6,19.47,True,1.0
4,Ghaziabad,3,Potato,2026-07-07,1774.8,20.27,True,1.0
4,Ghaziabad,3,Potato,2026-07-08,1466.3,20.24,True,1.0
4,Ghaziabad,3,Potato,2026-07-09,1390.4,19.86,True,1.0
4,Ghaziabad,3,Potato,2026-07-10,1443.5,18.92,True,1.0
4,Ghaziabad,3,Potato,2026-07-11,1850.1,19.43,True,1.0
4,Ghaziabad,3,Potato,2026-07-12,1117.6,18.7,True,1.0
4,Ghaziabad,3,Potato,2026-07-13,1355.3,18.75,True,1.0
4,Ghaziabad,3,Potato,2026-07-14,1489.2,19.42,True,1.0
4,Ghaziabad,3,Potato,2026-07-15,1389.6,19.82,True,1.0
4,Ghaziabad,3,Potato,2026-07-16,1549.6,20.12,True,1.0
4,Ghaziabad,3,Potato,2026-07-17,1697.9,20.25,True,1.0
4,Ghaziabad,3,Potato,2026-07-18,2022.6,20.03,True,1.0
4,Ghaziabad,3,Potato,2026-07-19,1181.7,19.96,True,1.0
4,Ghaziabad,3,Potato,2026-07-20,1308.3,19.8,True,1.0
4,Ghaziabad,3,Potato,2026-07-21,1572.2,19.9,True,1.0
4,Ghaziabad,3,Potato,2026-07-22,1683.4,20.01,True,1.0
4,Ghaziabad,3,Potato,2026-07-23,1331.4,19.86,True,1.0
4,Ghaziabad,3,Potato,2026-07-24,1688.8,19.97,True,1.0
4,Ghaziabad,3,Potato,2026-07-25,1631.5,19.37,True,1.0
4,Ghaziabad,3,Potato,2026-07-26,1188.3,19.17,True,1.0
4,Ghaziabad,3,Potato,2026-07-27,1538.1,19.32,True,1.0
4,Ghaziabad,3,Potato,2026-07-28,1452.2,20.39,True,1.0
4,Ghaziabad,3,Potato,2026-07-29,1703.7,20.35,True,1.0
4,Ghaziabad,3,Potato,2026-07-30,1485.8,19.94,True,1.0
4,Ghaziabad,3,Potato,2026-07-31,1589.6,19.61,True,1.0
4,Ghaziabad,3,Potato,2026-08-01,1482.6,19.92,True,1.0
4,Ghaziabad,3,Potato,2026-08-02,1355.8,19.67,True,1.0
4,Ghaziabad,3,Potato,2026-08-03,1362.5,19.9,True,1.0
4,Ghaziabad,3,Potato,2026-08-04,1670.3,19.99,True,1.0
4,Ghaziabad,3,Potato,2026-08-05,1605.6,19.08,True,1.0
4,Ghaziabad,3,Potato,2026-08-06,1675.8,19.39,True,1.0
4,Ghaziabad,3,Potato,2026-08-07,1557.3,19.6,True,1.0
4,Ghaziabad,3,Potato,2026-08-08,1676.7,19.94,True,1.0
4,Ghaziabad,3,Potato,2026-08-09,1166.4,19.26,True,1.0
4,Ghaziabad,3,Potato,2026-08-11,1502.7,19.58,True,1.0
4,Ghaziabad,3,Potato,2026-08-12,1298.1,20.61,True,1.0
4,Ghaziabad,3,Potato,2026-08-13,1402.0,21.21,True,1.0
4,Ghaziabad,3,Potato,2026-08-14,2163.9,20.24,True,1.0
4,Ghaziabad,3,Potato,2026-08-15,1415.3,19.16,True,1.0
4,Ghaziabad,3,Potato,2026-08-16,1169.9,19.55,True,1.0
4,Ghaziabad,3,Potato,2026-08-17,1463.2,18.99,True,1.0
4,Ghaziabad,3,Potato,2026-08-18,1296.5,19.68,True,1.0
4,Ghaziabad,3,Potato,2026-08-19,1290.0,19.83,True,1.0
4,Ghaziabad,3,Potato,2026-08-20,1302.8,18.83,True,1.0
4,Ghaziabad,3,Potato,2026-08-21,1447.1,19.35,True,1.0
4,Ghaziabad,3,Potato,2026-08-22,1669.6,19.37,True,1.0
4,Ghaziabad,3,Potato,2026-08-23,1008.2,19.53,True,1.0
4,Ghaziabad,3,Potato,2026-08-24,1454.8,20.27,True,1.0
4,Ghaziabad,3,Potato,2026-08-25,1747.6,19.84,True,1.0
4,Ghaziabad,3,Potato,2026-08-26,1446.0,20.05,True,1.0
4,Ghaziabad,3,Potato,2026-08-27,1579.7,19.42,True,1.0
4,Ghaziabad,3,Potato,2026-08-28,1577.8,19.01,True,1.0
4,Ghaziabad,3,Potato,2026-08-29,1597.9,18.91,True,1.0
4,Ghaziabad,3,Potato,2026-08-30,1032.6,18.62,True,1.0
4,Ghaziabad,3,Potato,2026-08-31,1360.5,19.06,True,1.0
4,Ghaziabad,3,Potato,2026-09-02,1576.8,18.99,True,1.0
4,Ghaziabad,3,Potato,2026-09-03,1382.1,18.59,True,1.0
4,Ghaziabad,3,Potato,2026-09-04,1962.3,18.92,True,1.0
4,Ghaziabad,3,Potato,2026-09-05,2123.2,18.31,True,1.0
4,Ghaziabad,3,Potato,2026-09-06,1187.4,18.76,True,1.0
4,Ghaziabad,3,Potato,2026-09-07,1290.0,19.41,True,1.0
4,Ghaziabad,3,Potato,2026-09-08,1338.8,19.28,True,1.0
4,Ghaziabad,3,Potato,2026-09-09,1264.9,19.8,True,1.0
4,Ghaziabad,3,Potato,2026-09-10,1444.9,19.62,True,1.0
4,Ghaziabad,3,Potato,2026-09-11,1414.5,19.63,True,1.0
4,Ghaziabad,3,Potato,2026-09-12,1644.8,18.9,True,1.0
4,Ghaziabad,3,Potato,2026-09-13,975.5,19.13,True,1.0
4,Ghaziabad,3,Potato,2026-09-14,1324.4,18.74,True,1.0
4,Ghaziabad,3,Potato,2026-09-16,1344.8,19.37,True,1.0
4,Ghaziabad,3,Potato,2026-09-17,1331.3,18.52,True,1.0
4,Ghaziabad,3,Potato,2026-09-18,1338.2,18.54,True,1.0
4,Ghaziabad,3,Potato,2026-09-19,1595.8,18.99,True,1.0
4,Ghaziabad,3,Potato,2026-09-20,1127.2,19.05,True,1.0
4,Ghaziabad,3,Potato,2026-09-21,1549.6,17.98,True,1.0
4,Ghaziabad,3,Potato,2026-09-22,1472.7,18.51,True,1.0
4,Ghaziabad,3,Potato,2026-09-23,1421.4,17.85,True,1.0
4,Ghaziabad,3,Potato,2026-09-24,1862.0,17.87,True,1.0
4,Ghaziabad,3,Potato,2026-09-25,1858.3,17.98,True,1.0
4,Ghaziabad,3,Potato,2026-09-26,1456.4,16.72,True,1.0
4,Ghaziabad,3,Potato,2026-09-27,1063.8,17.22,True,1.0
4,Ghaziabad,3,Potato,2026-09-28,1244.8,17.96,True,1.0
4,Ghaziabad,3,Potato,2026-09-29,1171.3,18.06,True,1.0
4,Ghaziabad,3,Potato,2026-09-30,1249.2,18.31,True,1.0
4,Ghaziabad,4,Cauliflower,2024-10-01,244.9,27.22,True,1.0
4,Ghaziabad,4,Cauliflower,2024-10-02,219.4,27.24,True,1.0
4,Ghaziabad,4,Cauliflower,2024-10-03,237.0,26.4,True,1.0
4,Ghaziabad,4,Cauliflower,2024-10-04,189.7,27.73,True,1.0
4,Ghaziabad,4,Cauliflower,2024-10-05,220.5,26.15,True,1.0
4,Ghaziabad,4,Cauliflower,2024-10-06,153.3,25.9,True,1.0
4,Ghaziabad,4,Cauliflower,2024-10-07,235.3,24.21,True,1.0
4,Ghaziabad,4,Cauliflower,2024-10-08,205.1,24.4,True,1.0
4,Ghaziabad,4,Cauliflower,2024-10-09,268.5,24.15,True,1.0
4,Ghaziabad,4,Cauliflower,2024-10-10,219.8,24.07,True,1.0
4,Ghaziabad,4,Cauliflower,2024-10-11,258.9,24.19,True,1.0
4,Ghaziabad,4,Cauliflower,2024-10-12,291.0,24.19,True,1.0
4,Ghaziabad,4,Cauliflower,2024-10-13,197.8,23.25,True,1.0
4,Ghaziabad,4,Cauliflower,2024-10-14,248.5,23.03,True,1.0
4,Ghaziabad,4,Cauliflower,2024-10-15,240.0,23.11,True,1.0
4,Ghaziabad,4,Cauliflower,2024-10-16,242.0,22.21,True,1.0
4,Ghaziabad,4,Cauliflower,2024-10-17,244.0,23.0,True,1.0
4,Ghaziabad,4,Cauliflower,2024-10-18,256.0,24.29,True,1.0
4,Ghaziabad,4,Cauliflower,2024-10-19,275.6,24.09,True,1.0
4,Ghaziabad,4,Cauliflower,2024-10-20,235.3,23.36,True,1.0
4,Ghaziabad,4,Cauliflower,2024-10-22,224.2,21.08,True,1.0
4,Ghaziabad,4,Cauliflower,2024-10-23,217.2,21.75,True,1.0
4,Ghaziabad,4,Cauliflower,2024-10-24,232.5,22.8,True,1.0
4,Ghaziabad,4,Cauliflower,2024-10-26,319.1,21.59,True,1.0
4,Ghaziabad,4,Cauliflower,2024-10-27,233.6,21.28,True,1.0
4,Ghaziabad,4,Cauliflower,2024-10-28,283.1,21.23,True,1.0
4,Ghaziabad,4,Cauliflower,2024-10-29,237.9,20.37,True,1.0
4,Ghaziabad,4,Cauliflower,2024-10-30,229.4,20.71,True,1.0
4,Ghaziabad,4,Cauliflower,2024-10-31,326.2,21.67,True,1.0
4,Ghaziabad,4,Cauliflower,2024-11-01,321.7,20.76,True,1.0
4,Ghaziabad,4,Cauliflower,2024-11-02,302.7,20.79,True,1.0
4,Ghaziabad,4,Cauliflower,2024-11-03,234.9,19.94,True,1.0
4,Ghaziabad,4,Cauliflower,2024-11-04,255.7,20.03,True,1.0
4,Ghaziabad,4,Cauliflower,2024-11-05,295.6,20.46,True,1.0
4,Ghaziabad,4,Cauliflower,2024-11-06,299.2,21.47,True,1.0
4,Ghaziabad,4,Cauliflower,2024-11-07,309.9,21.83,True,1.0
4,Ghaziabad,4,Cauliflower,2024-11-08,333.1,21.06,True,1.0
4,Ghaziabad,4,Cauliflower,2024-11-09,369.3,21.29,True,1.0
4,Ghaziabad,4,Cauliflower,2024-11-10,234.6,21.17,True,1.0
4,Ghaziabad,4,Cauliflower,2024-11-11,260.8,21.28,True,1.0
4,Ghaziabad,4,Cauliflower,2024-11-12,257.0,21.23,True,1.0
4,Ghaziabad,4,Cauliflower,2024-11-13,349.8,21.49,True,1.0
4,Ghaziabad,4,Cauliflower,2024-11-14,302.3,21.59,True,1.0
4,Ghaziabad,4,Cauliflower,2024-11-15,336.4,22.07,True,1.0
4,Ghaziabad,4,Cauliflower,2024-11-16,391.6,21.93,True,1.0
4,Ghaziabad,4,Cauliflower,2024-11-17,208.9,22.83,True,1.0
4,Ghaziabad,4,Cauliflower,2024-11-18,286.8,22.7,True,1.0
4,Ghaziabad,4,Cauliflower,2024-11-19,343.9,23.22,True,1.0
4,Ghaziabad,4,Cauliflower,2024-11-20,370.0,23.09,True,1.0
4,Ghaziabad,4,Cauliflower,2024-11-21,283.3,22.09,True,1.0
4,Ghaziabad,4,Cauliflower,2024-11-22,288.3,22.61,True,1.0
4,Ghaziabad,4,Cauliflower,2024-11-23,422.2,22.94,True,1.0
4,Ghaziabad,4,Cauliflower,2024-11-24,328.0,20.64,True,1.0
4,Ghaziabad,4,Cauliflower,2024-11-25,296.3,20.47,True,1.0
4,Ghaziabad,4,Cauliflower,2024-11-26,291.0,21.55,True,1.0
4,Ghaziabad,4,Cauliflower,2024-11-27,359.8,22.08,True,1.0
4,Ghaziabad,4,Cauliflower,2024-11-28,306.9,20.91,True,1.0
4,Ghaziabad,4,Cauliflower,2024-11-29,343.6,21.5,True,1.0
4,Ghaziabad,4,Cauliflower,2024-11-30,368.7,22.47,True,1.0
4,Ghaziabad,4,Cauliflower,2024-12-01,240.7,22.44,True,1.0
4,Ghaziabad,4,Cauliflower,2024-12-02,375.9,21.13,True,1.0
4,Ghaziabad,4,Cauliflower,2024-12-03,429.1,20.67,True,1.0
4,Ghaziabad,4,Cauliflower,2024-12-04,359.9,21.05,True,1.0
4,Ghaziabad,4,Cauliflower,2024-12-05,305.9,20.95,True,1.0
4,Ghaziabad,4,Cauliflower,2024-12-06,363.9,21.79,True,1.0
4,Ghaziabad,4,Cauliflower,2024-12-07,322.6,22.06,True,1.0
4,Ghaziabad,4,Cauliflower,2024-12-08,252.3,23.05,True,1.0
4,Ghaziabad,4,Cauliflower,2024-12-09,342.0,23.14,True,1.0
4,Ghaziabad,4,Cauliflower,2024-12-10,396.4,22.9,True,1.0
4,Ghaziabad,4,Cauliflower,2024-12-11,287.0,22.18,True,1.0
4,Ghaziabad,4,Cauliflower,2024-12-12,368.3,22.8,True,1.0
4,Ghaziabad,4,Cauliflower,2024-12-13,403.9,22.33,True,1.0
4,Ghaziabad,4,Cauliflower,2024-12-14,411.7,21.38,True,1.0
4,Ghaziabad,4,Cauliflower,2024-12-15,352.7,21.39,True,1.0
4,Ghaziabad,4,Cauliflower,2024-12-16,324.4,21.32,True,1.0
4,Ghaziabad,4,Cauliflower,2024-12-17,330.8,20.74,True,1.0
4,Ghaziabad,4,Cauliflower,2024-12-18,351.5,21.44,True,1.0
4,Ghaziabad,4,Cauliflower,2024-12-19,433.0,21.36,True,1.0
4,Ghaziabad,4,Cauliflower,2024-12-20,379.1,21.64,True,1.0
4,Ghaziabad,4,Cauliflower,2024-12-21,442.5,21.13,True,1.0
4,Ghaziabad,4,Cauliflower,2024-12-22,290.6,21.16,True,1.0
4,Ghaziabad,4,Cauliflower,2024-12-23,373.9,21.77,True,1.0
4,Ghaziabad,4,Cauliflower,2024-12-24,440.9,21.58,True,1.0
4,Ghaziabad,4,Cauliflower,2024-12-25,402.5,21.39,True,1.0
4,Ghaziabad,4,Cauliflower,2024-12-26,357.8,22.88,True,1.0
4,Ghaziabad,4,Cauliflower,2024-12-27,387.5,22.75,True,1.0
4,Ghaziabad,4,Cauliflower,2024-12-28,386.6,22.95,True,1.0
4,Ghaziabad,4,Cauliflower,2024-12-29,297.8,23.11,True,1.0
4,Ghaziabad,4,Cauliflower,2024-12-30,393.2,22.82,True,1.0
4,Ghaziabad,4,Cauliflower,2024-12-31,356.0,22.92,True,1.0
4,Ghaziabad,4,Cauliflower,2025-01-01,379.0,22.0,True,1.0
4,Ghaziabad,4,Cauliflower,2025-01-02,335.1,22.95,True,1.0
4,Ghaziabad,4,Cauliflower,2025-01-03,395.2,23.53,True,1.0
4,Ghaziabad,4,Cauliflower,2025-01-04,421.4,23.25,True,1.0
4,Ghaziabad,4,Cauliflower,2025-01-05,302.9,22.95,True,1.0
4,Ghaziabad,4,Cauliflower,2025-01-06,317.0,21.97,True,1.0
4,Ghaziabad,4,Cauliflower,2025-01-07,370.7,22.76,True,1.0
4,Ghaziabad,4,Cauliflower,2025-01-08,395.4,22.51,True,1.0
4,Ghaziabad,4,Cauliflower,2025-01-09,401.8,22.91,True,1.0
4,Ghaziabad,4,Cauliflower,2025-01-10,403.0,21.9,True,1.0
4,Ghaziabad,4,Cauliflower,2025-01-11,529.6,22.54,True,1.0
4,Ghaziabad,4,Cauliflower,2025-01-12,302.9,22.49,True,1.0
4,Ghaziabad,4,Cauliflower,2025-01-13,376.8,22.6,True,1.0
4,Ghaziabad,4,Cauliflower,2025-01-14,390.6,21.8,True,1.0
4,Ghaziabad,4,Cauliflower,2025-01-15,422.5,22.59,True,1.0
4,Ghaziabad,4,Cauliflower,2025-01-16,401.9,22.34,True,1.0
4,Ghaziabad,4,Cauliflower,2025-01-17,449.4,22.55,True,1.0
4,Ghaziabad,4,Cauliflower,2025-01-18,511.9,23.29,True,1.0
4,Ghaziabad,4,Cauliflower,2025-01-19,356.5,23.25,True,1.0
4,Ghaziabad,4,Cauliflower,2025-01-20,327.3,24.66,True,1.0
4,Ghaziabad,4,Cauliflower,2025-01-21,373.9,23.69,True,1.0
4,Ghaziabad,4,Cauliflower,2025-01-22,430.5,23.83,True,1.0
4,Ghaziabad,4,Cauliflower,2025-01-23,388.9,24.07,True,1.0
4,Ghaziabad,4,Cauliflower,2025-01-24,472.2,23.3,True,1.0
4,Ghaziabad,4,Cauliflower,2025-01-25,542.4,23.53,True,1.0
4,Ghaziabad,4,Cauliflower,2025-01-26,375.3,23.53,True,1.0
4,Ghaziabad,4,Cauliflower,2025-01-27,366.5,23.84,True,1.0
4,Ghaziabad,4,Cauliflower,2025-01-28,466.0,24.25,True,1.0
4,Ghaziabad,4,Cauliflower,2025-01-29,410.9,25.25,True,1.0
4,Ghaziabad,4,Cauliflower,2025-01-30,453.3,25.19,True,1.0
4,Ghaziabad,4,Cauliflower,2025-01-31,468.3,25.36,True,1.0
4,Ghaziabad,4,Cauliflower,2025-02-01,499.9,26.22,True,1.0
4,Ghaziabad,4,Cauliflower,2025-02-02,321.1,24.61,True,1.0
4,Ghaziabad,4,Cauliflower,2025-02-03,385.1,24.47,True,1.0
4,Ghaziabad,4,Cauliflower,2025-02-04,420.8,24.62,True,1.0
4,Ghaziabad,4,Cauliflower,2025-02-05,424.6,23.66,True,1.0
4,Ghaziabad,4,Cauliflower,2025-02-06,450.8,24.13,True,1.0
4,Ghaziabad,4,Cauliflower,2025-02-07,531.4,22.86,True,1.0
4,Ghaziabad,4,Cauliflower,2025-02-08,687.6,24.05,True,1.0
4,Ghaziabad,4,Cauliflower,2025-02-09,375.3,23.44,True,1.0
4,Ghaziabad,4,Cauliflower,2025-02-10,451.3,23.2,True,1.0
4,Ghaziabad,4,Cauliflower,2025-02-11,404.9,24.27,True,1.0
4,Ghaziabad,4,Cauliflower,2025-02-12,452.0,23.55,True,1.0
4,Ghaziabad,4,Cauliflower,2025-02-13,467.2,25.69,True,1.0
4,Ghaziabad,4,Cauliflower,2025-02-14,392.8,25.86,True,1.0
4,Ghaziabad,4,Cauliflower,2025-02-16,303.2,26.87,True,1.0
4,Ghaziabad,4,Cauliflower,2025-02-17,406.4,26.64,True,1.0
4,Ghaziabad,4,Cauliflower,2025-02-18,377.4,26.76,True,1.0
4,Ghaziabad,4,Cauliflower,2025-02-19,381.0,26.58,True,1.0
4,Ghaziabad,4,Cauliflower,2025-02-20,332.5,26.22,True,1.0
4,Ghaziabad,4,Cauliflower,2025-02-21,395.3,26.67,True,1.0
4,Ghaziabad,4,Cauliflower,2025-02-22,495.8,27.14,True,1.0
4,Ghaziabad,4,Cauliflower,2025-02-23,327.5,26.13,True,1.0
4,Ghaziabad,4,Cauliflower,2025-02-24,399.1,25.77,True,1.0
4,Ghaziabad,4,Cauliflower,2025-02-25,465.8,25.72,True,1.0
4,Ghaziabad,4,Cauliflower,2025-02-26,393.2,26.18,True,1.0
4,Ghaziabad,4,Cauliflower,2025-02-27,446.2,26.83,True,1.0
4,Ghaziabad,4,Cauliflower,2025-02-28,434.0,28.77,True,1.0
4,Ghaziabad,4,Cauliflower,2025-03-01,590.4,28.68,True,1.0
4,Ghaziabad,4,Cauliflower,2025-03-02,310.4,28.28,True,1.0
4,Ghaziabad,4,Cauliflower,2025-03-03,425.6,27.61,True,1.0
4,Ghaziabad,4,Cauliflower,2025-03-04,461.4,28.54,True,1.0
4,Ghaziabad,4,Cauliflower,2025-03-05,410.1,28.42,True,1.0
4,Ghaziabad,4,Cauliflower,2025-03-06,401.1,28.67,True,1.0
4,Ghaziabad,4,Cauliflower,2025-03-07,507.4,28.59,True,1.0
4,Ghaziabad,4,Cauliflower,2025-03-08,432.5,29.03,True,1.0
4,Ghaziabad,4,Cauliflower,2025-03-09,357.0,29.32,True,1.0
4,Ghaziabad,4,Cauliflower,2025-03-10,411.0,29.47,True,1.0
4,Ghaziabad,4,Cauliflower,2025-03-11,401.1,29.3,True,1.0
4,Ghaziabad,4,Cauliflower,2025-03-12,545.4,29.29,True,1.0
4,Ghaziabad,4,Cauliflower,2025-03-13,400.5,29.56,True,1.0
4,Ghaziabad,4,Cauliflower,2025-03-14,483.1,27.89,True,1.0
4,Ghaziabad,4,Cauliflower,2025-03-15,573.3,28.3,True,1.0
4,Ghaziabad,4,Cauliflower,2025-03-16,391.2,29.46,True,1.0
4,Ghaziabad,4,Cauliflower,2025-03-17,411.4,29.1,True,1.0
4,Ghaziabad,4,Cauliflower,2025-03-18,413.8,27.58,True,1.0
4,Ghaziabad,4,Cauliflower,2025-03-19,468.4,27.14,True,1.0
4,Ghaziabad,4,Cauliflower,2025-03-20,370.5,28.01,True,1.0
4,Ghaziabad,4,Cauliflower,2025-03-21,572.7,28.02,True,1.0
4,Ghaziabad,4,Cauliflower,2025-03-22,414.7,28.76,True,1.0
4,Ghaziabad,4,Cauliflower,2025-03-23,309.0,29.19,True,1.0
4,Ghaziabad,4,Cauliflower,2025-03-24,399.0,29.15,True,1.0
4,Ghaziabad,4,Cauliflower,2025-03-25,369.9,28.78,True,1.0
4,Ghaziabad,4,Cauliflower,2025-03-26,437.5,29.48,True,1.0
4,Ghaziabad,4,Cauliflower,2025-03-27,427.3,29.9,True,1.0
4,Ghaziabad,4,Cauliflower,2025-03-28,392.8,30.07,True,1.0
4,Ghaziabad,4,Cauliflower,2025-03-29,514.5,31.09,True,1.0
4,Ghaziabad,4,Cauliflower,2025-03-30,284.9,31.25,True,1.0
4,Ghaziabad,4,Cauliflower,2025-03-31,361.2,30.69,True,1.0
4,Ghaziabad,4,Cauliflower,2025-04-01,523.0,30.54,True,1.0
4,Ghaziabad,4,Cauliflower,2025-04-02,410.5,30.73,True,1.0
4,Ghaziabad,4,Cauliflower,2025-04-04,457.1,32.41,True,1.0
4,Ghaziabad,4,Cauliflower,2025-04-05,484.5,33.77,True,1.0
4,Ghaziabad,4,Cauliflower,2025-04-06,312.3,32.71,True,1.0
4,Ghaziabad,4,Cauliflower,2025-04-07,376.9,31.52,True,1.0
4,Ghaziabad,4,Cauliflower,2025-04-08,402.2,31.16,True,1.0
4,Ghaziabad,4,Cauliflower,2025-04-09,352.5,31.8,True,1.0
4,Ghaziabad,4,Cauliflower,2025-04-10,469.2,32.67,True,1.0
4,Ghaziabad,4,Cauliflower,2025-04-11,380.6,32.16,True,1.0
4,Ghaziabad,4,Cauliflower,2025-04-13,306.6,32.04,True,1.0
4,Ghaziabad,4,Cauliflower,2025-04-14,390.4,32.75,True,1.0
4,Ghaziabad,4,Cauliflower,2025-04-15,437.7,33.69,True,1.0
4,Ghaziabad,4,Cauliflower,2025-04-16,395.7,32.78,True,1.0
4,Ghaziabad,4,Cauliflower,2025-04-17,388.9,33.08,True,1.0
4,Ghaziabad,4,Cauliflower,2025-04-18,396.0,31.51,True,1.0
4,Ghaziabad,4,Cauliflower,2025-04-19,455.4,31.83,True,1.0
4,Ghaziabad,4,Cauliflower,2025-04-20,268.8,32.85,True,1.0
4,Ghaziabad,4,Cauliflower,2025-04-21,315.5,34.35,True,1.0
4,Ghaziabad,4,Cauliflower,2025-04-22,362.8,34.29,True,1.0
4,Ghaziabad,4,Cauliflower,2025-04-23,287.6,33.74,True,1.0
4,Ghaziabad,4,Cauliflower,2025-04-24,390.0,32.29,True,1.0
4,Ghaziabad,4,Cauliflower,2025-04-25,395.1,32.83,True,1.0
4,Ghaziabad,4,Cauliflower,2025-04-26,378.2,33.63,True,1.0
4,Ghaziabad,4,Cauliflower,2025-04-27,253.1,34.59,True,1.0
4,Ghaziabad,4,Cauliflower,2025-04-28,286.1,34.53,True,1.0
4,Ghaziabad,4,Cauliflower,2025-04-29,355.1,33.35,True,1.0
4,Ghaziabad,4,Cauliflower,2025-04-30,322.8,34.0,True,1.0
4,Ghaziabad,4,Cauliflower,2025-05-01,294.8,35.62,True,1.0
4,Ghaziabad,4,Cauliflower,2025-05-02,460.4,34.83,True,1.0
4,Ghaziabad,4,Cauliflower,2025-05-03,379.1,33.77,True,1.0
4,Ghaziabad,4,Cauliflower,2025-05-04,334.6,33.52,True,1.0
4,Ghaziabad,4,Cauliflower,2025-05-05,352.0,33.66,True,1.0
4,Ghaziabad,4,Cauliflower,2025-05-06,354.2,33.29,True,1.0
4,Ghaziabad,4,Cauliflower,2025-05-07,382.0,34.23,True,1.0
4,Ghaziabad,4,Cauliflower,2025-05-08,360.2,34.65,True,1.0
4,Ghaziabad,4,Cauliflower,2025-05-09,387.8,34.2,True,1.0
4,Ghaziabad,4,Cauliflower,2025-05-10,502.9,34.21,True,1.0
4,Ghaziabad,4,Cauliflower,2025-05-11,259.8,32.78,True,1.0
4,Ghaziabad,4,Cauliflower,2025-05-12,272.6,33.56,True,1.0
4,Ghaziabad,4,Cauliflower,2025-05-13,344.4,32.5,True,1.0
4,Ghaziabad,4,Cauliflower,2025-05-15,314.0,32.88,True,1.0
4,Ghaziabad,4,Cauliflower,2025-05-16,386.8,33.82,True,1.0
4,Ghaziabad,4,Cauliflower,2025-05-17,350.1,33.62,True,1.0
4,Ghaziabad,4,Cauliflower,2025-05-18,307.2,33.87,True,1.0
4,Ghaziabad,4,Cauliflower,2025-05-19,245.7,35.59,True,1.0
4,Ghaziabad,4,Cauliflower,2025-05-20,271.8,33.77,True,1.0
4,Ghaziabad,4,Cauliflower,2025-05-21,267.6,34.15,True,1.0
4,Ghaziabad,4,Cauliflower,2025-05-22,323.2,35.18,True,1.0
4,Ghaziabad,4,Cauliflower,2025-05-23,311.2,34.43,True,1.0
4,Ghaziabad,4,Cauliflower,2025-05-24,560.9,34.55,True,1.0
4,Ghaziabad,4,Cauliflower,2025-05-25,287.5,33.3,True,1.0
4,Ghaziabad,4,Cauliflower,2025-05-26,300.7,32.23,True,1.0
4,Ghaziabad,4,Cauliflower,2025-05-27,303.5,33.68,True,1.0
4,Ghaziabad,4,Cauliflower,2025-05-28,272.6,33.7,True,1.0
4,Ghaziabad,4,Cauliflower,2025-05-29,312.0,32.79,True,1.0
4,Ghaziabad,4,Cauliflower,2025-05-30,368.1,32.95,True,1.0
4,Ghaziabad,4,Cauliflower,2025-05-31,372.6,34.09,True,1.0
4,Ghaziabad,4,Cauliflower,2025-06-01,282.9,34.87,True,1.0
4,Ghaziabad,4,Cauliflower,2025-06-02,352.5,35.93,True,1.0
4,Ghaziabad,4,Cauliflower,2025-06-03,295.1,35.1,True,1.0
4,Ghaziabad,4,Cauliflower,2025-06-04,305.0,34.41,True,1.0
4,Ghaziabad,4,Cauliflower,2025-06-05,418.3,34.87,True,1.0
4,Ghaziabad,4,Cauliflower,2025-06-06,337.4,35.88,True,1.0
4,Ghaziabad,4,Cauliflower,2025-06-07,358.8,35.19,True,1.0
4,Ghaziabad,4,Cauliflower,2025-06-08,240.0,36.06,True,1.0
4,Ghaziabad,4,Cauliflower,2025-06-09,261.6,35.34,True,1.0
4,Ghaziabad,4,Cauliflower,2025-06-10,298.7,37.29,True,1.0
4,Ghaziabad,4,Cauliflower,2025-06-11,357.4,34.78,True,1.0
4,Ghaziabad,4,Cauliflower,2025-06-12,310.3,36.34,True,1.0
4,Ghaziabad,4,Cauliflower,2025-06-13,382.9,34.35,True,1.0
4,Ghaziabad,4,Cauliflower,2025-06-14,347.7,35.7,True,1.0
4,Ghaziabad,4,Cauliflower,2025-06-15,233.7,35.49,True,1.0
4,Ghaziabad,4,Cauliflower,2025-06-16,264.9,34.79,True,1.0
4,Ghaziabad,4,Cauliflower,2025-06-17,260.0,33.86,True,1.0
4,Ghaziabad,4,Cauliflower,2025-06-18,279.8,33.2,True,1.0
4,Ghaziabad,4,Cauliflower,2025-06-19,278.6,34.27,True,1.0
4,Ghaziabad,4,Cauliflower,2025-06-20,343.2,34.82,True,1.0
4,Ghaziabad,4,Cauliflower,2025-06-21,305.2,34.54,True,1.0
4,Ghaziabad,4,Cauliflower,2025-06-22,212.7,34.5,True,1.0
4,Ghaziabad,4,Cauliflower,2025-06-23,260.5,33.64,True,1.0
4,Ghaziabad,4,Cauliflower,2025-06-24,268.4,33.74,True,1.0
4,Ghaziabad,4,Cauliflower,2025-06-25,267.5,34.8,True,1.0
4,Ghaziabad,4,Cauliflower,2025-06-26,304.3,33.77,True,1.0
4,Ghaziabad,4,Cauliflower,2025-06-27,240.6,34.43,True,1.0
4,Ghaziabad,4,Cauliflower,2025-06-28,309.0,33.92,True,1.0
4,Ghaziabad,4,Cauliflower,2025-06-29,252.8,32.55,True,1.0
4,Ghaziabad,4,Cauliflower,2025-06-30,205.1,34.03,True,1.0
4,Ghaziabad,4,Cauliflower,2025-07-01,256.9,32.73,True,1.0
4,Ghaziabad,4,Cauliflower,2025-07-02,272.0,32.67,True,1.0
4,Ghaziabad,4,Cauliflower,2025-07-03,288.0,34.08,True,1.0
4,Ghaziabad,4,Cauliflower,2025-07-04,331.0,33.27,True,1.0
4,Ghaziabad,4,Cauliflower,2025-07-05,274.8,34.35,True,1.0
4,Ghaziabad,4,Cauliflower,2025-07-06,204.3,33.74,True,1.0
4,Ghaziabad,4,Cauliflower,2025-07-07,237.0,33.64,True,1.0
4,Ghaziabad,4,Cauliflower,2025-07-08,236.2,35.5,True,1.0
4,Ghaziabad,4,Cauliflower,2025-07-09,227.1,36.06,True,1.0
4,Ghaziabad,4,Cauliflower,2025-07-10,276.5,35.36,True,1.0
4,Ghaziabad,4,Cauliflower,2025-07-11,220.3,34.13,True,1.0
4,Ghaziabad,4,Cauliflower,2025-07-12,235.3,33.92,True,1.0
4,Ghaziabad,4,Cauliflower,2025-07-13,203.4,35.36,True,1.0
4,Ghaziabad,4,Cauliflower,2025-07-14,228.2,36.92,True,1.0
4,Ghaziabad,4,Cauliflower,2025-07-15,224.8,35.11,True,1.0
4,Ghaziabad,4,Cauliflower,2025-07-17,259.4,33.48,True,1.0
4,Ghaziabad,4,Cauliflower,2025-07-18,309.5,33.86,True,1.0
4,Ghaziabad,4,Cauliflower,2025-07-19,267.3,33.9,True,1.0
4,Ghaziabad,4,Cauliflower,2025-07-20,179.8,34.56,True,1.0
4,Ghaziabad,4,Cauliflower,2025-07-21,202.5,33.17,True,1.0
4,Ghaziabad,4,Cauliflower,2025-07-22,271.9,33.12,True,1.0
4,Ghaziabad,4,Cauliflower,2025-07-23,247.3,31.21,True,1.0
4,Ghaziabad,4,Cauliflower,2025-07-24,248.5,30.99,True,1.0
4,Ghaziabad,4,Cauliflower,2025-07-25,200.2,31.36,True,1.0
4,Ghaziabad,4,Cauliflower,2025-07-26,223.5,31.78,True,1.0
4,Ghaziabad,4,Cauliflower,2025-07-27,180.3,34.52,True,1.0
4,Ghaziabad,4,Cauliflower,2025-07-28,189.5,33.25,True,1.0
4,Ghaziabad,4,Cauliflower,2025-07-29,246.0,32.86,True,1.0
4,Ghaziabad,4,Cauliflower,2025-07-30,183.7,31.48,True,1.0
4,Ghaziabad,4,Cauliflower,2025-07-31,203.8,29.89,True,1.0
4,Ghaziabad,4,Cauliflower,2025-08-01,214.8,31.18,True,1.0
4,Ghaziabad,4,Cauliflower,2025-08-02,206.1,32.1,True,1.0
4,Ghaziabad,4,Cauliflower,2025-08-03,162.4,30.66,True,1.0
4,Ghaziabad,4,Cauliflower,2025-08-04,196.2,29.39,True,1.0
4,Ghaziabad,4,Cauliflower,2025-08-05,225.0,29.38,True,1.0
4,Ghaziabad,4,Cauliflower,2025-08-06,299.1,31.34,True,1.0
4,Ghaziabad,4,Cauliflower,2025-08-07,214.6,29.93,True,1.0
4,Ghaziabad,4,Cauliflower,2025-08-08,211.2,30.8,True,1.0
4,Ghaziabad,4,Cauliflower,2025-08-09,261.4,30.91,True,1.0
4,Ghaziabad,4,Cauliflower,2025-08-10,198.4,30.57,True,1.0
4,Ghaziabad,4,Cauliflower,2025-08-11,217.4,30.04,True,1.0
4,Ghaziabad,4,Cauliflower,2025-08-12,227.0,30.37,True,1.0
4,Ghaziabad,4,Cauliflower,2025-08-13,186.1,30.09,True,1.0
4,Ghaziabad,4,Cauliflower,2025-08-14,182.5,29.78,True,1.0
4,Ghaziabad,4,Cauliflower,2025-08-15,223.4,29.7,True,1.0
4,Ghaziabad,4,Cauliflower,2025-08-16,261.7,30.75,True,1.0
4,Ghaziabad,4,Cauliflower,2025-08-17,156.1,30.67,True,1.0
4,Ghaziabad,4,Cauliflower,2025-08-18,196.1,30.45,True,1.0
4,Ghaziabad,4,Cauliflower,2025-08-19,222.6,31.42,True,1.0
4,Ghaziabad,4,Cauliflower,2025-08-20,247.0,30.61,True,1.0
4,Ghaziabad,4,Cauliflower,2025-08-21,185.9,31.51,True,1.0
4,Ghaziabad,4,Cauliflower,2025-08-22,180.8,30.24,True,1.0
4,Ghaziabad,4,Cauliflower,2025-08-23,190.6,30.38,True,1.0
4,Ghaziabad,4,Cauliflower,2025-08-24,164.0,29.7,True,1.0
4,Ghaziabad,4,Cauliflower,2025-08-25,218.6,29.42,True,1.0
4,Ghaziabad,4,Cauliflower,2025-08-26,179.9,28.71,True,1.0
4,Ghaziabad,4,Cauliflower,2025-08-27,234.4,28.47,True,1.0
4,Ghaziabad,4,Cauliflower,2025-08-28,223.8,27.94,True,1.0
4,Ghaziabad,4,Cauliflower,2025-08-29,231.2,28.43,True,1.0
4,Ghaziabad,4,Cauliflower,2025-08-30,273.7,27.75,True,1.0
4,Ghaziabad,4,Cauliflower,2025-08-31,153.2,28.33,True,1.0
4,Ghaziabad,4,Cauliflower,2025-09-01,321.5,30.23,True,1.0
4,Ghaziabad,4,Cauliflower,2025-09-02,168.7,28.26,True,1.0
4,Ghaziabad,4,Cauliflower,2025-09-03,195.5,26.3,True,1.0
4,Ghaziabad,4,Cauliflower,2025-09-04,282.5,25.99,True,1.0
4,Ghaziabad,4,Cauliflower,2025-09-05,260.7,27.05,True,1.0
4,Ghaziabad,4,Cauliflower,2025-09-06,246.9,26.65,True,1.0
4,Ghaziabad,4,Cauliflower,2025-09-07,232.0,27.32,True,1.0
4,Ghaziabad,4,Cauliflower,2025-09-08,210.8,28.07,True,1.0
4,Ghaziabad,4,Cauliflower,2025-09-09,254.9,27.6,True,1.0
4,Ghaziabad,4,Cauliflower,2025-09-10,202.5,28.14,True,1.0
4,Ghaziabad,4,Cauliflower,2025-09-11,159.4,26.03,True,1.0
4,Ghaziabad,4,Cauliflower,2025-09-12,216.6,26.9,True,1.0
4,Ghaziabad,4,Cauliflower,2025-09-13,226.4,27.47,True,1.0
4,Ghaziabad,4,Cauliflower,2025-09-14,183.4,27.13,True,1.0
4,Ghaziabad,4,Cauliflower,2025-09-15,178.0,27.72,True,1.0
4,Ghaziabad,4,Cauliflower,2025-09-16,219.2,28.45,True,1.0
4,Ghaziabad,4,Cauliflower,2025-09-17,176.7,29.35,True,1.0
4,Ghaziabad,4,Cauliflower,2025-09-18,215.0,29.96,True,1.0
4,Ghaziabad,4,Cauliflower,2025-09-19,234.7,28.77,True,1.0
4,Ghaziabad,4,Cauliflower,2025-09-20,252.4,27.77,True,1.0
4,Ghaziabad,4,Cauliflower,2025-09-21,165.7,27.1,True,1.0
4,Ghaziabad,4,Cauliflower,2025-09-22,263.2,24.71,True,1.0
4,Ghaziabad,4,Cauliflower,2025-09-23,250.9,25.47,True,1.0
4,Ghaziabad,4,Cauliflower,2025-09-24,216.0,27.24,True,1.0
4,Ghaziabad,4,Cauliflower,2025-09-25,206.4,27.09,True,1.0
4,Ghaziabad,4,Cauliflower,2025-09-26,269.0,25.47,True,1.0
4,Ghaziabad,4,Cauliflower,2025-09-27,274.2,24.66,True,1.0
4,Ghaziabad,4,Cauliflower,2025-09-28,364.5,24.12,True,1.0
4,Ghaziabad,4,Cauliflower,2025-09-29,186.1,25.54,True,1.0
4,Ghaziabad,4,Cauliflower,2025-09-30,303.5,25.69,True,1.0
4,Ghaziabad,4,Cauliflower,2025-10-01,237.5,25.86,True,1.0
4,Ghaziabad,4,Cauliflower,2025-10-02,212.4,25.74,True,1.0
4,Ghaziabad,4,Cauliflower,2025-10-03,207.1,24.57,True,1.0
4,Ghaziabad,4,Cauliflower,2025-10-04,294.2,23.87,True,1.0
4,Ghaziabad,4,Cauliflower,2025-10-05,185.2,24.48,True,1.0
4,Ghaziabad,4,Cauliflower,2025-10-06,219.3,24.46,True,1.0
4,Ghaziabad,4,Cauliflower,2025-10-07,207.7,23.1,True,1.0
4,Ghaziabad,4,Cauliflower,2025-10-08,215.9,23.9,True,1.0
4,Ghaziabad,4,Cauliflower,2025-10-09,222.9,24.89,True,1.0
4,Ghaziabad,4,Cauliflower,2025-10-10,234.5,24.57,True,1.0
4,Ghaziabad,4,Cauliflower,2025-10-11,285.0,24.1,True,1.0
4,Ghaziabad,4,Cauliflower,2025-10-12,192.9,24.92,True,1.0
4,Ghaziabad,4,Cauliflower,2025-10-13,241.9,24.36,True,1.0
4,Ghaziabad,4,Cauliflower,2025-10-14,223.3,23.67,True,1.0
4,Ghaziabad,4,Cauliflower,2025-10-15,212.1,22.57,True,1.0
4,Ghaziabad,4,Cauliflower,2025-10-16,271.4,22.46,True,1.0
4,Ghaziabad,4,Cauliflower,2025-10-17,317.3,23.93,True,1.0
4,Ghaziabad,4,Cauliflower,2025-10-18,258.4,24.48,True,1.0
4,Ghaziabad,4,Cauliflower,2025-10-19,185.5,24.12,True,1.0
4,Ghaziabad,4,Cauliflower,2025-10-20,239.3,23.76,True,1.0
4,Ghaziabad,4,Cauliflower,2025-10-21,236.1,24.17,True,1.0
4,Ghaziabad,4,Cauliflower,2025-10-22,303.7,23.82,True,1.0
4,Ghaziabad,4,Cauliflower,2025-10-23,269.0,22.65,True,1.0
4,Ghaziabad,4,Cauliflower,2025-10-24,271.3,22.74,True,1.0
4,Ghaziabad,4,Cauliflower,2025-10-25,293.1,22.81,True,1.0
4,Ghaziabad,4,Cauliflower,2025-10-26,225.7,22.72,True,1.0
4,Ghaziabad,4,Cauliflower,2025-10-27,253.9,22.8,True,1.0
4,Ghaziabad,4,Cauliflower,2025-10-28,274.4,22.23,True,1.0
4,Ghaziabad,4,Cauliflower,2025-10-29,232.5,22.35,True,1.0
4,Ghaziabad,4,Cauliflower,2025-10-30,302.9,21.31,True,1.0
4,Ghaziabad,4,Cauliflower,2025-10-31,385.5,21.01,True,1.0
4,Ghaziabad,4,Cauliflower,2025-11-01,300.7,21.18,True,1.0
4,Ghaziabad,4,Cauliflower,2025-11-02,246.7,21.81,True,1.0
4,Ghaziabad,4,Cauliflower,2025-11-03,295.0,21.68,True,1.0
4,Ghaziabad,4,Cauliflower,2025-11-04,241.5,22.03,True,1.0
4,Ghaziabad,4,Cauliflower,2025-11-05,316.5,22.64,True,1.0
4,Ghaziabad,4,Cauliflower,2025-11-06,358.9,23.99,True,1.0
4,Ghaziabad,4,Cauliflower,2025-11-07,294.2,23.11,True,1.0
4,Ghaziabad,4,Cauliflower,2025-11-08,268.2,22.27,True,1.0
4,Ghaziabad,4,Cauliflower,2025-11-09,224.9,22.12,True,1.0
4,Ghaziabad,4,Cauliflower,2025-11-10,230.7,22.1,True,1.0
4,Ghaziabad,4,Cauliflower,2025-11-11,290.6,22.29,True,1.0
4,Ghaziabad,4,Cauliflower,2025-11-12,200.7,22.58,True,1.0
4,Ghaziabad,4,Cauliflower,2025-11-13,278.5,22.08,True,1.0
4,Ghaziabad,4,Cauliflower,2025-11-14,389.0,22.35,True,1.0
4,Ghaziabad,4,Cauliflower,2025-11-15,340.1,22.13,True,1.0
4,Ghaziabad,4,Cauliflower,2025-11-16,284.1,22.69,True,1.0
4,Ghaziabad,4,Cauliflower,2025-11-17,266.4,22.11,True,1.0
4,Ghaziabad,4,Cauliflower,2025-11-18,313.1,21.96,True,1.0
4,Ghaziabad,4,Cauliflower,2025-11-19,308.0,21.93,True,1.0
4,Ghaziabad,4,Cauliflower,2025-11-20,387.9,22.45,True,1.0
4,Ghaziabad,4,Cauliflower,2025-11-21,343.7,22.09,True,1.0
4,Ghaziabad,4,Cauliflower,2025-11-22,417.2,21.19,True,1.0
4,Ghaziabad,4,Cauliflower,2025-11-23,261.9,20.2,True,1.0
4,Ghaziabad,4,Cauliflower,2025-11-24,258.9,21.11,True,1.0
4,Ghaziabad,4,Cauliflower,2025-11-25,369.0,21.52,True,1.0
4,Ghaziabad,4,Cauliflower,2025-11-26,302.5,22.46,True,1.0
4,Ghaziabad,4,Cauliflower,2025-11-27,406.1,22.12,True,1.0
4,Ghaziabad,4,Cauliflower,2025-11-28,383.7,21.88,True,1.0
4,Ghaziabad,4,Cauliflower,2025-11-29,494.8,21.77,True,1.0
4,Ghaziabad,4,Cauliflower,2025-11-30,337.8,21.25,True,1.0
4,Ghaziabad,4,Cauliflower,2025-12-01,290.7,20.79,True,1.0
4,Ghaziabad,4,Cauliflower,2025-12-02,342.5,21.16,True,1.0
4,Ghaziabad,4,Cauliflower,2025-12-03,355.0,21.87,True,1.0
4,Ghaziabad,4,Cauliflower,2025-12-04,254.8,22.03,True,1.0
4,Ghaziabad,4,Cauliflower,2025-12-05,374.4,21.46,True,1.0
4,Ghaziabad,4,Cauliflower,2025-12-06,454.5,21.63,True,1.0
4,Ghaziabad,4,Cauliflower,2025-12-07,297.3,21.59,True,1.0
4,Ghaziabad,4,Cauliflower,2025-12-08,361.7,21.12,True,1.0
4,Ghaziabad,4,Cauliflower,2025-12-09,368.2,20.41,True,1.0
4,Ghaziabad,4,Cauliflower,2025-12-10,421.8,20.16,True,1.0
4,Ghaziabad,4,Cauliflower,2025-12-11,407.9,21.18,True,1.0
4,Ghaziabad,4,Cauliflower,2025-12-12,400.9,21.35,True,1.0
4,Ghaziabad,4,Cauliflower,2025-12-13,503.0,20.95,True,1.0
4,Ghaziabad,4,Cauliflower,2025-12-14,293.6,21.09,True,1.0
4,Ghaziabad,4,Cauliflower,2025-12-15,349.3,21.52,True,1.0
4,Ghaziabad,4,Cauliflower,2025-12-16,265.9,21.13,True,1.0
4,Ghaziabad,4,Cauliflower,2025-12-17,371.9,20.74,True,1.0
4,Ghaziabad,4,Cauliflower,2025-12-18,459.3,19.89,True,1.0
4,Ghaziabad,4,Cauliflower,2025-12-19,459.4,20.98,True,1.0
4,Ghaziabad,4,Cauliflower,2025-12-20,458.0,21.48,True,1.0
4,Ghaziabad,4,Cauliflower,2025-12-21,268.7,21.89,True,1.0
4,Ghaziabad,4,Cauliflower,2025-12-22,432.9,22.13,True,1.0
4,Ghaziabad,4,Cauliflower,2025-12-23,370.1,20.72,True,1.0
4,Ghaziabad,4,Cauliflower,2025-12-24,291.8,21.05,True,1.0
4,Ghaziabad,4,Cauliflower,2025-12-25,332.8,21.5,True,1.0
4,Ghaziabad,4,Cauliflower,2025-12-26,421.4,21.6,True,1.0
4,Ghaziabad,4,Cauliflower,2025-12-27,415.8,20.24,True,1.0
4,Ghaziabad,4,Cauliflower,2025-12-28,307.1,20.62,True,1.0
4,Ghaziabad,4,Cauliflower,2025-12-29,376.2,20.82,True,1.0
4,Ghaziabad,4,Cauliflower,2025-12-30,384.6,21.78,True,1.0
4,Ghaziabad,4,Cauliflower,2025-12-31,464.9,21.76,True,1.0
4,Ghaziabad,4,Cauliflower,2026-01-01,349.1,21.53,True,1.0
4,Ghaziabad,4,Cauliflower,2026-01-02,547.2,21.37,True,1.0
4,Ghaziabad,4,Cauliflower,2026-01-03,556.6,22.05,True,1.0
4,Ghaziabad,4,Cauliflower,2026-01-04,422.9,22.52,True,1.0
4,Ghaziabad,4,Cauliflower,2026-01-05,383.7,22.31,True,1.0
4,Ghaziabad,4,Cauliflower,2026-01-06,501.0,22.06,True,1.0
4,Ghaziabad,4,Cauliflower,2026-01-07,373.0,20.75,True,1.0
4,Ghaziabad,4,Cauliflower,2026-01-08,394.1,20.05,True,1.0
4,Ghaziabad,4,Cauliflower,2026-01-09,417.2,20.28,True,1.0
4,Ghaziabad,4,Cauliflower,2026-01-10,417.7,20.87,True,1.0
4,Ghaziabad,4,Cauliflower,2026-01-11,351.7,20.92,True,1.0
4,Ghaziabad,4,Cauliflower,2026-01-12,363.6,20.55,True,1.0
4,Ghaziabad,4,Cauliflower,2026-01-13,337.2,21.19,True,1.0
4,Ghaziabad,4,Cauliflower,2026-01-14,481.2,21.68,True,1.0
4,Ghaziabad,4,Cauliflower,2026-01-15,460.2,22.91,True,1.0
4,Ghaziabad,4,Cauliflower,2026-01-16,421.7,22.73,True,1.0
4,Ghaziabad,4,Cauliflower,2026-01-17,430.2,22.7,True,1.0
4,Ghaziabad,4,Cauliflower,2026-01-18,348.2,22.4,True,1.0
4,Ghaziabad,4,Cauliflower,2026-01-19,423.9,24.43,True,1.0
4,Ghaziabad,4,Cauliflower,2026-01-20,408.5,24.57,True,1.0
4,Ghaziabad,4,Cauliflower,2026-01-21,420.2,23.68,True,1.0
4,Ghaziabad,4,Cauliflower,2026-01-22,419.7,22.36,True,1.0
4,Ghaziabad,4,Cauliflower,2026-01-23,471.5,21.93,True,1.0
4,Ghaziabad,4,Cauliflower,2026-01-24,445.7,21.89,True,1.0
4,Ghaziabad,4,Cauliflower,2026-01-25,360.3,21.61,True,1.0
4,Ghaziabad,4,Cauliflower,2026-01-26,379.1,22.22,True,1.0
4,Ghaziabad,4,Cauliflower,2026-01-27,455.7,22.11,True,1.0
4,Ghaziabad,4,Cauliflower,2026-01-28,497.8,21.69,True,1.0
4,Ghaziabad,4,Cauliflower,2026-01-29,370.7,22.84,True,1.0
4,Ghaziabad,4,Cauliflower,2026-01-30,390.3,22.29,True,1.0
4,Ghaziabad,4,Cauliflower,2026-01-31,512.8,21.31,True,1.0
4,Ghaziabad,4,Cauliflower,2026-02-01,359.0,22.84,True,1.0
4,Ghaziabad,4,Cauliflower,2026-02-02,432.4,24.6,True,1.0
4,Ghaziabad,4,Cauliflower,2026-02-03,385.4,24.68,True,1.0
4,Ghaziabad,4,Cauliflower,2026-02-04,441.8,25.23,True,1.0
4,Ghaziabad,4,Cauliflower,2026-02-05,444.4,25.65,True,1.0
4,Ghaziabad,4,Cauliflower,2026-02-06,503.3,27.25,True,1.0
4,Ghaziabad,4,Cauliflower,2026-02-07,592.3,25.88,True,1.0
4,Ghaziabad,4,Cauliflower,2026-02-08,343.8,25.37,True,1.0
4,Ghaziabad,4,Cauliflower,2026-02-09,359.8,25.07,True,1.0
4,Ghaziabad,4,Cauliflower,2026-02-10,367.9,25.25,True,1.0
4,Ghaziabad,4,Cauliflower,2026-02-11,446.1,25.21,True,1.0
4,Ghaziabad,4,Cauliflower,2026-02-12,466.9,25.31,True,1.0
4,Ghaziabad,4,Cauliflower,2026-02-13,519.2,25.58,True,1.0
4,Ghaziabad,4,Cauliflower,2026-02-14,536.6,27.19,True,1.0
4,Ghaziabad,4,Cauliflower,2026-02-15,392.7,27.07,True,1.0
4,Ghaziabad,4,Cauliflower,2026-02-16,409.1,27.45,True,1.0
4,Ghaziabad,4,Cauliflower,2026-02-17,376.7,27.62,True,1.0
4,Ghaziabad,4,Cauliflower,2026-02-18,441.1,27.54,True,1.0
4,Ghaziabad,4,Cauliflower,2026-02-19,477.8,27.03,True,1.0
4,Ghaziabad,4,Cauliflower,2026-02-20,477.6,27.55,True,1.0
4,Ghaziabad,4,Cauliflower,2026-02-21,488.0,25.98,True,1.0
4,Ghaziabad,4,Cauliflower,2026-02-22,364.2,27.43,True,1.0
4,Ghaziabad,4,Cauliflower,2026-02-23,487.0,27.83,True,1.0
4,Ghaziabad,4,Cauliflower,2026-02-24,437.6,27.7,True,1.0
4,Ghaziabad,4,Cauliflower,2026-02-25,473.0,27.55,True,1.0
4,Ghaziabad,4,Cauliflower,2026-02-26,432.8,27.67,True,1.0
4,Ghaziabad,4,Cauliflower,2026-02-27,555.3,28.26,True,1.0
4,Ghaziabad,4,Cauliflower,2026-02-28,557.0,28.43,True,1.0
4,Ghaziabad,4,Cauliflower,2026-03-01,445.0,29.34,True,1.0
4,Ghaziabad,4,Cauliflower,2026-03-02,402.2,30.33,True,1.0
4,Ghaziabad,4,Cauliflower,2026-03-03,428.5,30.54,True,1.0
4,Ghaziabad,4,Cauliflower,2026-03-04,418.4,28.53,True,1.0
4,Ghaziabad,4,Cauliflower,2026-03-05,529.4,28.01,True,1.0
4,Ghaziabad,4,Cauliflower,2026-03-06,427.9,28.89,True,1.0
4,Ghaziabad,4,Cauliflower,2026-03-07,436.5,30.56,True,1.0
4,Ghaziabad,4,Cauliflower,2026-03-08,365.9,29.44,True,1.0
4,Ghaziabad,4,Cauliflower,2026-03-09,393.4,29.71,True,1.0
4,Ghaziabad,4,Cauliflower,2026-03-10,421.1,30.48,True,1.0
4,Ghaziabad,4,Cauliflower,2026-03-11,410.7,30.08,True,1.0
4,Ghaziabad,4,Cauliflower,2026-03-12,517.1,28.74,True,1.0
4,Ghaziabad,4,Cauliflower,2026-03-14,510.5,29.39,True,1.0
4,Ghaziabad,4,Cauliflower,2026-03-15,343.9,28.77,True,1.0
4,Ghaziabad,4,Cauliflower,2026-03-16,441.7,29.2,True,1.0
4,Ghaziabad,4,Cauliflower,2026-03-17,396.8,29.36,True,1.0
4,Ghaziabad,4,Cauliflower,2026-03-18,480.3,28.7,True,1.0
4,Ghaziabad,4,Cauliflower,2026-03-19,406.8,30.46,True,1.0
4,Ghaziabad,4,Cauliflower,2026-03-20,565.4,30.75,True,1.0
4,Ghaziabad,4,Cauliflower,2026-03-21,487.9,31.34,True,1.0
4,Ghaziabad,4,Cauliflower,2026-03-22,376.7,30.94,True,1.0
4,Ghaziabad,4,Cauliflower,2026-03-23,357.2,30.73,True,1.0
4,Ghaziabad,4,Cauliflower,2026-03-24,445.4,31.81,True,1.0
4,Ghaziabad,4,Cauliflower,2026-03-25,463.7,30.94,True,1.0
4,Ghaziabad,4,Cauliflower,2026-03-26,479.6,30.53,True,1.0
4,Ghaziabad,4,Cauliflower,2026-03-27,420.4,30.99,True,1.0
4,Ghaziabad,4,Cauliflower,2026-03-28,453.6,31.75,True,1.0
4,Ghaziabad,4,Cauliflower,2026-03-29,289.3,32.33,True,1.0
4,Ghaziabad,4,Cauliflower,2026-03-30,323.8,31.09,True,1.0
4,Ghaziabad,4,Cauliflower,2026-03-31,396.7,30.15,True,1.0
4,Ghaziabad,4,Cauliflower,2026-04-01,443.5,29.75,True,1.0
4,Ghaziabad,4,Cauliflower,2026-04-02,377.4,30.99,True,1.0
4,Ghaziabad,4,Cauliflower,2026-04-03,535.2,31.92,True,1.0
4,Ghaziabad,4,Cauliflower,2026-04-04,505.1,32.1,True,1.0
4,Ghaziabad,4,Cauliflower,2026-04-05,299.8,32.24,True,1.0
4,Ghaziabad,4,Cauliflower,2026-04-06,376.5,30.61,True,1.0
4,Ghaziabad,4,Cauliflower,2026-04-07,384.3,31.26,True,1.0
4,Ghaziabad,4,Cauliflower,2026-04-08,387.0,30.08,True,1.0
4,Ghaziabad,4,Cauliflower,2026-04-09,549.1,31.39,True,1.0
4,Ghaziabad,4,Cauliflower,2026-04-10,384.4,31.33,True,1.0
4,Ghaziabad,4,Cauliflower,2026-04-11,592.4,31.82,True,1.0
4,Ghaziabad,4,Cauliflower,2026-04-12,368.5,31.77,True,1.0
4,Ghaziabad,4,Cauliflower,2026-04-13,509.6,31.89,True,1.0
4,Ghaziabad,4,Cauliflower,2026-04-14,476.6,31.07,True,1.0
4,Ghaziabad,4,Cauliflower,2026-04-15,330.3,31.37,True,1.0
4,Ghaziabad,4,Cauliflower,2026-04-16,427.7,31.7,True,1.0
4,Ghaziabad,4,Cauliflower,2026-04-17,424.9,32.21,True,1.0
4,Ghaziabad,4,Cauliflower,2026-04-18,474.5,32.91,True,1.0
4,Ghaziabad,4,Cauliflower,2026-04-19,262.2,33.37,True,1.0
4,Ghaziabad,4,Cauliflower,2026-04-20,336.0,33.52,True,1.0
4,Ghaziabad,4,Cauliflower,2026-04-21,369.5,32.78,True,1.0
4,Ghaziabad,4,Cauliflower,2026-04-22,402.2,31.7,True,1.0
4,Ghaziabad,4,Cauliflower,2026-04-23,427.0,31.25,True,1.0
4,Ghaziabad,4,Cauliflower,2026-04-24,381.9,31.12,True,1.0
4,Ghaziabad,4,Cauliflower,2026-04-25,433.8,32.57,True,1.0
4,Ghaziabad,4,Cauliflower,2026-04-26,364.7,33.86,True,1.0
4,Ghaziabad,4,Cauliflower,2026-04-27,351.5,33.0,True,1.0
4,Ghaziabad,4,Cauliflower,2026-04-28,285.5,32.1,True,1.0
4,Ghaziabad,4,Cauliflower,2026-04-29,347.1,31.09,True,1.0
4,Ghaziabad,4,Cauliflower,2026-04-30,473.2,31.3,True,1.0
4,Ghaziabad,4,Cauliflower,2026-05-01,381.9,32.42,True,1.0
4,Ghaziabad,4,Cauliflower,2026-05-02,427.5,31.84,True,1.0
4,Ghaziabad,4,Cauliflower,2026-05-03,347.4,33.57,True,1.0
4,Ghaziabad,4,Cauliflower,2026-05-04,385.2,34.05,True,1.0
4,Ghaziabad,4,Cauliflower,2026-05-05,449.3,35.1,True,1.0
4,Ghaziabad,4,Cauliflower,2026-05-06,332.2,34.02,True,1.0
4,Ghaziabad,4,Cauliflower,2026-05-07,272.6,34.76,True,1.0
4,Ghaziabad,4,Cauliflower,2026-05-08,287.4,33.51,True,1.0
4,Ghaziabad,4,Cauliflower,2026-05-09,397.9,34.41,True,1.0
4,Ghaziabad,4,Cauliflower,2026-05-10,333.6,35.82,True,1.0
4,Ghaziabad,4,Cauliflower,2026-05-11,266.1,36.84,True,1.0
4,Ghaziabad,4,Cauliflower,2026-05-12,389.9,35.55,True,1.0
4,Ghaziabad,4,Cauliflower,2026-05-13,301.0,34.33,True,1.0
4,Ghaziabad,4,Cauliflower,2026-05-14,381.6,34.21,True,1.0
4,Ghaziabad,4,Cauliflower,2026-05-15,325.1,35.88,True,1.0
4,Ghaziabad,4,Cauliflower,2026-05-16,464.1,34.12,True,1.0
4,Ghaziabad,4,Cauliflower,2026-05-17,238.8,32.81,True,1.0
4,Ghaziabad,4,Cauliflower,2026-05-18,328.4,31.45,True,1.0
4,Ghaziabad,4,Cauliflower,2026-05-19,368.4,32.46,True,1.0
4,Ghaziabad,4,Cauliflower,2026-05-20,381.7,31.54,True,1.0
4,Ghaziabad,4,Cauliflower,2026-05-21,420.2,33.58,True,1.0
4,Ghaziabad,4,Cauliflower,2026-05-22,336.8,35.55,True,1.0
4,Ghaziabad,4,Cauliflower,2026-05-23,417.6,35.17,True,1.0
4,Ghaziabad,4,Cauliflower,2026-05-24,305.8,37.53,True,1.0
4,Ghaziabad,4,Cauliflower,2026-05-25,287.8,36.93,True,1.0
4,Ghaziabad,4,Cauliflower,2026-05-26,314.6,35.76,True,1.0
4,Ghaziabad,4,Cauliflower,2026-05-27,301.4,34.95,True,1.0
4,Ghaziabad,4,Cauliflower,2026-05-28,290.9,36.38,True,1.0
4,Ghaziabad,4,Cauliflower,2026-05-29,308.0,36.73,True,1.0
4,Ghaziabad,4,Cauliflower,2026-05-30,354.1,34.12,True,1.0
4,Ghaziabad,4,Cauliflower,2026-05-31,207.7,32.55,True,1.0
4,Ghaziabad,4,Cauliflower,2026-06-01,406.9,31.86,True,1.0
4,Ghaziabad,4,Cauliflower,2026-06-02,277.3,32.18,True,1.0
4,Ghaziabad,4,Cauliflower,2026-06-03,290.3,31.77,True,1.0
4,Ghaziabad,4,Cauliflower,2026-06-04,387.5,31.96,True,1.0
4,Ghaziabad,4,Cauliflower,2026-06-05,373.8,32.04,True,1.0
4,Ghaziabad,4,Cauliflower,2026-06-06,364.7,31.83,True,1.0
4,Ghaziabad,4,Cauliflower,2026-06-07,244.3,34.75,True,1.0
4,Ghaziabad,4,Cauliflower,2026-06-08,324.5,36.21,True,1.0
4,Ghaziabad,4,Cauliflower,2026-06-09,297.2,37.66,True,1.0
4,Ghaziabad,4,Cauliflower,2026-06-10,255.0,38.59,True,1.0
4,Ghaziabad,4,Cauliflower,2026-06-11,295.0,37.33,True,1.0
4,Ghaziabad,4,Cauliflower,2026-06-12,328.3,36.66,True,1.0
4,Ghaziabad,4,Cauliflower,2026-06-13,379.7,35.14,True,1.0
4,Ghaziabad,4,Cauliflower,2026-06-14,229.7,35.17,True,1.0
4,Ghaziabad,4,Cauliflower,2026-06-15,292.4,34.04,True,1.0
4,Ghaziabad,4,Cauliflower,2026-06-17,291.4,32.56,True,1.0
4,Ghaziabad,4,Cauliflower,2026-06-18,380.6,34.0,True,1.0
4,Ghaziabad,4,Cauliflower,2026-06-19,307.2,34.28,True,1.0
4,Ghaziabad,4,Cauliflower,2026-06-20,262.8,34.96,True,1.0
4,Ghaziabad,4,Cauliflower,2026-06-21,206.6,34.85,True,1.0
4,Ghaziabad,4,Cauliflower,2026-06-22,272.4,33.84,True,1.0
4,Ghaziabad,4,Cauliflower,2026-06-23,303.8,34.53,True,1.0
4,Ghaziabad,4,Cauliflower,2026-06-24,256.9,34.59,True,1.0
4,Ghaziabad,4,Cauliflower,2026-06-25,273.4,35.85,True,1.0
4,Ghaziabad,4,Cauliflower,2026-06-26,269.5,36.78,True,1.0
4,Ghaziabad,4,Cauliflower,2026-06-27,260.5,35.71,True,1.0
4,Ghaziabad,4,Cauliflower,2026-06-28,231.7,35.38,True,1.0
4,Ghaziabad,4,Cauliflower,2026-06-29,314.2,34.13,True,1.0
4,Ghaziabad,4,Cauliflower,2026-06-30,296.6,33.3,True,1.0
4,Ghaziabad,4,Cauliflower,2026-07-01,242.0,32.98,True,1.0
4,Ghaziabad,4,Cauliflower,2026-07-02,277.9,33.76,True,1.0
4,Ghaziabad,4,Cauliflower,2026-07-03,269.1,33.32,True,1.0
4,Ghaziabad,4,Cauliflower,2026-07-04,345.1,35.0,True,1.0
4,Ghaziabad,4,Cauliflower,2026-07-05,219.9,35.12,True,1.0
4,Ghaziabad,4,Cauliflower,2026-07-06,222.2,34.45,True,1.0
4,Ghaziabad,4,Cauliflower,2026-07-07,209.6,35.23,True,1.0
4,Ghaziabad,4,Cauliflower,2026-07-08,282.2,34.03,True,1.0
4,Ghaziabad,4,Cauliflower,2026-07-09,279.8,33.27,True,1.0
4,Ghaziabad,4,Cauliflower,2026-07-10,275.0,34.65,True,1.0
4,Ghaziabad,4,Cauliflower,2026-07-11,252.5,33.02,True,1.0
4,Ghaziabad,4,Cauliflower,2026-07-12,214.8,32.98,True,1.0
4,Ghaziabad,4,Cauliflower,2026-07-13,242.1,32.72,True,1.0
4,Ghaziabad,4,Cauliflower,2026-07-14,221.7,32.18,True,1.0
4,Ghaziabad,4,Cauliflower,2026-07-15,230.1,33.39,True,1.0
4,Ghaziabad,4,Cauliflower,2026-07-16,273.8,34.12,True,1.0
4,Ghaziabad,4,Cauliflower,2026-07-17,267.2,34.43,True,1.0
4,Ghaziabad,4,Cauliflower,2026-07-18,354.6,33.98,True,1.0
4,Ghaziabad,4,Cauliflower,2026-07-19,194.1,34.25,True,1.0
4,Ghaziabad,4,Cauliflower,2026-07-20,215.4,31.9,True,1.0
4,Ghaziabad,4,Cauliflower,2026-07-21,236.9,31.75,True,1.0
4,Ghaziabad,4,Cauliflower,2026-07-22,281.2,32.02,True,1.0
4,Ghaziabad,4,Cauliflower,2026-07-23,271.1,31.62,True,1.0
4,Ghaziabad,4,Cauliflower,2026-07-24,279.8,32.01,True,1.0
4,Ghaziabad,4,Cauliflower,2026-07-25,231.5,34.35,True,1.0
4,Ghaziabad,4,Cauliflower,2026-07-26,164.3,33.79,True,1.0
4,Ghaziabad,4,Cauliflower,2026-07-27,249.8,33.66,True,1.0
4,Ghaziabad,4,Cauliflower,2026-07-28,232.0,33.35,True,1.0
4,Ghaziabad,4,Cauliflower,2026-07-29,190.2,31.8,True,1.0
4,Ghaziabad,4,Cauliflower,2026-07-30,210.2,30.47,True,1.0
4,Ghaziabad,4,Cauliflower,2026-07-31,261.2,29.44,True,1.0
4,Ghaziabad,4,Cauliflower,2026-08-01,263.2,30.31,True,1.0
4,Ghaziabad,4,Cauliflower,2026-08-02,159.1,28.93,True,1.0
4,Ghaziabad,4,Cauliflower,2026-08-03,214.9,30.2,True,1.0
4,Ghaziabad,4,Cauliflower,2026-08-04,392.9,30.35,True,1.0
4,Ghaziabad,4,Cauliflower,2026-08-05,192.0,30.99,True,1.0
4,Ghaziabad,4,Cauliflower,2026-08-06,228.2,29.87,True,1.0
4,Ghaziabad,4,Cauliflower,2026-08-07,212.2,31.56,True,1.0
4,Ghaziabad,4,Cauliflower,2026-08-08,298.3,31.3,True,1.0
4,Ghaziabad,4,Cauliflower,2026-08-09,154.3,29.5,True,1.0
4,Ghaziabad,4,Cauliflower,2026-08-10,215.6,30.91,True,1.0
4,Ghaziabad,4,Cauliflower,2026-08-11,219.8,29.7,True,1.0
4,Ghaziabad,4,Cauliflower,2026-08-12,239.1,28.89,True,1.0
4,Ghaziabad,4,Cauliflower,2026-08-13,229.0,28.33,True,1.0
4,Ghaziabad,4,Cauliflower,2026-08-14,251.0,28.63,True,1.0
4,Ghaziabad,4,Cauliflower,2026-08-15,215.4,29.55,True,1.0
4,Ghaziabad,4,Cauliflower,2026-08-16,191.1,30.16,True,1.0
4,Ghaziabad,4,Cauliflower,2026-08-17,181.4,32.32,True,1.0
4,Ghaziabad,4,Cauliflower,2026-08-18,206.8,30.94,True,1.0
4,Ghaziabad,4,Cauliflower,2026-08-19,210.4,30.15,True,1.0
4,Ghaziabad,4,Cauliflower,2026-08-20,191.2,28.82,True,1.0
4,Ghaziabad,4,Cauliflower,2026-08-21,212.8,28.1,True,1.0
4,Ghaziabad,4,Cauliflower,2026-08-22,252.8,29.38,True,1.0
4,Ghaziabad,4,Cauliflower,2026-08-23,183.8,28.9,True,1.0
4,Ghaziabad,4,Cauliflower,2026-08-24,202.1,29.33,True,1.0
4,Ghaziabad,4,Cauliflower,2026-08-25,225.0,29.24,True,1.0
4,Ghaziabad,4,Cauliflower,2026-08-26,210.2,28.26,True,1.0
4,Ghaziabad,4,Cauliflower,2026-08-27,232.8,27.73,True,1.0
4,Ghaziabad,4,Cauliflower,2026-08-28,221.9,26.53,True,1.0
4,Ghaziabad,4,Cauliflower,2026-08-29,285.1,26.94,True,1.0
4,Ghaziabad,4,Cauliflower,2026-08-30,162.2,27.42,True,1.0
4,Ghaziabad,4,Cauliflower,2026-08-31,222.4,27.43,True,1.0
4,Ghaziabad,4,Cauliflower,2026-09-01,173.4,28.43,True,1.0
4,Ghaziabad,4,Cauliflower,2026-09-02,227.3,27.25,True,1.0
4,Ghaziabad,4,Cauliflower,2026-09-03,308.5,27.48,True,1.0
4,Ghaziabad,4,Cauliflower,2026-09-04,225.9,26.79,True,1.0
4,Ghaziabad,4,Cauliflower,2026-09-05,241.0,27.34,True,1.0
4,Ghaziabad,4,Cauliflower,2026-09-06,159.7,26.7,True,1.0
4,Ghaziabad,4,Cauliflower,2026-09-07,219.9,27.55,True,1.0
4,Ghaziabad,4,Cauliflower,2026-09-08,227.8,27.98,True,1.0
4,Ghaziabad,4,Cauliflower,2026-09-09,175.7,28.0,True,1.0
4,Ghaziabad,4,Cauliflower,2026-09-10,208.2,27.92,True,1.0
4,Ghaziabad,4,Cauliflower,2026-09-11,185.0,27.85,True,1.0
4,Ghaziabad,4,Cauliflower,2026-09-12,256.1,27.81,True,1.0
4,Ghaziabad,4,Cauliflower,2026-09-13,211.2,27.89,True,1.0
4,Ghaziabad,4,Cauliflower,2026-09-14,179.1,27.22,True,1.0
4,Ghaziabad,4,Cauliflower,2026-09-15,237.4,26.15,True,1.0
4,Ghaziabad,4,Cauliflower,2026-09-16,205.8,26.18,True,1.0
4,Ghaziabad,4,Cauliflower,2026-09-17,215.3,26.59,True,1.0
4,Ghaziabad,4,Cauliflower,2026-09-18,249.1,26.84,True,1.0
4,Ghaziabad,4,Cauliflower,2026-09-19,297.5,27.94,True,1.0
4,Ghaziabad,4,Cauliflower,2026-09-20,308.1,26.93,True,1.0
4,Ghaziabad,4,Cauliflower,2026-09-21,185.5,25.54,True,1.0
4,Ghaziabad,4,Cauliflower,2026-09-22,278.6,25.2,True,1.0
4,Ghaziabad,4,Cauliflower,2026-09-23,225.2,25.2,True,1.0
4,Ghaziabad,4,Cauliflower,2026-09-24,388.7,25.2,True,1.0
4,Ghaziabad,4,Cauliflower,2026-09-25,289.1,25.2,True,1.0
4,Ghaziabad,4,Cauliflower,2026-09-26,280.5,25.2,True,1.0
4,Ghaziabad,4,Cauliflower,2026-09-27,223.0,25.2,True,1.0
4,Ghaziabad,4,Cauliflower,2026-09-28,228.3,25.2,True,1.0
4,Ghaziabad,4,Cauliflower,2026-09-29,233.2,25.2,True,1.0
4,Ghaziabad,4,Cauliflower,2026-09-30,257.1,25.2,True,1.0
4,Ghaziabad,5,Green Chilli,2024-10-01,142.3,44.22,True,1.0
4,Ghaziabad,5,Green Chilli,2024-10-02,140.6,43.06,True,1.0
4,Ghaziabad,5,Green Chilli,2024-10-03,122.2,43.08,True,1.0
4,Ghaziabad,5,Green Chilli,2024-10-04,137.4,43.96,True,1.0
4,Ghaziabad,5,Green Chilli,2024-10-05,127.9,44.16,True,1.0
4,Ghaziabad,5,Green Chilli,2024-10-06,104.6,46.18,True,1.0
4,Ghaziabad,5,Green Chilli,2024-10-07,122.9,43.88,True,1.0
4,Ghaziabad,5,Green Chilli,2024-10-08,121.8,42.12,True,1.0
4,Ghaziabad,5,Green Chilli,2024-10-09,155.6,43.71,True,1.0
4,Ghaziabad,5,Green Chilli,2024-10-10,128.3,44.42,True,1.0
4,Ghaziabad,5,Green Chilli,2024-10-11,96.2,43.82,True,1.0
4,Ghaziabad,5,Green Chilli,2024-10-12,160.1,45.51,True,1.0
4,Ghaziabad,5,Green Chilli,2024-10-13,103.1,44.5,True,1.0
4,Ghaziabad,5,Green Chilli,2024-10-14,101.0,45.32,True,1.0
4,Ghaziabad,5,Green Chilli,2024-10-15,194.2,45.04,True,1.0
4,Ghaziabad,5,Green Chilli,2024-10-16,131.4,44.11,True,1.0
4,Ghaziabad,5,Green Chilli,2024-10-17,177.7,43.95,True,1.0
4,Ghaziabad,5,Green Chilli,2024-10-18,120.9,45.91,True,1.0
4,Ghaziabad,5,Green Chilli,2024-10-19,170.1,45.31,True,1.0
4,Ghaziabad,5,Green Chilli,2024-10-20,108.3,47.42,True,1.0
4,Ghaziabad,5,Green Chilli,2024-10-21,123.4,47.14,True,1.0
4,Ghaziabad,5,Green Chilli,2024-10-22,141.3,46.42,True,1.0
4,Ghaziabad,5,Green Chilli,2024-10-23,124.4,44.99,True,1.0
4,Ghaziabad,5,Green Chilli,2024-10-24,122.9,46.21,True,1.0
4,Ghaziabad,5,Green Chilli,2024-10-25,144.7,46.49,True,1.0
4,Ghaziabad,5,Green Chilli,2024-10-26,171.1,46.34,True,1.0
4,Ghaziabad,5,Green Chilli,2024-10-27,97.0,46.5,True,1.0
4,Ghaziabad,5,Green Chilli,2024-10-28,110.1,46.35,True,1.0
4,Ghaziabad,5,Green Chilli,2024-10-29,128.3,44.88,True,1.0
4,Ghaziabad,5,Green Chilli,2024-10-30,113.5,46.29,True,1.0
4,Ghaziabad,5,Green Chilli,2024-10-31,125.8,48.99,True,1.0
4,Ghaziabad,5,Green Chilli,2024-11-01,120.0,50.77,True,1.0
4,Ghaziabad,5,Green Chilli,2024-11-02,143.9,49.78,True,1.0
4,Ghaziabad,5,Green Chilli,2024-11-03,105.4,48.63,True,1.0
4,Ghaziabad,5,Green Chilli,2024-11-04,127.4,48.33,True,1.0
4,Ghaziabad,5,Green Chilli,2024-11-05,132.1,47.19,True,1.0
4,Ghaziabad,5,Green Chilli,2024-11-06,96.8,47.66,True,1.0
4,Ghaziabad,5,Green Chilli,2024-11-07,115.3,48.14,True,1.0
4,Ghaziabad,5,Green Chilli,2024-11-08,139.4,46.38,True,1.0
4,Ghaziabad,5,Green Chilli,2024-11-09,122.8,46.35,True,1.0
4,Ghaziabad,5,Green Chilli,2024-11-10,100.7,47.98,True,1.0
4,Ghaziabad,5,Green Chilli,2024-11-11,117.2,49.22,True,1.0
4,Ghaziabad,5,Green Chilli,2024-11-12,126.1,47.14,True,1.0
4,Ghaziabad,5,Green Chilli,2024-11-13,127.0,48.95,True,1.0
4,Ghaziabad,5,Green Chilli,2024-11-14,119.5,48.34,True,1.0
4,Ghaziabad,5,Green Chilli,2024-11-15,136.1,48.3,True,1.0
4,Ghaziabad,5,Green Chilli,2024-11-16,144.2,48.11,True,1.0
4,Ghaziabad,5,Green Chilli,2024-11-17,90.7,45.41,True,1.0
4,Ghaziabad,5,Green Chilli,2024-11-18,128.3,46.9,True,1.0
4,Ghaziabad,5,Green Chilli,2024-11-19,116.0,45.3,True,1.0
4,Ghaziabad,5,Green Chilli,2024-11-20,125.6,47.43,True,1.0
4,Ghaziabad,5,Green Chilli,2024-11-21,123.5,46.11,True,1.0
4,Ghaziabad,5,Green Chilli,2024-11-22,125.9,48.39,True,1.0
4,Ghaziabad,5,Green Chilli,2024-11-23,112.2,48.9,True,1.0
4,Ghaziabad,5,Green Chilli,2024-11-24,82.3,49.82,True,1.0
4,Ghaziabad,5,Green Chilli,2024-11-25,141.7,48.63,True,1.0
4,Ghaziabad,5,Green Chilli,2024-11-26,108.8,46.36,True,1.0
4,Ghaziabad,5,Green Chilli,2024-11-27,133.9,45.94,True,1.0
4,Ghaziabad,5,Green Chilli,2024-11-28,130.9,47.39,True,1.0
4,Ghaziabad,5,Green Chilli,2024-11-29,150.9,48.65,True,1.0
4,Ghaziabad,5,Green Chilli,2024-11-30,148.0,47.74,True,1.0
4,Ghaziabad,5,Green Chilli,2024-12-01,102.6,50.17,True,1.0
4,Ghaziabad,5,Green Chilli,2024-12-02,99.4,50.01,True,1.0
4,Ghaziabad,5,Green Chilli,2024-12-03,144.4,47.66,True,1.0
4,Ghaziabad,5,Green Chilli,2024-12-04,96.5,48.69,True,1.0
4,Ghaziabad,5,Green Chilli,2024-12-05,104.1,47.99,True,1.0
4,Ghaziabad,5,Green Chilli,2024-12-06,133.2,49.74,True,1.0
4,Ghaziabad,5,Green Chilli,2024-12-07,252.0,50.16,True,1.0
4,Ghaziabad,5,Green Chilli,2024-12-08,95.9,50.37,True,1.0
4,Ghaziabad,5,Green Chilli,2024-12-09,107.2,49.91,True,1.0
4,Ghaziabad,5,Green Chilli,2024-12-10,116.7,51.64,True,1.0
4,Ghaziabad,5,Green Chilli,2024-12-11,127.2,49.93,True,1.0
4,Ghaziabad,5,Green Chilli,2024-12-12,136.0,50.55,True,1.0
4,Ghaziabad,5,Green Chilli,2024-12-13,97.9,50.57,True,1.0
4,Ghaziabad,5,Green Chilli,2024-12-14,148.3,49.08,True,1.0
4,Ghaziabad,5,Green Chilli,2024-12-15,119.3,49.4,True,1.0
4,Ghaziabad,5,Green Chilli,2024-12-16,120.2,48.43,True,1.0
4,Ghaziabad,5,Green Chilli,2024-12-17,103.0,52.03,True,1.0
4,Ghaziabad,5,Green Chilli,2024-12-18,116.4,53.14,True,1.0
4,Ghaziabad,5,Green Chilli,2024-12-19,125.1,50.02,True,1.0
4,Ghaziabad,5,Green Chilli,2024-12-20,139.2,49.6,True,1.0
4,Ghaziabad,5,Green Chilli,2024-12-21,152.2,50.84,True,1.0
4,Ghaziabad,5,Green Chilli,2024-12-22,87.4,52.58,True,1.0
4,Ghaziabad,5,Green Chilli,2024-12-24,103.9,55.58,True,1.0
4,Ghaziabad,5,Green Chilli,2024-12-25,107.2,54.36,True,1.0
4,Ghaziabad,5,Green Chilli,2024-12-26,134.4,55.32,True,1.0
4,Ghaziabad,5,Green Chilli,2024-12-27,120.3,52.24,True,1.0
4,Ghaziabad,5,Green Chilli,2024-12-28,102.1,53.2,True,1.0
4,Ghaziabad,5,Green Chilli,2024-12-29,94.3,52.24,True,1.0
4,Ghaziabad,5,Green Chilli,2024-12-30,74.6,51.69,True,1.0
4,Ghaziabad,5,Green Chilli,2024-12-31,112.7,53.6,True,1.0
4,Ghaziabad,5,Green Chilli,2025-01-01,107.2,54.32,True,1.0
4,Ghaziabad,5,Green Chilli,2025-01-02,92.2,53.1,True,1.0
4,Ghaziabad,5,Green Chilli,2025-01-03,117.1,56.5,True,1.0
4,Ghaziabad,5,Green Chilli,2025-01-04,129.2,56.87,True,1.0
4,Ghaziabad,5,Green Chilli,2025-01-05,74.1,54.43,True,1.0
4,Ghaziabad,5,Green Chilli,2025-01-06,101.5,49.88,True,1.0
4,Ghaziabad,5,Green Chilli,2025-01-07,97.4,50.69,True,1.0
4,Ghaziabad,5,Green Chilli,2025-01-08,106.5,50.3,True,1.0
4,Ghaziabad,5,Green Chilli,2025-01-09,100.2,49.7,True,1.0
4,Ghaziabad,5,Green Chilli,2025-01-10,132.0,49.47,True,1.0
4,Ghaziabad,5,Green Chilli,2025-01-11,96.4,50.23,True,1.0
4,Ghaziabad,5,Green Chilli,2025-01-12,84.1,52.48,True,1.0
4,Ghaziabad,5,Green Chilli,2025-01-13,80.0,50.69,True,1.0
4,Ghaziabad,5,Green Chilli,2025-01-14,112.5,50.77,True,1.0
4,Ghaziabad,5,Green Chilli,2025-01-15,107.5,50.64,True,1.0
4,Ghaziabad,5,Green Chilli,2025-01-16,95.5,49.65,True,1.0
4,Ghaziabad,5,Green Chilli,2025-01-17,132.6,50.55,True,1.0
4,Ghaziabad,5,Green Chilli,2025-01-18,114.1,53.4,True,1.0
4,Ghaziabad,5,Green Chilli,2025-01-19,83.3,53.7,True,1.0
4,Ghaziabad,5,Green Chilli,2025-01-20,106.2,53.06,True,1.0
4,Ghaziabad,5,Green Chilli,2025-01-21,95.7,51.86,True,1.0
4,Ghaziabad,5,Green Chilli,2025-01-22,102.2,51.74,True,1.0
4,Ghaziabad,5,Green Chilli,2025-01-23,122.1,49.12,True,1.0
4,Ghaziabad,5,Green Chilli,2025-01-24,101.0,49.65,True,1.0
4,Ghaziabad,5,Green Chilli,2025-01-25,109.8,49.83,True,1.0
4,Ghaziabad,5,Green Chilli,2025-01-26,87.6,50.92,True,1.0
4,Ghaziabad,5,Green Chilli,2025-01-27,77.3,52.39,True,1.0
4,Ghaziabad,5,Green Chilli,2025-01-28,107.3,53.12,True,1.0
4,Ghaziabad,5,Green Chilli,2025-01-29,98.2,52.31,True,1.0
4,Ghaziabad,5,Green Chilli,2025-01-30,118.8,51.17,True,1.0
4,Ghaziabad,5,Green Chilli,2025-01-31,117.9,50.22,True,1.0
4,Ghaziabad,5,Green Chilli,2025-02-01,117.7,49.34,True,1.0
4,Ghaziabad,5,Green Chilli,2025-02-02,72.4,48.95,True,1.0
4,Ghaziabad,5,Green Chilli,2025-02-03,99.8,49.36,True,1.0
4,Ghaziabad,5,Green Chilli,2025-02-04,108.3,48.11,True,1.0
4,Ghaziabad,5,Green Chilli,2025-02-05,122.5,49.54,True,1.0
4,Ghaziabad,5,Green Chilli,2025-02-06,99.1,49.76,True,1.0
4,Ghaziabad,5,Green Chilli,2025-02-07,119.2,48.88,True,1.0
4,Ghaziabad,5,Green Chilli,2025-02-08,117.5,48.53,True,1.0
4,Ghaziabad,5,Green Chilli,2025-02-09,83.9,50.36,True,1.0
4,Ghaziabad,5,Green Chilli,2025-02-10,108.8,51.76,True,1.0
4,Ghaziabad,5,Green Chilli,2025-02-11,90.7,55.03,True,1.0
4,Ghaziabad,5,Green Chilli,2025-02-12,86.9,54.51,True,1.0
4,Ghaziabad,5,Green Chilli,2025-02-13,81.8,52.25,True,1.0
4,Ghaziabad,5,Green Chilli,2025-02-14,105.5,50.64,True,1.0
4,Ghaziabad,5,Green Chilli,2025-02-15,94.5,51.12,True,1.0
4,Ghaziabad,5,Green Chilli,2025-02-16,80.3,52.06,True,1.0
4,Ghaziabad,5,Green Chilli,2025-02-17,98.5,53.62,True,1.0
4,Ghaziabad,5,Green Chilli,2025-02-18,98.3,51.27,True,1.0
4,Ghaziabad,5,Green Chilli,2025-02-19,90.7,51.07,True,1.0
4,Ghaziabad,5,Green Chilli,2025-02-20,101.1,49.11,True,1.0
4,Ghaziabad,5,Green Chilli,2025-02-21,112.6,49.91,True,1.0
4,Ghaziabad,5,Green Chilli,2025-02-22,132.6,48.49,True,1.0
4,Ghaziabad,5,Green Chilli,2025-02-23,81.5,50.97,True,1.0
4,Ghaziabad,5,Green Chilli,2025-02-24,91.0,49.5,True,1.0
4,Ghaziabad,5,Green Chilli,2025-02-25,83.8,50.43,True,1.0
4,Ghaziabad,5,Green Chilli,2025-02-26,88.7,50.41,True,1.0
4,Ghaziabad,5,Green Chilli,2025-02-27,110.7,50.23,True,1.0
4,Ghaziabad,5,Green Chilli,2025-02-28,105.0,47.49,True,1.0
4,Ghaziabad,5,Green Chilli,2025-03-01,100.3,47.94,True,1.0
4,Ghaziabad,5,Green Chilli,2025-03-02,76.1,47.02,True,1.0
4,Ghaziabad,5,Green Chilli,2025-03-03,80.2,46.89,True,1.0
4,Ghaziabad,5,Green Chilli,2025-03-04,76.9,48.23,True,1.0
4,Ghaziabad,5,Green Chilli,2025-03-05,81.8,52.4,True,1.0
4,Ghaziabad,5,Green Chilli,2025-03-06,134.6,54.22,True,1.0
4,Ghaziabad,5,Green Chilli,2025-03-07,83.8,53.36,True,1.0
4,Ghaziabad,5,Green Chilli,2025-03-08,96.0,52.53,True,1.0
4,Ghaziabad,5,Green Chilli,2025-03-09,79.3,50.86,True,1.0
4,Ghaziabad,5,Green Chilli,2025-03-10,78.2,48.78,True,1.0
4,Ghaziabad,5,Green Chilli,2025-03-11,77.9,49.34,True,1.0
4,Ghaziabad,5,Green Chilli,2025-03-12,103.6,48.46,True,1.0
4,Ghaziabad,5,Green Chilli,2025-03-13,84.0,50.93,True,1.0
4,Ghaziabad,5,Green Chilli,2025-03-14,106.8,53.3,True,1.0
4,Ghaziabad,5,Green Chilli,2025-03-15,80.6,54.98,True,1.0
4,Ghaziabad,5,Green Chilli,2025-03-16,80.3,51.87,True,1.0
4,Ghaziabad,5,Green Chilli,2025-03-17,91.8,49.96,True,1.0
4,Ghaziabad,5,Green Chilli,2025-03-18,75.2,47.66,True,1.0
4,Ghaziabad,5,Green Chilli,2025-03-19,82.4,48.6,True,1.0
4,Ghaziabad,5,Green Chilli,2025-03-20,103.0,47.18,True,1.0
4,Ghaziabad,5,Green Chilli,2025-03-21,71.3,46.5,True,1.0
4,Ghaziabad,5,Green Chilli,2025-03-22,97.2,45.64,True,1.0
4,Ghaziabad,5,Green Chilli,2025-03-23,114.7,45.44,True,1.0
4,Ghaziabad,5,Green Chilli,2025-03-25,73.6,44.67,True,1.0
4,Ghaziabad,5,Green Chilli,2025-03-26,102.6,46.08,True,1.0
4,Ghaziabad,5,Green Chilli,2025-03-27,84.7,45.31,True,1.0
4,Ghaziabad,5,Green Chilli,2025-03-28,96.2,48.96,True,1.0
4,Ghaziabad,5,Green Chilli,2025-03-29,103.7,49.46,True,1.0
4,Ghaziabad,5,Green Chilli,2025-03-30,55.9,47.23,True,1.0
4,Ghaziabad,5,Green Chilli,2025-03-31,99.6,46.23,True,1.0
4,Ghaziabad,5,Green Chilli,2025-04-01,97.2,45.57,True,1.0
4,Ghaziabad,5,Green Chilli,2025-04-02,64.5,47.35,True,1.0
4,Ghaziabad,5,Green Chilli,2025-04-03,76.3,49.36,True,1.0
4,Ghaziabad,5,Green Chilli,2025-04-04,91.2,48.6,True,1.0
4,Ghaziabad,5,Green Chilli,2025-04-05,118.1,47.64,True,1.0
4,Ghaziabad,5,Green Chilli,2025-04-06,58.8,48.56,True,1.0
4,Ghaziabad,5,Green Chilli,2025-04-07,84.3,47.77,True,1.0
4,Ghaziabad,5,Green Chilli,2025-04-08,92.0,47.8,True,1.0
4,Ghaziabad,5,Green Chilli,2025-04-09,82.6,47.44,True,1.0
4,Ghaziabad,5,Green Chilli,2025-04-10,82.0,45.82,True,1.0
4,Ghaziabad,5,Green Chilli,2025-04-11,81.5,47.52,True,1.0
4,Ghaziabad,5,Green Chilli,2025-04-12,73.7,46.07,True,1.0
4,Ghaziabad,5,Green Chilli,2025-04-13,77.7,48.42,True,1.0
4,Ghaziabad,5,Green Chilli,2025-04-14,117.4,49.03,True,1.0
4,Ghaziabad,5,Green Chilli,2025-04-15,92.6,48.05,True,1.0
4,Ghaziabad,5,Green Chilli,2025-04-16,77.7,45.44,True,1.0
4,Ghaziabad,5,Green Chilli,2025-04-17,94.3,47.46,True,1.0
4,Ghaziabad,5,Green Chilli,2025-04-18,95.4,47.03,True,1.0
4,Ghaziabad,5,Green Chilli,2025-04-19,94.7,47.48,True,1.0
4,Ghaziabad,5,Green Chilli,2025-04-20,72.3,48.56,True,1.0
4,Ghaziabad,5,Green Chilli,2025-04-21,84.1,45.77,True,1.0
4,Ghaziabad,5,Green Chilli,2025-04-22,86.9,45.78,True,1.0
4,Ghaziabad,5,Green Chilli,2025-04-23,86.0,44.8,True,1.0
4,Ghaziabad,5,Green Chilli,2025-04-24,103.8,44.98,True,1.0
4,Ghaziabad,5,Green Chilli,2025-04-25,122.9,45.24,True,1.0
4,Ghaziabad,5,Green Chilli,2025-04-26,113.3,42.73,True,1.0
4,Ghaziabad,5,Green Chilli,2025-04-27,69.6,42.74,True,1.0
4,Ghaziabad,5,Green Chilli,2025-04-28,99.6,43.11,True,1.0
4,Ghaziabad,5,Green Chilli,2025-04-29,81.0,41.71,True,1.0
4,Ghaziabad,5,Green Chilli,2025-04-30,93.2,41.33,True,1.0
4,Ghaziabad,5,Green Chilli,2025-05-01,76.5,42.06,True,1.0
4,Ghaziabad,5,Green Chilli,2025-05-02,81.4,43.23,True,1.0
4,Ghaziabad,5,Green Chilli,2025-05-03,93.9,43.01,True,1.0
4,Ghaziabad,5,Green Chilli,2025-05-04,82.7,42.15,True,1.0
4,Ghaziabad,5,Green Chilli,2025-05-05,86.6,41.17,True,1.0
4,Ghaziabad,5,Green Chilli,2025-05-06,99.7,41.22,True,1.0
4,Ghaziabad,5,Green Chilli,2025-05-07,78.2,40.71,True,1.0
4,Ghaziabad,5,Green Chilli,2025-05-08,91.4,41.97,True,1.0
4,Ghaziabad,5,Green Chilli,2025-05-09,95.6,42.43,True,1.0
4,Ghaziabad,5,Green Chilli,2025-05-10,116.0,41.63,True,1.0
4,Ghaziabad,5,Green Chilli,2025-05-11,80.7,42.1,True,1.0
4,Ghaziabad,5,Green Chilli,2025-05-12,77.8,45.02,True,1.0
4,Ghaziabad,5,Green Chilli,2025-05-13,86.0,45.08,True,1.0
4,Ghaziabad,5,Green Chilli,2025-05-14,86.6,44.45,True,1.0
4,Ghaziabad,5,Green Chilli,2025-05-15,100.5,44.57,True,1.0
4,Ghaziabad,5,Green Chilli,2025-05-16,114.5,45.33,True,1.0
4,Ghaziabad,5,Green Chilli,2025-05-17,114.2,42.33,True,1.0
4,Ghaziabad,5,Green Chilli,2025-05-18,88.5,41.6,True,1.0
4,Ghaziabad,5,Green Chilli,2025-05-19,98.8,40.85,True,1.0
4,Ghaziabad,5,Green Chilli,2025-05-20,101.0,40.28,True,1.0
4,Ghaziabad,5,Green Chilli,2025-05-21,107.5,43.12,True,1.0
4,Ghaziabad,5,Green Chilli,2025-05-22,102.7,43.18,True,1.0
4,Ghaziabad,5,Green Chilli,2025-05-23,110.9,43.94,True,1.0
4,Ghaziabad,5,Green Chilli,2025-05-24,130.8,43.43,True,1.0
4,Ghaziabad,5,Green Chilli,2025-05-25,129.5,46.18,True,1.0
4,Ghaziabad,5,Green Chilli,2025-05-26,91.7,42.05,True,1.0
4,Ghaziabad,5,Green Chilli,2025-05-27,82.3,41.11,True,1.0
4,Ghaziabad,5,Green Chilli,2025-05-28,92.5,40.49,True,1.0
4,Ghaziabad,5,Green Chilli,2025-05-29,81.3,40.14,True,1.0
4,Ghaziabad,5,Green Chilli,2025-05-30,86.0,41.34,True,1.0
4,Ghaziabad,5,Green Chilli,2025-05-31,115.0,41.2,True,1.0
4,Ghaziabad,5,Green Chilli,2025-06-01,92.1,41.74,True,1.0
4,Ghaziabad,5,Green Chilli,2025-06-02,95.0,42.57,True,1.0
4,Ghaziabad,5,Green Chilli,2025-06-03,110.7,42.15,True,1.0
4,Ghaziabad,5,Green Chilli,2025-06-04,85.4,42.43,True,1.0
4,Ghaziabad,5,Green Chilli,2025-06-05,125.2,41.21,True,1.0
4,Ghaziabad,5,Green Chilli,2025-06-06,117.6,40.13,True,1.0
4,Ghaziabad,5,Green Chilli,2025-06-07,103.0,39.09,True,1.0
4,Ghaziabad,5,Green Chilli,2025-06-08,69.4,39.44,True,1.0
4,Ghaziabad,5,Green Chilli,2025-06-09,84.6,38.51,True,1.0
4,Ghaziabad,5,Green Chilli,2025-06-10,75.2,37.73,True,1.0
4,Ghaziabad,5,Green Chilli,2025-06-11,100.1,39.05,True,1.0
4,Ghaziabad,5,Green Chilli,2025-06-12,102.0,38.21,True,1.0
4,Ghaziabad,5,Green Chilli,2025-06-13,115.1,39.27,True,1.0
4,Ghaziabad,5,Green Chilli,2025-06-14,127.0,39.0,True,1.0
4,Ghaziabad,5,Green Chilli,2025-06-15,89.8,38.52,True,1.0
4,Ghaziabad,5,Green Chilli,2025-06-16,107.2,39.83,True,1.0
4,Ghaziabad,5,Green Chilli,2025-06-17,96.9,40.85,True,1.0
4,Ghaziabad,5,Green Chilli,2025-06-18,101.0,40.65,True,1.0
4,Ghaziabad,5,Green Chilli,2025-06-19,101.4,41.9,True,1.0
4,Ghaziabad,5,Green Chilli,2025-06-20,116.2,39.17,True,1.0
4,Ghaziabad,5,Green Chilli,2025-06-21,104.7,40.42,True,1.0
4,Ghaziabad,5,Green Chilli,2025-06-22,85.3,39.14,True,1.0
4,Ghaziabad,5,Green Chilli,2025-06-23,101.9,38.89,True,1.0
4,Ghaziabad,5,Green Chilli,2025-06-24,86.6,39.36,True,1.0
4,Ghaziabad,5,Green Chilli,2025-06-25,108.8,38.5,True,1.0
4,Ghaziabad,5,Green Chilli,2025-06-26,128.4,38.61,True,1.0
4,Ghaziabad,5,Green Chilli,2025-06-27,129.8,38.26,True,1.0
4,Ghaziabad,5,Green Chilli,2025-06-28,116.3,38.22,True,1.0
4,Ghaziabad,5,Green Chilli,2025-06-29,86.4,40.82,True,1.0
4,Ghaziabad,5,Green Chilli,2025-06-30,87.7,38.16,True,1.0
4,Ghaziabad,5,Green Chilli,2025-07-01,116.0,38.14,True,1.0
4,Ghaziabad,5,Green Chilli,2025-07-02,94.3,38.79,True,1.0
4,Ghaziabad,5,Green Chilli,2025-07-03,113.1,37.57,True,1.0
4,Ghaziabad,5,Green Chilli,2025-07-04,109.4,37.75,True,1.0
4,Ghaziabad,5,Green Chilli,2025-07-05,137.4,38.39,True,1.0
4,Ghaziabad,5,Green Chilli,2025-07-06,84.3,38.9,True,1.0
4,Ghaziabad,5,Green Chilli,2025-07-07,100.6,39.79,True,1.0
4,Ghaziabad,5,Green Chilli,2025-07-08,116.1,40.73,True,1.0
4,Ghaziabad,5,Green Chilli,2025-07-09,123.7,39.74,True,1.0
4,Ghaziabad,5,Green Chilli,2025-07-10,96.7,39.53,True,1.0
4,Ghaziabad,5,Green Chilli,2025-07-11,122.7,37.72,True,1.0
4,Ghaziabad,5,Green Chilli,2025-07-12,128.6,37.96,True,1.0
4,Ghaziabad,5,Green Chilli,2025-07-13,90.9,36.63,True,1.0
4,Ghaziabad,5,Green Chilli,2025-07-14,117.9,37.25,True,1.0
4,Ghaziabad,5,Green Chilli,2025-07-15,108.6,38.57,True,1.0
4,Ghaziabad,5,Green Chilli,2025-07-16,109.1,39.07,True,1.0
4,Ghaziabad,5,Green Chilli,2025-07-17,103.3,39.06,True,1.0
4,Ghaziabad,5,Green Chilli,2025-07-18,129.1,39.86,True,1.0
4,Ghaziabad,5,Green Chilli,2025-07-19,168.8,40.74,True,1.0
4,Ghaziabad,5,Green Chilli,2025-07-20,81.1,39.18,True,1.0
4,Ghaziabad,5,Green Chilli,2025-07-21,110.5,40.39,True,1.0
4,Ghaziabad,5,Green Chilli,2025-07-22,120.3,39.03,True,1.0
4,Ghaziabad,5,Green Chilli,2025-07-23,100.0,38.45,True,1.0
4,Ghaziabad,5,Green Chilli,2025-07-24,137.0,39.35,True,1.0
4,Ghaziabad,5,Green Chilli,2025-07-25,106.8,39.38,True,1.0
4,Ghaziabad,5,Green Chilli,2025-07-26,133.2,39.18,True,1.0
4,Ghaziabad,5,Green Chilli,2025-07-27,80.3,39.26,True,1.0
4,Ghaziabad,5,Green Chilli,2025-07-28,137.3,40.63,True,1.0
4,Ghaziabad,5,Green Chilli,2025-07-29,99.6,40.17,True,1.0
4,Ghaziabad,5,Green Chilli,2025-07-30,99.9,40.64,True,1.0
4,Ghaziabad,5,Green Chilli,2025-07-31,102.8,40.95,True,1.0
4,Ghaziabad,5,Green Chilli,2025-08-01,137.3,42.82,True,1.0
4,Ghaziabad,5,Green Chilli,2025-08-02,120.8,43.31,True,1.0
4,Ghaziabad,5,Green Chilli,2025-08-03,104.3,42.82,True,1.0
4,Ghaziabad,5,Green Chilli,2025-08-04,127.6,42.52,True,1.0
4,Ghaziabad,5,Green Chilli,2025-08-05,143.2,41.66,True,1.0
4,Ghaziabad,5,Green Chilli,2025-08-06,135.5,40.69,True,1.0
4,Ghaziabad,5,Green Chilli,2025-08-07,125.4,40.21,True,1.0
4,Ghaziabad,5,Green Chilli,2025-08-08,112.8,39.94,True,1.0
4,Ghaziabad,5,Green Chilli,2025-08-09,181.1,39.22,True,1.0
4,Ghaziabad,5,Green Chilli,2025-08-10,96.4,38.78,True,1.0
4,Ghaziabad,5,Green Chilli,2025-08-11,120.4,38.88,True,1.0
4,Ghaziabad,5,Green Chilli,2025-08-12,137.1,38.67,True,1.0
4,Ghaziabad,5,Green Chilli,2025-08-13,133.2,38.69,True,1.0
4,Ghaziabad,5,Green Chilli,2025-08-14,132.9,38.74,True,1.0
4,Ghaziabad,5,Green Chilli,2025-08-15,147.0,40.01,True,1.0
4,Ghaziabad,5,Green Chilli,2025-08-16,126.0,40.8,True,1.0
4,Ghaziabad,5,Green Chilli,2025-08-17,116.4,41.66,True,1.0
4,Ghaziabad,5,Green Chilli,2025-08-18,111.3,42.55,True,1.0
4,Ghaziabad,5,Green Chilli,2025-08-19,98.9,40.85,True,1.0
4,Ghaziabad,5,Green Chilli,2025-08-20,114.8,40.58,True,1.0
4,Ghaziabad,5,Green Chilli,2025-08-21,119.5,40.72,True,1.0
4,Ghaziabad,5,Green Chilli,2025-08-22,134.5,41.01,True,1.0
4,Ghaziabad,5,Green Chilli,2025-08-23,137.9,41.32,True,1.0
4,Ghaziabad,5,Green Chilli,2025-08-24,108.1,42.65,True,1.0
4,Ghaziabad,5,Green Chilli,2025-08-25,117.9,41.24,True,1.0
4,Ghaziabad,5,Green Chilli,2025-08-26,130.3,41.21,True,1.0
4,Ghaziabad,5,Green Chilli,2025-08-27,141.0,39.54,True,1.0
4,Ghaziabad,5,Green Chilli,2025-08-28,153.0,40.27,True,1.0
4,Ghaziabad,5,Green Chilli,2025-08-29,162.9,38.53,True,1.0
4,Ghaziabad,5,Green Chilli,2025-08-30,158.8,39.53,True,1.0
4,Ghaziabad,5,Green Chilli,2025-08-31,129.1,41.29,True,1.0
4,Ghaziabad,5,Green Chilli,2025-09-01,138.5,41.85,True,1.0
4,Ghaziabad,5,Green Chilli,2025-09-02,133.9,40.28,True,1.0
4,Ghaziabad,5,Green Chilli,2025-09-03,151.0,39.57,True,1.0
4,Ghaziabad,5,Green Chilli,2025-09-04,126.0,40.68,True,1.0
4,Ghaziabad,5,Green Chilli,2025-09-05,131.4,40.66,True,1.0
4,Ghaziabad,5,Green Chilli,2025-09-06,150.1,38.33,True,1.0
4,Ghaziabad,5,Green Chilli,2025-09-07,119.2,40.79,True,1.0
4,Ghaziabad,5,Green Chilli,2025-09-09,120.7,39.57,True,1.0
4,Ghaziabad,5,Green Chilli,2025-09-10,145.7,40.39,True,1.0
4,Ghaziabad,5,Green Chilli,2025-09-11,108.8,43.4,True,1.0
4,Ghaziabad,5,Green Chilli,2025-09-12,142.5,42.68,True,1.0
4,Ghaziabad,5,Green Chilli,2025-09-13,143.6,42.2,True,1.0
4,Ghaziabad,5,Green Chilli,2025-09-14,90.7,41.32,True,1.0
4,Ghaziabad,5,Green Chilli,2025-09-15,115.6,42.28,True,1.0
4,Ghaziabad,5,Green Chilli,2025-09-16,130.9,42.5,True,1.0
4,Ghaziabad,5,Green Chilli,2025-09-17,141.3,43.38,True,1.0
4,Ghaziabad,5,Green Chilli,2025-09-18,120.7,42.14,True,1.0
4,Ghaziabad,5,Green Chilli,2025-09-19,165.2,43.08,True,1.0
4,Ghaziabad,5,Green Chilli,2025-09-20,161.2,41.46,True,1.0
4,Ghaziabad,5,Green Chilli,2025-09-21,129.9,42.36,True,1.0
4,Ghaziabad,5,Green Chilli,2025-09-22,139.8,41.49,True,1.0
4,Ghaziabad,5,Green Chilli,2025-09-23,112.3,41.89,True,1.0
4,Ghaziabad,5,Green Chilli,2025-09-24,142.2,40.33,True,1.0
4,Ghaziabad,5,Green Chilli,2025-09-25,151.2,41.2,True,1.0
4,Ghaziabad,5,Green Chilli,2025-09-26,121.8,41.71,True,1.0
4,Ghaziabad,5,Green Chilli,2025-09-27,158.3,40.33,True,1.0
4,Ghaziabad,5,Green Chilli,2025-09-28,91.6,43.26,True,1.0
4,Ghaziabad,5,Green Chilli,2025-09-29,109.0,44.06,True,1.0
4,Ghaziabad,5,Green Chilli,2025-09-30,113.1,42.52,True,1.0
4,Ghaziabad,5,Green Chilli,2025-10-01,118.7,41.61,True,1.0
4,Ghaziabad,5,Green Chilli,2025-10-02,99.6,41.91,True,1.0
4,Ghaziabad,5,Green Chilli,2025-10-03,133.9,41.77,True,1.0
4,Ghaziabad,5,Green Chilli,2025-10-04,163.1,42.27,True,1.0
4,Ghaziabad,5,Green Chilli,2025-10-05,121.9,40.2,True,1.0
4,Ghaziabad,5,Green Chilli,2025-10-06,127.0,43.37,True,1.0
4,Ghaziabad,5,Green Chilli,2025-10-07,142.8,42.72,True,1.0
4,Ghaziabad,5,Green Chilli,2025-10-08,126.2,44.71,True,1.0
4,Ghaziabad,5,Green Chilli,2025-10-09,112.7,44.4,True,1.0
4,Ghaziabad,5,Green Chilli,2025-10-10,158.9,47.64,True,1.0
4,Ghaziabad,5,Green Chilli,2025-10-12,165.3,48.35,True,1.0
4,Ghaziabad,5,Green Chilli,2025-10-13,150.0,48.9,True,1.0
4,Ghaziabad,5,Green Chilli,2025-10-14,124.0,47.79,True,1.0
4,Ghaziabad,5,Green Chilli,2025-10-15,123.0,47.15,True,1.0
4,Ghaziabad,5,Green Chilli,2025-10-16,153.9,46.37,True,1.0
4,Ghaziabad,5,Green Chilli,2025-10-17,150.1,46.51,True,1.0
4,Ghaziabad,5,Green Chilli,2025-10-18,260.2,46.26,True,1.0
4,Ghaziabad,5,Green Chilli,2025-10-19,117.3,46.5,True,1.0
4,Ghaziabad,5,Green Chilli,2025-10-20,103.2,45.19,True,1.0
4,Ghaziabad,5,Green Chilli,2025-10-21,130.2,44.8,True,1.0
4,Ghaziabad,5,Green Chilli,2025-10-22,134.9,45.82,True,1.0
4,Ghaziabad,5,Green Chilli,2025-10-23,141.6,45.87,True,1.0
4,Ghaziabad,5,Green Chilli,2025-10-24,173.7,46.55,True,1.0
4,Ghaziabad,5,Green Chilli,2025-10-25,113.8,47.32,True,1.0
4,Ghaziabad,5,Green Chilli,2025-10-26,175.5,48.19,True,1.0
4,Ghaziabad,5,Green Chilli,2025-10-27,95.3,48.3,True,1.0
4,Ghaziabad,5,Green Chilli,2025-10-28,147.0,47.42,True,1.0
4,Ghaziabad,5,Green Chilli,2025-10-29,151.1,46.0,True,1.0
4,Ghaziabad,5,Green Chilli,2025-10-30,128.4,47.75,True,1.0
4,Ghaziabad,5,Green Chilli,2025-10-31,138.8,46.52,True,1.0
4,Ghaziabad,5,Green Chilli,2025-11-01,169.2,46.62,True,1.0
4,Ghaziabad,5,Green Chilli,2025-11-02,111.8,48.93,True,1.0
4,Ghaziabad,5,Green Chilli,2025-11-03,119.0,47.28,True,1.0
4,Ghaziabad,5,Green Chilli,2025-11-04,112.5,46.88,True,1.0
4,Ghaziabad,5,Green Chilli,2025-11-05,134.3,47.15,True,1.0
4,Ghaziabad,5,Green Chilli,2025-11-06,135.7,44.87,True,1.0
4,Ghaziabad,5,Green Chilli,2025-11-07,154.8,44.26,True,1.0
4,Ghaziabad,5,Green Chilli,2025-11-08,135.1,46.87,True,1.0
4,Ghaziabad,5,Green Chilli,2025-11-09,96.0,47.72,True,1.0
4,Ghaziabad,5,Green Chilli,2025-11-10,122.6,48.87,True,1.0
4,Ghaziabad,5,Green Chilli,2025-11-11,128.3,48.92,True,1.0
4,Ghaziabad,5,Green Chilli,2025-11-12,145.2,45.99,True,1.0
4,Ghaziabad,5,Green Chilli,2025-11-13,145.3,45.26,True,1.0
4,Ghaziabad,5,Green Chilli,2025-11-14,121.0,43.27,True,1.0
4,Ghaziabad,5,Green Chilli,2025-11-15,152.7,45.53,True,1.0
4,Ghaziabad,5,Green Chilli,2025-11-16,122.5,50.08,True,1.0
4,Ghaziabad,5,Green Chilli,2025-11-17,110.1,47.41,True,1.0
4,Ghaziabad,5,Green Chilli,2025-11-18,105.6,49.22,True,1.0
4,Ghaziabad,5,Green Chilli,2025-11-19,129.2,50.58,True,1.0
4,Ghaziabad,5,Green Chilli,2025-11-20,130.4,50.28,True,1.0
4,Ghaziabad,5,Green Chilli,2025-11-21,146.0,47.91,True,1.0
4,Ghaziabad,5,Green Chilli,2025-11-22,170.4,47.02,True,1.0
4,Ghaziabad,5,Green Chilli,2025-11-23,88.7,44.92,True,1.0
4,Ghaziabad,5,Green Chilli,2025-11-24,140.1,45.95,True,1.0
4,Ghaziabad,5,Green Chilli,2025-11-25,163.7,47.17,True,1.0
4,Ghaziabad,5,Green Chilli,2025-11-26,126.2,48.91,True,1.0
4,Ghaziabad,5,Green Chilli,2025-11-27,95.4,48.73,True,1.0
4,Ghaziabad,5,Green Chilli,2025-11-28,142.7,47.75,True,1.0
4,Ghaziabad,5,Green Chilli,2025-11-29,132.5,47.31,True,1.0
4,Ghaziabad,5,Green Chilli,2025-11-30,154.6,47.78,True,1.0
4,Ghaziabad,5,Green Chilli,2025-12-01,131.8,48.73,True,1.0
4,Ghaziabad,5,Green Chilli,2025-12-02,110.7,50.99,True,1.0
4,Ghaziabad,5,Green Chilli,2025-12-03,117.6,53.66,True,1.0
4,Ghaziabad,5,Green Chilli,2025-12-04,123.2,52.46,True,1.0
4,Ghaziabad,5,Green Chilli,2025-12-05,121.9,50.1,True,1.0
4,Ghaziabad,5,Green Chilli,2025-12-06,134.0,51.84,True,1.0
4,Ghaziabad,5,Green Chilli,2025-12-07,87.6,55.17,True,1.0
4,Ghaziabad,5,Green Chilli,2025-12-08,113.7,52.45,True,1.0
4,Ghaziabad,5,Green Chilli,2025-12-09,123.5,51.01,True,1.0
4,Ghaziabad,5,Green Chilli,2025-12-10,110.2,50.59,True,1.0
4,Ghaziabad,5,Green Chilli,2025-12-11,108.7,50.53,True,1.0
4,Ghaziabad,5,Green Chilli,2025-12-12,120.3,49.5,True,1.0
4,Ghaziabad,5,Green Chilli,2025-12-13,180.1,47.83,True,1.0
4,Ghaziabad,5,Green Chilli,2025-12-14,74.4,49.45,True,1.0
4,Ghaziabad,5,Green Chilli,2025-12-15,126.3,49.57,True,1.0
4,Ghaziabad,5,Green Chilli,2025-12-16,115.1,51.49,True,1.0
4,Ghaziabad,5,Green Chilli,2025-12-17,114.7,52.02,True,1.0
4,Ghaziabad,5,Green Chilli,2025-12-18,100.6,53.13,True,1.0
4,Ghaziabad,5,Green Chilli,2025-12-20,146.1,53.0,True,1.0
4,Ghaziabad,5,Green Chilli,2025-12-21,97.1,51.25,True,1.0
4,Ghaziabad,5,Green Chilli,2025-12-22,92.1,51.86,True,1.0
4,Ghaziabad,5,Green Chilli,2025-12-23,136.5,53.07,True,1.0
4,Ghaziabad,5,Green Chilli,2025-12-24,115.0,54.44,True,1.0
4,Ghaziabad,5,Green Chilli,2025-12-25,137.9,52.92,True,1.0
4,Ghaziabad,5,Green Chilli,2025-12-26,128.7,53.23,True,1.0
4,Ghaziabad,5,Green Chilli,2025-12-27,125.8,54.55,True,1.0
4,Ghaziabad,5,Green Chilli,2025-12-28,88.5,51.15,True,1.0
4,Ghaziabad,5,Green Chilli,2025-12-29,89.5,50.61,True,1.0
4,Ghaziabad,5,Green Chilli,2025-12-30,99.9,51.61,True,1.0
4,Ghaziabad,5,Green Chilli,2025-12-31,109.5,51.05,True,1.0
4,Ghaziabad,5,Green Chilli,2026-01-01,147.3,50.14,True,1.0
4,Ghaziabad,5,Green Chilli,2026-01-02,108.8,51.09,True,1.0
4,Ghaziabad,5,Green Chilli,2026-01-03,107.4,50.45,True,1.0
4,Ghaziabad,5,Green Chilli,2026-01-04,67.1,50.8,True,1.0
4,Ghaziabad,5,Green Chilli,2026-01-05,123.4,48.74,True,1.0
4,Ghaziabad,5,Green Chilli,2026-01-06,109.9,48.83,True,1.0
4,Ghaziabad,5,Green Chilli,2026-01-07,125.2,49.96,True,1.0
4,Ghaziabad,5,Green Chilli,2026-01-08,106.9,50.23,True,1.0
4,Ghaziabad,5,Green Chilli,2026-01-09,132.1,50.49,True,1.0
4,Ghaziabad,5,Green Chilli,2026-01-10,104.0,51.21,True,1.0
4,Ghaziabad,5,Green Chilli,2026-01-11,73.2,52.88,True,1.0
4,Ghaziabad,5,Green Chilli,2026-01-12,113.5,52.06,True,1.0
4,Ghaziabad,5,Green Chilli,2026-01-13,119.0,51.81,True,1.0
4,Ghaziabad,5,Green Chilli,2026-01-14,93.4,51.79,True,1.0
4,Ghaziabad,5,Green Chilli,2026-01-15,134.1,50.96,True,1.0
4,Ghaziabad,5,Green Chilli,2026-01-16,109.9,49.94,True,1.0
4,Ghaziabad,5,Green Chilli,2026-01-17,120.6,51.59,True,1.0
4,Ghaziabad,5,Green Chilli,2026-01-18,113.4,49.84,True,1.0
4,Ghaziabad,5,Green Chilli,2026-01-19,84.8,51.14,True,1.0
4,Ghaziabad,5,Green Chilli,2026-01-20,125.3,50.89,True,1.0
4,Ghaziabad,5,Green Chilli,2026-01-21,115.7,50.52,True,1.0
4,Ghaziabad,5,Green Chilli,2026-01-22,146.2,51.23,True,1.0
4,Ghaziabad,5,Green Chilli,2026-01-23,129.8,51.94,True,1.0
4,Ghaziabad,5,Green Chilli,2026-01-24,111.6,50.23,True,1.0
4,Ghaziabad,5,Green Chilli,2026-01-25,114.9,50.48,True,1.0
4,Ghaziabad,5,Green Chilli,2026-01-26,114.4,50.06,True,1.0
4,Ghaziabad,5,Green Chilli,2026-01-27,100.9,49.34,True,1.0
4,Ghaziabad,5,Green Chilli,2026-01-28,115.0,46.99,True,1.0
4,Ghaziabad,5,Green Chilli,2026-01-29,102.9,49.38,True,1.0
4,Ghaziabad,5,Green Chilli,2026-01-30,127.6,51.18,True,1.0
4,Ghaziabad,5,Green Chilli,2026-01-31,117.1,49.47,True,1.0
4,Ghaziabad,5,Green Chilli,2026-02-01,79.9,49.78,True,1.0
4,Ghaziabad,5,Green Chilli,2026-02-02,93.1,48.42,True,1.0
4,Ghaziabad,5,Green Chilli,2026-02-03,95.5,48.67,True,1.0
4,Ghaziabad,5,Green Chilli,2026-02-04,130.2,48.45,True,1.0
4,Ghaziabad,5,Green Chilli,2026-02-05,110.9,51.1,True,1.0
4,Ghaziabad,5,Green Chilli,2026-02-06,103.0,49.06,True,1.0
4,Ghaziabad,5,Green Chilli,2026-02-07,130.4,47.11,True,1.0
4,Ghaziabad,5,Green Chilli,2026-02-08,81.2,47.69,True,1.0
4,Ghaziabad,5,Green Chilli,2026-02-09,102.6,48.17,True,1.0
4,Ghaziabad,5,Green Chilli,2026-02-10,101.9,51.72,True,1.0
4,Ghaziabad,5,Green Chilli,2026-02-11,109.4,50.28,True,1.0
4,Ghaziabad,5,Green Chilli,2026-02-12,84.7,52.52,True,1.0
4,Ghaziabad,5,Green Chilli,2026-02-13,113.5,52.65,True,1.0
4,Ghaziabad,5,Green Chilli,2026-02-14,121.5,54.49,True,1.0
4,Ghaziabad,5,Green Chilli,2026-02-15,74.1,53.64,True,1.0
4,Ghaziabad,5,Green Chilli,2026-02-16,105.6,50.25,True,1.0
4,Ghaziabad,5,Green Chilli,2026-02-17,90.7,48.94,True,1.0
4,Ghaziabad,5,Green Chilli,2026-02-18,70.4,50.09,True,1.0
4,Ghaziabad,5,Green Chilli,2026-02-19,96.2,48.85,True,1.0
4,Ghaziabad,5,Green Chilli,2026-02-20,86.9,52.69,True,1.0
4,Ghaziabad,5,Green Chilli,2026-02-21,131.5,49.23,True,1.0
4,Ghaziabad,5,Green Chilli,2026-02-22,68.8,48.56,True,1.0
4,Ghaziabad,5,Green Chilli,2026-02-23,116.7,49.61,True,1.0
4,Ghaziabad,5,Green Chilli,2026-02-24,103.9,49.69,True,1.0
4,Ghaziabad,5,Green Chilli,2026-02-25,101.5,49.04,True,1.0
4,Ghaziabad,5,Green Chilli,2026-02-26,103.6,51.3,True,1.0
4,Ghaziabad,5,Green Chilli,2026-02-27,90.5,50.88,True,1.0
4,Ghaziabad,5,Green Chilli,2026-02-28,95.4,52.04,True,1.0
4,Ghaziabad,5,Green Chilli,2026-03-01,78.2,50.63,True,1.0
4,Ghaziabad,5,Green Chilli,2026-03-02,115.1,51.76,True,1.0
4,Ghaziabad,5,Green Chilli,2026-03-03,74.8,51.34,True,1.0
4,Ghaziabad,5,Green Chilli,2026-03-04,82.8,48.39,True,1.0
4,Ghaziabad,5,Green Chilli,2026-03-05,82.1,46.95,True,1.0
4,Ghaziabad,5,Green Chilli,2026-03-06,97.6,49.12,True,1.0
4,Ghaziabad,5,Green Chilli,2026-03-07,113.0,49.06,True,1.0
4,Ghaziabad,5,Green Chilli,2026-03-08,80.8,50.63,True,1.0
4,Ghaziabad,5,Green Chilli,2026-03-09,88.3,51.11,True,1.0
4,Ghaziabad,5,Green Chilli,2026-03-10,67.6,48.78,True,1.0
4,Ghaziabad,5,Green Chilli,2026-03-11,103.1,47.09,True,1.0
4,Ghaziabad,5,Green Chilli,2026-03-12,93.6,47.37,True,1.0
4,Ghaziabad,5,Green Chilli,2026-03-13,113.2,47.91,True,1.0
4,Ghaziabad,5,Green Chilli,2026-03-14,113.3,47.08,True,1.0
4,Ghaziabad,5,Green Chilli,2026-03-15,73.2,48.11,True,1.0
4,Ghaziabad,5,Green Chilli,2026-03-16,86.5,47.82,True,1.0
4,Ghaziabad,5,Green Chilli,2026-03-17,87.6,46.86,True,1.0
4,Ghaziabad,5,Green Chilli,2026-03-18,98.9,47.52,True,1.0
4,Ghaziabad,5,Green Chilli,2026-03-19,95.8,46.75,True,1.0
4,Ghaziabad,5,Green Chilli,2026-03-20,109.9,45.13,True,1.0
4,Ghaziabad,5,Green Chilli,2026-03-21,99.0,47.97,True,1.0
4,Ghaziabad,5,Green Chilli,2026-03-22,91.4,45.23,True,1.0
4,Ghaziabad,5,Green Chilli,2026-03-23,89.6,43.76,True,1.0
4,Ghaziabad,5,Green Chilli,2026-03-24,80.8,45.88,True,1.0
4,Ghaziabad,5,Green Chilli,2026-03-25,86.4,46.63,True,1.0
4,Ghaziabad,5,Green Chilli,2026-03-26,88.5,46.03,True,1.0
4,Ghaziabad,5,Green Chilli,2026-03-27,84.1,48.97,True,1.0
4,Ghaziabad,5,Green Chilli,2026-03-28,106.8,47.8,True,1.0
4,Ghaziabad,5,Green Chilli,2026-03-29,69.0,47.36,True,1.0
4,Ghaziabad,5,Green Chilli,2026-03-30,86.0,47.18,True,1.0
4,Ghaziabad,5,Green Chilli,2026-03-31,97.0,47.84,True,1.0
4,Ghaziabad,5,Green Chilli,2026-04-01,99.8,48.38,True,1.0
4,Ghaziabad,5,Green Chilli,2026-04-02,104.9,49.68,True,1.0
4,Ghaziabad,5,Green Chilli,2026-04-03,108.7,47.99,True,1.0
4,Ghaziabad,5,Green Chilli,2026-04-04,94.4,47.38,True,1.0
4,Ghaziabad,5,Green Chilli,2026-04-05,72.8,46.59,True,1.0
4,Ghaziabad,5,Green Chilli,2026-04-06,117.1,44.68,True,1.0
4,Ghaziabad,5,Green Chilli,2026-04-07,104.0,44.61,True,1.0
4,Ghaziabad,5,Green Chilli,2026-04-08,81.9,45.38,True,1.0
4,Ghaziabad,5,Green Chilli,2026-04-09,105.9,45.61,True,1.0
4,Ghaziabad,5,Green Chilli,2026-04-10,104.2,47.49,True,1.0
4,Ghaziabad,5,Green Chilli,2026-04-11,94.2,47.13,True,1.0
4,Ghaziabad,5,Green Chilli,2026-04-12,59.8,45.29,True,1.0
4,Ghaziabad,5,Green Chilli,2026-04-13,83.7,44.6,True,1.0
4,Ghaziabad,5,Green Chilli,2026-04-14,87.0,43.73,True,1.0
4,Ghaziabad,5,Green Chilli,2026-04-15,90.2,43.36,True,1.0
4,Ghaziabad,5,Green Chilli,2026-04-16,94.5,43.7,True,1.0
4,Ghaziabad,5,Green Chilli,2026-04-17,88.0,44.99,True,1.0
4,Ghaziabad,5,Green Chilli,2026-04-18,98.1,46.02,True,1.0
4,Ghaziabad,5,Green Chilli,2026-04-19,50.4,44.41,True,1.0
4,Ghaziabad,5,Green Chilli,2026-04-20,102.5,44.96,True,1.0
4,Ghaziabad,5,Green Chilli,2026-04-21,81.5,44.69,True,1.0
4,Ghaziabad,5,Green Chilli,2026-04-22,90.0,44.11,True,1.0
4,Ghaziabad,5,Green Chilli,2026-04-23,85.7,43.29,True,1.0
4,Ghaziabad,5,Green Chilli,2026-04-24,100.1,42.61,True,1.0
4,Ghaziabad,5,Green Chilli,2026-04-25,114.8,42.35,True,1.0
4,Ghaziabad,5,Green Chilli,2026-04-26,55.3,44.08,True,1.0
4,Ghaziabad,5,Green Chilli,2026-04-27,73.3,45.17,True,1.0
4,Ghaziabad,5,Green Chilli,2026-04-28,89.4,45.76,True,1.0
4,Ghaziabad,5,Green Chilli,2026-04-29,90.7,42.24,True,1.0
4,Ghaziabad,5,Green Chilli,2026-05-01,78.2,44.25,True,1.0
4,Ghaziabad,5,Green Chilli,2026-05-02,115.7,45.03,True,1.0
4,Ghaziabad,5,Green Chilli,2026-05-03,80.9,44.22,True,1.0
4,Ghaziabad,5,Green Chilli,2026-05-04,76.0,44.08,True,1.0
4,Ghaziabad,5,Green Chilli,2026-05-05,112.3,45.41,True,1.0
4,Ghaziabad,5,Green Chilli,2026-05-06,119.2,45.92,True,1.0
4,Ghaziabad,5,Green Chilli,2026-05-07,80.1,43.74,True,1.0
4,Ghaziabad,5,Green Chilli,2026-05-08,102.7,42.42,True,1.0
4,Ghaziabad,5,Green Chilli,2026-05-09,122.0,42.98,True,1.0
4,Ghaziabad,5,Green Chilli,2026-05-10,90.3,43.04,True,1.0
4,Ghaziabad,5,Green Chilli,2026-05-11,108.3,41.74,True,1.0
4,Ghaziabad,5,Green Chilli,2026-05-12,103.3,41.8,True,1.0
4,Ghaziabad,5,Green Chilli,2026-05-13,90.0,41.08,True,1.0
4,Ghaziabad,5,Green Chilli,2026-05-14,89.4,42.04,True,1.0
4,Ghaziabad,5,Green Chilli,2026-05-15,106.3,44.82,True,1.0
4,Ghaziabad,5,Green Chilli,2026-05-16,101.0,42.77,True,1.0
4,Ghaziabad,5,Green Chilli,2026-05-17,81.5,42.99,True,1.0
4,Ghaziabad,5,Green Chilli,2026-05-18,85.2,43.08,True,1.0
4,Ghaziabad,5,Green Chilli,2026-05-19,87.6,42.37,True,1.0
4,Ghaziabad,5,Green Chilli,2026-05-20,87.6,41.63,True,1.0
4,Ghaziabad,5,Green Chilli,2026-05-21,101.9,41.14,True,1.0
4,Ghaziabad,5,Green Chilli,2026-05-22,92.6,39.49,True,1.0
4,Ghaziabad,5,Green Chilli,2026-05-23,115.7,37.79,True,1.0
4,Ghaziabad,5,Green Chilli,2026-05-24,82.9,37.81,True,1.0
4,Ghaziabad,5,Green Chilli,2026-05-25,94.1,38.08,True,1.0
4,Ghaziabad,5,Green Chilli,2026-05-26,107.9,39.74,True,1.0
4,Ghaziabad,5,Green Chilli,2026-05-27,105.6,38.83,True,1.0
4,Ghaziabad,5,Green Chilli,2026-05-28,91.6,38.81,True,1.0
4,Ghaziabad,5,Green Chilli,2026-05-29,104.2,40.58,True,1.0
4,Ghaziabad,5,Green Chilli,2026-05-30,140.8,41.52,True,1.0
4,Ghaziabad,5,Green Chilli,2026-05-31,88.1,41.78,True,1.0
4,Ghaziabad,5,Green Chilli,2026-06-01,78.8,42.7,True,1.0
4,Ghaziabad,5,Green Chilli,2026-06-02,96.8,45.3,True,1.0
4,Ghaziabad,5,Green Chilli,2026-06-03,102.3,43.61,True,1.0
4,Ghaziabad,5,Green Chilli,2026-06-04,96.0,43.31,True,1.0
4,Ghaziabad,5,Green Chilli,2026-06-05,110.3,42.18,True,1.0
4,Ghaziabad,5,Green Chilli,2026-06-06,90.6,41.33,True,1.0
4,Ghaziabad,5,Green Chilli,2026-06-07,87.0,39.89,True,1.0
4,Ghaziabad,5,Green Chilli,2026-06-08,92.2,41.89,True,1.0
4,Ghaziabad,5,Green Chilli,2026-06-09,125.5,41.5,True,1.0
4,Ghaziabad,5,Green Chilli,2026-06-10,118.1,42.83,True,1.0
4,Ghaziabad,5,Green Chilli,2026-06-11,100.2,42.35,True,1.0
4,Ghaziabad,5,Green Chilli,2026-06-12,112.9,40.52,True,1.0
4,Ghaziabad,5,Green Chilli,2026-06-13,111.1,40.28,True,1.0
4,Ghaziabad,5,Green Chilli,2026-06-14,75.0,40.82,True,1.0
4,Ghaziabad,5,Green Chilli,2026-06-15,100.7,40.68,True,1.0
4,Ghaziabad,5,Green Chilli,2026-06-16,103.4,38.28,True,1.0
4,Ghaziabad,5,Green Chilli,2026-06-17,112.4,38.64,True,1.0
4,Ghaziabad,5,Green Chilli,2026-06-18,95.7,38.43,True,1.0
4,Ghaziabad,5,Green Chilli,2026-06-19,106.5,38.24,True,1.0
4,Ghaziabad,5,Green Chilli,2026-06-20,108.6,37.07,True,1.0
4,Ghaziabad,5,Green Chilli,2026-06-21,97.6,39.8,True,1.0
4,Ghaziabad,5,Green Chilli,2026-06-22,106.8,40.75,True,1.0
4,Ghaziabad,5,Green Chilli,2026-06-23,106.4,39.32,True,1.0
4,Ghaziabad,5,Green Chilli,2026-06-24,111.5,39.01,True,1.0
4,Ghaziabad,5,Green Chilli,2026-06-25,106.8,40.5,True,1.0
4,Ghaziabad,5,Green Chilli,2026-06-26,94.2,38.24,True,1.0
4,Ghaziabad,5,Green Chilli,2026-06-27,144.0,40.24,True,1.0
4,Ghaziabad,5,Green Chilli,2026-06-28,83.7,40.27,True,1.0
4,Ghaziabad,5,Green Chilli,2026-06-29,103.5,40.41,True,1.0
4,Ghaziabad,5,Green Chilli,2026-06-30,119.0,39.77,True,1.0
4,Ghaziabad,5,Green Chilli,2026-07-01,109.6,40.0,True,1.0
4,Ghaziabad,5,Green Chilli,2026-07-02,95.3,41.94,True,1.0
4,Ghaziabad,5,Green Chilli,2026-07-03,147.1,41.11,True,1.0
4,Ghaziabad,5,Green Chilli,2026-07-04,94.3,39.62,True,1.0
4,Ghaziabad,5,Green Chilli,2026-07-05,113.5,38.79,True,1.0
4,Ghaziabad,5,Green Chilli,2026-07-06,101.7,39.96,True,1.0
4,Ghaziabad,5,Green Chilli,2026-07-07,97.3,39.91,True,1.0
4,Ghaziabad,5,Green Chilli,2026-07-08,139.6,39.82,True,1.0
4,Ghaziabad,5,Green Chilli,2026-07-09,111.1,38.88,True,1.0
4,Ghaziabad,5,Green Chilli,2026-07-10,114.4,40.43,True,1.0
4,Ghaziabad,5,Green Chilli,2026-07-11,131.0,40.06,True,1.0
4,Ghaziabad,5,Green Chilli,2026-07-12,81.4,38.74,True,1.0
4,Ghaziabad,5,Green Chilli,2026-07-13,91.3,36.84,True,1.0
4,Ghaziabad,5,Green Chilli,2026-07-14,99.1,36.1,True,1.0
4,Ghaziabad,5,Green Chilli,2026-07-15,130.7,37.29,True,1.0
4,Ghaziabad,5,Green Chilli,2026-07-16,104.3,36.77,True,1.0
4,Ghaziabad,5,Green Chilli,2026-07-17,119.4,35.23,True,1.0
4,Ghaziabad,5,Green Chilli,2026-07-18,147.6,35.38,True,1.0
4,Ghaziabad,5,Green Chilli,2026-07-19,103.4,36.19,True,1.0
4,Ghaziabad,5,Green Chilli,2026-07-20,132.4,37.56,True,1.0
4,Ghaziabad,5,Green Chilli,2026-07-21,103.1,35.26,True,1.0
4,Ghaziabad,5,Green Chilli,2026-07-22,131.7,36.22,True,1.0
4,Ghaziabad,5,Green Chilli,2026-07-23,130.0,37.92,True,1.0
4,Ghaziabad,5,Green Chilli,2026-07-24,145.9,37.24,True,1.0
4,Ghaziabad,5,Green Chilli,2026-07-25,138.3,37.08,True,1.0
4,Ghaziabad,5,Green Chilli,2026-07-26,97.6,37.8,True,1.0
4,Ghaziabad,5,Green Chilli,2026-07-27,110.9,37.04,True,1.0
4,Ghaziabad,5,Green Chilli,2026-07-28,109.9,36.6,True,1.0
4,Ghaziabad,5,Green Chilli,2026-07-29,131.7,37.14,True,1.0
4,Ghaziabad,5,Green Chilli,2026-07-30,140.6,37.85,True,1.0
4,Ghaziabad,5,Green Chilli,2026-07-31,99.4,38.8,True,1.0
4,Ghaziabad,5,Green Chilli,2026-08-01,147.8,38.86,True,1.0
4,Ghaziabad,5,Green Chilli,2026-08-02,94.4,38.9,True,1.0
4,Ghaziabad,5,Green Chilli,2026-08-03,111.1,39.21,True,1.0
4,Ghaziabad,5,Green Chilli,2026-08-04,143.2,38.2,True,1.0
4,Ghaziabad,5,Green Chilli,2026-08-05,130.7,36.23,True,1.0
4,Ghaziabad,5,Green Chilli,2026-08-06,112.0,36.13,True,1.0
4,Ghaziabad,5,Green Chilli,2026-08-07,133.6,36.5,True,1.0
4,Ghaziabad,5,Green Chilli,2026-08-08,131.4,36.43,True,1.0
4,Ghaziabad,5,Green Chilli,2026-08-09,111.9,36.06,True,1.0
4,Ghaziabad,5,Green Chilli,2026-08-10,133.9,38.15,True,1.0
4,Ghaziabad,5,Green Chilli,2026-08-11,148.2,37.6,True,1.0
4,Ghaziabad,5,Green Chilli,2026-08-12,158.2,37.73,True,1.0
4,Ghaziabad,5,Green Chilli,2026-08-13,122.4,38.87,True,1.0
4,Ghaziabad,5,Green Chilli,2026-08-14,114.3,39.55,True,1.0
4,Ghaziabad,5,Green Chilli,2026-08-15,151.9,38.74,True,1.0
4,Ghaziabad,5,Green Chilli,2026-08-16,101.7,38.02,True,1.0
4,Ghaziabad,5,Green Chilli,2026-08-17,132.2,38.43,True,1.0
4,Ghaziabad,5,Green Chilli,2026-08-18,137.5,38.05,True,1.0
4,Ghaziabad,5,Green Chilli,2026-08-19,124.4,38.42,True,1.0
4,Ghaziabad,5,Green Chilli,2026-08-20,106.7,37.9,True,1.0
4,Ghaziabad,5,Green Chilli,2026-08-21,149.1,38.95,True,1.0
4,Ghaziabad,5,Green Chilli,2026-08-22,141.0,37.7,True,1.0
4,Ghaziabad,5,Green Chilli,2026-08-23,107.7,38.15,True,1.0
4,Ghaziabad,5,Green Chilli,2026-08-24,125.4,39.05,True,1.0
4,Ghaziabad,5,Green Chilli,2026-08-25,154.2,39.72,True,1.0
4,Ghaziabad,5,Green Chilli,2026-08-26,114.7,42.72,True,1.0
4,Ghaziabad,5,Green Chilli,2026-08-27,123.3,41.71,True,1.0
4,Ghaziabad,5,Green Chilli,2026-08-28,163.3,41.48,True,1.0
4,Ghaziabad,5,Green Chilli,2026-08-29,222.1,41.06,True,1.0
4,Ghaziabad,5,Green Chilli,2026-08-30,112.3,43.19,True,1.0
4,Ghaziabad,5,Green Chilli,2026-08-31,136.3,43.64,True,1.0
4,Ghaziabad,5,Green Chilli,2026-09-01,114.4,45.16,True,1.0
4,Ghaziabad,5,Green Chilli,2026-09-02,176.9,43.08,True,1.0
4,Ghaziabad,5,Green Chilli,2026-09-03,141.8,42.6,True,1.0
4,Ghaziabad,5,Green Chilli,2026-09-05,154.5,40.5,True,1.0
4,Ghaziabad,5,Green Chilli,2026-09-06,117.9,41.06,True,1.0
4,Ghaziabad,5,Green Chilli,2026-09-07,120.1,40.5,True,1.0
4,Ghaziabad,5,Green Chilli,2026-09-08,137.4,41.58,True,1.0
4,Ghaziabad,5,Green Chilli,2026-09-09,135.1,41.27,True,1.0
4,Ghaziabad,5,Green Chilli,2026-09-10,146.8,40.5,True,1.0
4,Ghaziabad,5,Green Chilli,2026-09-11,118.3,40.5,True,1.0
4,Ghaziabad,5,Green Chilli,2026-09-12,123.3,40.5,True,1.0
4,Ghaziabad,5,Green Chilli,2026-09-13,88.1,42.73,True,1.0
4,Ghaziabad,5,Green Chilli,2026-09-14,118.3,43.52,True,1.0
4,Ghaziabad,5,Green Chilli,2026-09-15,132.7,43.15,True,1.0
4,Ghaziabad,5,Green Chilli,2026-09-16,139.5,43.89,True,1.0
4,Ghaziabad,5,Green Chilli,2026-09-17,153.4,43.56,True,1.0
4,Ghaziabad,5,Green Chilli,2026-09-18,157.1,42.07,True,1.0
4,Ghaziabad,5,Green Chilli,2026-09-19,152.4,42.64,True,1.0
4,Ghaziabad,5,Green Chilli,2026-09-20,125.5,43.63,True,1.0
4,Ghaziabad,5,Green Chilli,2026-09-21,128.1,47.23,True,1.0
4,Ghaziabad,5,Green Chilli,2026-09-22,129.6,46.18,True,1.0
4,Ghaziabad,5,Green Chilli,2026-09-23,169.5,44.49,True,1.0
4,Ghaziabad,5,Green Chilli,2026-09-24,144.0,45.16,True,1.0
4,Ghaziabad,5,Green Chilli,2026-09-26,172.4,46.7,True,1.0
4,Ghaziabad,5,Green Chilli,2026-09-27,96.1,46.58,True,1.0
4,Ghaziabad,5,Green Chilli,2026-09-28,99.6,43.38,True,1.0
4,Ghaziabad,5,Green Chilli,2026-09-29,127.7,43.29,True,1.0
4,Ghaziabad,5,Green Chilli,2026-09-30,138.6,44.95,True,1.0
5,Faridabad,1,Tomato,2024-10-01,543.5,26.35,True,1.0
5,Faridabad,1,Tomato,2024-10-02,487.4,27.42,True,1.0
5,Faridabad,1,Tomato,2024-10-03,505.7,27.62,True,1.0
5,Faridabad,1,Tomato,2024-10-04,537.4,26.36,True,1.0
5,Faridabad,1,Tomato,2024-10-05,623.9,26.19,True,1.0
5,Faridabad,1,Tomato,2024-10-06,411.2,27.77,True,1.0
5,Faridabad,1,Tomato,2024-10-07,878.8,25.73,True,1.0
5,Faridabad,1,Tomato,2024-10-08,542.4,25.82,True,1.0
5,Faridabad,1,Tomato,2024-10-09,482.0,27.15,True,1.0
5,Faridabad,1,Tomato,2024-10-10,537.4,26.44,True,1.0
5,Faridabad,1,Tomato,2024-10-11,475.0,26.08,True,1.0
5,Faridabad,1,Tomato,2024-10-12,521.1,26.26,True,1.0
5,Faridabad,1,Tomato,2024-10-13,496.0,27.58,True,1.0
5,Faridabad,1,Tomato,2024-10-14,464.0,26.85,True,1.0
5,Faridabad,1,Tomato,2024-10-15,509.5,26.48,True,1.0
5,Faridabad,1,Tomato,2024-10-16,450.3,26.21,True,1.0
5,Faridabad,1,Tomato,2024-10-17,518.6,28.05,True,1.0
5,Faridabad,1,Tomato,2024-10-18,530.3,29.38,True,1.0
5,Faridabad,1,Tomato,2024-10-19,572.0,29.32,True,1.0
5,Faridabad,1,Tomato,2024-10-20,336.6,28.74,True,1.0
5,Faridabad,1,Tomato,2024-10-21,470.6,28.62,True,1.0
5,Faridabad,1,Tomato,2024-10-22,491.4,29.13,True,1.0
5,Faridabad,1,Tomato,2024-10-23,432.2,27.5,True,1.0
5,Faridabad,1,Tomato,2024-10-24,483.1,28.03,True,1.0
5,Faridabad,1,Tomato,2024-10-25,540.9,26.49,True,1.0
5,Faridabad,1,Tomato,2024-10-26,602.2,25.89,True,1.0
5,Faridabad,1,Tomato,2024-10-27,406.0,26.62,True,1.0
5,Faridabad,1,Tomato,2024-10-28,493.7,25.36,True,1.0
5,Faridabad,1,Tomato,2024-10-29,554.9,25.42,True,1.0
5,Faridabad,1,Tomato,2024-10-30,432.6,24.93,True,1.0
5,Faridabad,1,Tomato,2024-10-31,516.4,24.99,True,1.0
5,Faridabad,1,Tomato,2024-11-01,540.5,23.27,True,1.0
5,Faridabad,1,Tomato,2024-11-02,561.4,22.77,True,1.0
5,Faridabad,1,Tomato,2024-11-03,542.7,23.11,True,1.0
5,Faridabad,1,Tomato,2024-11-04,683.2,24.45,True,1.0
5,Faridabad,1,Tomato,2024-11-05,441.8,24.62,True,1.0
5,Faridabad,1,Tomato,2024-11-06,455.2,24.84,True,1.0
5,Faridabad,1,Tomato,2024-11-07,455.1,25.48,True,1.0
5,Faridabad,1,Tomato,2024-11-08,513.8,24.77,True,1.0
5,Faridabad,1,Tomato,2024-11-09,456.6,25.09,True,1.0
5,Faridabad,1,Tomato,2024-11-10,423.1,24.52,True,1.0
5,Faridabad,1,Tomato,2024-11-11,535.0,23.48,True,1.0
5,Faridabad,1,Tomato,2024-11-12,466.3,23.65,True,1.0
5,Faridabad,1,Tomato,2024-11-13,503.6,24.41,True,1.0
5,Faridabad,1,Tomato,2024-11-14,444.8,24.77,True,1.0
5,Faridabad,1,Tomato,2024-11-15,466.2,24.75,True,1.0
5,Faridabad,1,Tomato,2024-11-16,512.8,26.48,True,1.0
5,Faridabad,1,Tomato,2024-11-17,398.5,26.21,True,1.0
5,Faridabad,1,Tomato,2024-11-18,508.7,26.42,True,1.0
5,Faridabad,1,Tomato,2024-11-19,449.2,27.52,True,1.0
5,Faridabad,1,Tomato,2024-11-20,430.4,25.57,True,1.0
5,Faridabad,1,Tomato,2024-11-21,491.7,24.45,True,1.0
5,Faridabad,1,Tomato,2024-11-22,506.4,25.63,True,1.0
5,Faridabad,1,Tomato,2024-11-23,454.8,24.62,True,1.0
5,Faridabad,1,Tomato,2024-11-24,494.4,24.48,True,1.0
5,Faridabad,1,Tomato,2024-11-25,446.2,25.1,True,1.0
5,Faridabad,1,Tomato,2024-11-26,446.2,25.38,True,1.0
5,Faridabad,1,Tomato,2024-11-27,447.8,26.2,True,1.0
5,Faridabad,1,Tomato,2024-11-28,473.1,26.57,True,1.0
5,Faridabad,1,Tomato,2024-11-29,460.4,26.48,True,1.0
5,Faridabad,1,Tomato,2024-11-30,587.1,25.04,True,1.0
5,Faridabad,1,Tomato,2024-12-01,386.0,25.16,True,1.0
5,Faridabad,1,Tomato,2024-12-02,439.6,24.88,True,1.0
5,Faridabad,1,Tomato,2024-12-03,503.1,23.53,True,1.0
5,Faridabad,1,Tomato,2024-12-04,416.2,24.45,True,1.0
5,Faridabad,1,Tomato,2024-12-05,508.9,24.67,True,1.0
5,Faridabad,1,Tomato,2024-12-06,566.7,24.26,True,1.0
5,Faridabad,1,Tomato,2024-12-07,548.2,23.76,True,1.0
5,Faridabad,1,Tomato,2024-12-08,335.2,22.77,True,1.0
5,Faridabad,1,Tomato,2024-12-09,502.4,22.97,True,1.0
5,Faridabad,1,Tomato,2024-12-10,496.6,23.27,True,1.0
5,Faridabad,1,Tomato,2024-12-11,429.4,22.61,True,1.0
5,Faridabad,1,Tomato,2024-12-12,609.4,23.44,True,1.0
5,Faridabad,1,Tomato,2024-12-13,538.0,22.51,True,1.0
5,Faridabad,1,Tomato,2024-12-14,441.0,21.23,True,1.0
5,Faridabad,1,Tomato,2024-12-15,450.7,22.28,True,1.0
5,Faridabad,1,Tomato,2024-12-16,506.0,22.1,True,1.0
5,Faridabad,1,Tomato,2024-12-17,463.6,22.13,True,1.0
5,Faridabad,1,Tomato,2024-12-18,459.0,21.69,True,1.0
5,Faridabad,1,Tomato,2024-12-19,425.5,20.9,True,1.0
5,Faridabad,1,Tomato,2024-12-20,552.2,22.08,True,1.0
5,Faridabad,1,Tomato,2024-12-21,585.4,21.68,True,1.0
5,Faridabad,1,Tomato,2024-12-22,488.8,22.88,True,1.0
5,Faridabad,1,Tomato,2024-12-23,492.1,23.16,True,1.0
5,Faridabad,1,Tomato,2024-12-24,430.6,22.6,True,1.0
5,Faridabad,1,Tomato,2024-12-25,627.6,21.72,True,1.0
5,Faridabad,1,Tomato,2024-12-26,469.6,21.32,True,1.0
5,Faridabad,1,Tomato,2024-12-27,535.8,20.74,True,1.0
5,Faridabad,1,Tomato,2024-12-28,534.3,22.33,True,1.0
5,Faridabad,1,Tomato,2024-12-29,381.0,22.24,True,1.0
5,Faridabad,1,Tomato,2024-12-30,494.6,22.8,True,1.0
5,Faridabad,1,Tomato,2024-12-31,517.7,21.63,True,1.0
5,Faridabad,1,Tomato,2025-01-01,370.0,21.75,True,1.0
5,Faridabad,1,Tomato,2025-01-02,489.7,22.42,True,1.0
5,Faridabad,1,Tomato,2025-01-03,554.8,21.91,True,1.0
5,Faridabad,1,Tomato,2025-01-04,707.9,22.4,True,1.0
5,Faridabad,1,Tomato,2025-01-05,400.5,21.4,True,1.0
5,Faridabad,1,Tomato,2025-01-06,608.6,20.55,True,1.0
5,Faridabad,1,Tomato,2025-01-07,499.8,20.98,True,1.0
5,Faridabad,1,Tomato,2025-01-08,585.7,20.81,True,1.0
5,Faridabad,1,Tomato,2025-01-09,515.2,21.29,True,1.0
5,Faridabad,1,Tomato,2025-01-10,504.4,20.05,True,1.0
5,Faridabad,1,Tomato,2025-01-11,700.5,20.75,True,1.0
5,Faridabad,1,Tomato,2025-01-12,461.4,22.42,True,1.0
5,Faridabad,1,Tomato,2025-01-13,482.8,21.94,True,1.0
5,Faridabad,1,Tomato,2025-01-14,547.7,21.63,True,1.0
5,Faridabad,1,Tomato,2025-01-15,551.6,21.49,True,1.0
5,Faridabad,1,Tomato,2025-01-16,524.5,20.17,True,1.0
5,Faridabad,1,Tomato,2025-01-17,614.1,20.58,True,1.0
5,Faridabad,1,Tomato,2025-01-18,659.6,19.69,True,1.0
5,Faridabad,1,Tomato,2025-01-19,559.0,19.73,True,1.0
5,Faridabad,1,Tomato,2025-01-20,554.8,20.7,True,1.0
5,Faridabad,1,Tomato,2025-01-21,630.7,20.23,True,1.0
5,Faridabad,1,Tomato,2025-01-22,571.0,20.6,True,1.0
5,Faridabad,1,Tomato,2025-01-23,606.8,21.17,True,1.0
5,Faridabad,1,Tomato,2025-01-24,702.2,21.11,True,1.0
5,Faridabad,1,Tomato,2025-01-25,555.6,20.09,True,1.0
5,Faridabad,1,Tomato,2025-01-26,395.1,19.98,True,1.0
5,Faridabad,1,Tomato,2025-01-27,539.7,21.24,True,1.0
5,Faridabad,1,Tomato,2025-01-28,704.3,19.77,True,1.0
5,Faridabad,1,Tomato,2025-01-29,472.0,19.76,True,1.0
5,Faridabad,1,Tomato,2025-01-30,524.4,19.58,True,1.0
5,Faridabad,1,Tomato,2025-01-31,615.3,19.83,True,1.0
5,Faridabad,1,Tomato,2025-02-01,589.3,20.36,True,1.0
5,Faridabad,1,Tomato,2025-02-02,550.4,21.24,True,1.0
5,Faridabad,1,Tomato,2025-02-03,500.6,20.73,True,1.0
5,Faridabad,1,Tomato,2025-02-04,646.1,21.02,True,1.0
5,Faridabad,1,Tomato,2025-02-05,536.5,21.02,True,1.0
5,Faridabad,1,Tomato,2025-02-06,574.1,21.0,True,1.0
5,Faridabad,1,Tomato,2025-02-07,486.5,20.36,True,1.0
5,Faridabad,1,Tomato,2025-02-08,699.6,19.68,True,1.0
5,Faridabad,1,Tomato,2025-02-09,502.8,19.15,True,1.0
5,Faridabad,1,Tomato,2025-02-10,534.2,18.97,True,1.0
5,Faridabad,1,Tomato,2025-02-11,635.8,19.43,True,1.0
5,Faridabad,1,Tomato,2025-02-12,626.6,20.0,True,1.0
5,Faridabad,1,Tomato,2025-02-13,926.6,20.15,True,1.0
5,Faridabad,1,Tomato,2025-02-14,805.6,19.76,True,1.0
5,Faridabad,1,Tomato,2025-02-15,655.5,20.84,True,1.0
5,Faridabad,1,Tomato,2025-02-16,478.5,21.45,True,1.0
5,Faridabad,1,Tomato,2025-02-17,663.0,20.74,True,1.0
5,Faridabad,1,Tomato,2025-02-18,611.7,19.99,True,1.0
5,Faridabad,1,Tomato,2025-02-19,521.6,20.01,True,1.0
5,Faridabad,1,Tomato,2025-02-20,541.4,20.69,True,1.0
5,Faridabad,1,Tomato,2025-02-21,746.1,20.61,True,1.0
5,Faridabad,1,Tomato,2025-02-22,811.1,20.69,True,1.0
5,Faridabad,1,Tomato,2025-02-23,513.3,20.3,True,1.0
5,Faridabad,1,Tomato,2025-02-24,561.2,20.41,True,1.0
5,Faridabad,1,Tomato,2025-02-25,737.4,21.14,True,1.0
5,Faridabad,1,Tomato,2025-02-26,889.7,20.58,True,1.0
5,Faridabad,1,Tomato,2025-02-27,687.3,20.43,True,1.0
5,Faridabad,1,Tomato,2025-02-28,694.1,20.38,True,1.0
5,Faridabad,1,Tomato,2025-03-01,676.5,20.37,True,1.0
5,Faridabad,1,Tomato,2025-03-02,576.3,19.4,True,1.0
5,Faridabad,1,Tomato,2025-03-03,680.9,18.51,True,1.0
5,Faridabad,1,Tomato,2025-03-04,570.3,18.35,True,1.0
5,Faridabad,1,Tomato,2025-03-05,671.2,18.87,True,1.0
5,Faridabad,1,Tomato,2025-03-06,866.6,19.46,True,1.0
5,Faridabad,1,Tomato,2025-03-07,820.7,19.29,True,1.0
5,Faridabad,1,Tomato,2025-03-08,674.4,20.24,True,1.0
5,Faridabad,1,Tomato,2025-03-09,611.8,20.05,True,1.0
5,Faridabad,1,Tomato,2025-03-10,592.2,20.01,True,1.0
5,Faridabad,1,Tomato,2025-03-11,549.4,19.87,True,1.0
5,Faridabad,1,Tomato,2025-03-12,751.1,19.96,True,1.0
5,Faridabad,1,Tomato,2025-03-13,701.6,20.37,True,1.0
5,Faridabad,1,Tomato,2025-03-14,889.0,20.63,True,1.0
5,Faridabad,1,Tomato,2025-03-15,833.6,19.92,True,1.0
5,Faridabad,1,Tomato,2025-03-16,561.8,20.83,True,1.0
5,Faridabad,1,Tomato,2025-03-17,619.2,19.96,True,1.0
5,Faridabad,1,Tomato,2025-03-18,666.1,20.03,True,1.0
5,Faridabad,1,Tomato,2025-03-19,782.1,19.89,True,1.0
5,Faridabad,1,Tomato,2025-03-21,716.0,19.55,True,1.0
5,Faridabad,1,Tomato,2025-03-22,724.1,19.32,True,1.0
5,Faridabad,1,Tomato,2025-03-23,636.9,19.62,True,1.0
5,Faridabad,1,Tomato,2025-03-24,754.7,20.03,True,1.0
5,Faridabad,1,Tomato,2025-03-25,626.5,20.96,True,1.0
5,Faridabad,1,Tomato,2025-03-26,690.2,20.94,True,1.0
5,Faridabad,1,Tomato,2025-03-27,697.8,20.4,True,1.0
5,Faridabad,1,Tomato,2025-03-28,782.7,20.16,True,1.0
5,Faridabad,1,Tomato,2025-03-29,972.7,20.32,True,1.0
5,Faridabad,1,Tomato,2025-03-30,477.5,20.41,True,1.0
5,Faridabad,1,Tomato,2025-03-31,704.1,21.3,True,1.0
5,Faridabad,1,Tomato,2025-04-01,677.0,21.92,True,1.0
5,Faridabad,1,Tomato,2025-04-02,751.9,21.28,True,1.0
5,Faridabad,1,Tomato,2025-04-03,650.9,20.75,True,1.0
5,Faridabad,1,Tomato,2025-04-04,792.3,19.26,True,1.0
5,Faridabad,1,Tomato,2025-04-05,761.5,19.37,True,1.0
5,Faridabad,1,Tomato,2025-04-06,603.8,19.23,True,1.0
5,Faridabad,1,Tomato,2025-04-07,678.6,19.48,True,1.0
5,Faridabad,1,Tomato,2025-04-08,562.0,20.1,True,1.0
5,Faridabad,1,Tomato,2025-04-09,865.2,20.43,True,1.0
5,Faridabad,1,Tomato,2025-04-10,780.3,20.56,True,1.0
5,Faridabad,1,Tomato,2025-04-11,940.2,20.8,True,1.0
5,Faridabad,1,Tomato,2025-04-12,819.7,20.8,True,1.0
5,Faridabad,1,Tomato,2025-04-13,701.4,21.0,True,1.0
5,Faridabad,1,Tomato,2025-04-15,765.8,19.61,True,1.0
5,Faridabad,1,Tomato,2025-04-16,698.7,20.02,True,1.0
5,Faridabad,1,Tomato,2025-04-17,763.4,20.2,True,1.0
5,Faridabad,1,Tomato,2025-04-18,929.6,20.41,True,1.0
5,Faridabad,1,Tomato,2025-04-19,948.2,21.12,True,1.0
5,Faridabad,1,Tomato,2025-04-20,669.0,20.86,True,1.0
5,Faridabad,1,Tomato,2025-04-21,625.2,22.43,True,1.0
5,Faridabad,1,Tomato,2025-04-22,813.4,22.61,True,1.0
5,Faridabad,1,Tomato,2025-04-23,795.3,22.31,True,1.0
5,Faridabad,1,Tomato,2025-04-24,1100.9,21.99,True,1.0
5,Faridabad,1,Tomato,2025-04-25,888.9,21.87,True,1.0
5,Faridabad,1,Tomato,2025-04-26,1038.1,21.29,True,1.0
5,Faridabad,1,Tomato,2025-04-28,770.3,21.74,True,1.0
5,Faridabad,1,Tomato,2025-04-29,848.9,22.19,True,1.0
5,Faridabad,1,Tomato,2025-04-30,778.5,22.52,True,1.0
5,Faridabad,1,Tomato,2025-05-01,899.3,22.23,True,1.0
5,Faridabad,1,Tomato,2025-05-02,763.6,21.34,True,1.0
5,Faridabad,1,Tomato,2025-05-03,975.1,21.21,True,1.0
5,Faridabad,1,Tomato,2025-05-04,802.9,22.55,True,1.0
5,Faridabad,1,Tomato,2025-05-05,687.7,23.09,True,1.0
5,Faridabad,1,Tomato,2025-05-06,734.2,23.15,True,1.0
5,Faridabad,1,Tomato,2025-05-07,653.2,22.47,True,1.0
5,Faridabad,1,Tomato,2025-05-08,830.8,22.51,True,1.0
5,Faridabad,1,Tomato,2025-05-09,802.0,21.77,True,1.0
5,Faridabad,1,Tomato,2025-05-10,1064.4,21.71,True,1.0
5,Faridabad,1,Tomato,2025-05-11,806.3,21.88,True,1.0
5,Faridabad,1,Tomato,2025-05-12,829.2,21.95,True,1.0
5,Faridabad,1,Tomato,2025-05-13,744.7,22.86,True,1.0
5,Faridabad,1,Tomato,2025-05-14,756.4,22.0,True,1.0
5,Faridabad,1,Tomato,2025-05-15,898.4,21.78,True,1.0
5,Faridabad,1,Tomato,2025-05-16,1052.1,21.33,True,1.0
5,Faridabad,1,Tomato,2025-05-17,1174.9,21.12,True,1.0
5,Faridabad,1,Tomato,2025-05-18,631.4,21.83,True,1.0
5,Faridabad,1,Tomato,2025-05-19,672.5,21.29,True,1.0
5,Faridabad,1,Tomato,2025-05-20,683.1,22.39,True,1.0
5,Faridabad,1,Tomato,2025-05-21,872.4,22.56,True,1.0
5,Faridabad,1,Tomato,2025-05-22,737.6,22.91,True,1.0
5,Faridabad,1,Tomato,2025-05-23,843.6,23.35,True,1.0
5,Faridabad,1,Tomato,2025-05-24,991.8,23.18,True,1.0
5,Faridabad,1,Tomato,2025-05-25,736.3,24.06,True,1.0
5,Faridabad,1,Tomato,2025-05-26,862.2,23.87,True,1.0
5,Faridabad,1,Tomato,2025-05-27,755.5,24.31,True,1.0
5,Faridabad,1,Tomato,2025-05-28,899.3,24.08,True,1.0
5,Faridabad,1,Tomato,2025-05-29,1209.5,24.29,True,1.0
5,Faridabad,1,Tomato,2025-05-30,803.3,24.45,True,1.0
5,Faridabad,1,Tomato,2025-05-31,808.1,24.56,True,1.0
5,Faridabad,1,Tomato,2025-06-01,629.3,23.81,True,1.0
5,Faridabad,1,Tomato,2025-06-02,655.7,24.28,True,1.0
5,Faridabad,1,Tomato,2025-06-03,824.9,24.12,True,1.0
5,Faridabad,1,Tomato,2025-06-04,814.2,24.68,True,1.0
5,Faridabad,1,Tomato,2025-06-05,853.7,23.19,True,1.0
5,Faridabad,1,Tomato,2025-06-06,723.5,22.65,True,1.0
5,Faridabad,1,Tomato,2025-06-07,654.0,23.5,True,1.0
5,Faridabad,1,Tomato,2025-06-08,682.2,25.2,True,1.0
5,Faridabad,1,Tomato,2025-06-09,841.4,25.71,True,1.0
5,Faridabad,1,Tomato,2025-06-10,840.5,24.99,True,1.0
5,Faridabad,1,Tomato,2025-06-11,641.8,23.82,True,1.0
5,Faridabad,1,Tomato,2025-06-12,853.0,24.72,True,1.0
5,Faridabad,1,Tomato,2025-06-13,742.7,24.79,True,1.0
5,Faridabad,1,Tomato,2025-06-14,830.2,25.35,True,1.0
5,Faridabad,1,Tomato,2025-06-15,564.7,25.42,True,1.0
5,Faridabad,1,Tomato,2025-06-16,896.8,25.43,True,1.0
5,Faridabad,1,Tomato,2025-06-17,797.1,27.67,True,1.0
5,Faridabad,1,Tomato,2025-06-18,723.4,27.0,True,1.0
5,Faridabad,1,Tomato,2025-06-19,966.0,26.45,True,1.0
5,Faridabad,1,Tomato,2025-06-20,1022.6,26.11,True,1.0
5,Faridabad,1,Tomato,2025-06-21,766.1,25.56,True,1.0
5,Faridabad,1,Tomato,2025-06-22,598.6,26.36,True,1.0
5,Faridabad,1,Tomato,2025-06-23,717.1,25.94,True,1.0
5,Faridabad,1,Tomato,2025-06-24,778.5,26.4,True,1.0
5,Faridabad,1,Tomato,2025-06-25,975.1,26.49,True,1.0
5,Faridabad,1,Tomato,2025-06-26,713.6,27.28,True,1.0
5,Faridabad,1,Tomato,2025-06-27,788.8,27.25,True,1.0
5,Faridabad,1,Tomato,2025-06-28,1062.4,26.0,True,1.0
5,Faridabad,1,Tomato,2025-06-29,745.6,25.1,True,1.0
5,Faridabad,1,Tomato,2025-06-30,703.3,26.49,True,1.0
5,Faridabad,1,Tomato,2025-07-01,681.9,25.99,True,1.0
5,Faridabad,1,Tomato,2025-07-02,705.5,25.15,True,1.0
5,Faridabad,1,Tomato,2025-07-03,693.2,25.05,True,1.0
5,Faridabad,1,Tomato,2025-07-04,754.7,26.42,True,1.0
5,Faridabad,1,Tomato,2025-07-05,978.8,25.41,True,1.0
5,Faridabad,1,Tomato,2025-07-06,565.5,25.14,True,1.0
5,Faridabad,1,Tomato,2025-07-07,632.7,25.11,True,1.0
5,Faridabad,1,Tomato,2025-07-08,853.1,24.69,True,1.0
5,Faridabad,1,Tomato,2025-07-09,792.7,24.47,True,1.0
5,Faridabad,1,Tomato,2025-07-10,878.8,24.09,True,1.0
5,Faridabad,1,Tomato,2025-07-11,937.6,24.58,True,1.0
5,Faridabad,1,Tomato,2025-07-12,1006.3,25.01,True,1.0
5,Faridabad,1,Tomato,2025-07-13,575.0,25.1,True,1.0
5,Faridabad,1,Tomato,2025-07-14,748.3,24.49,True,1.0
5,Faridabad,1,Tomato,2025-07-15,639.2,26.17,True,1.0
5,Faridabad,1,Tomato,2025-07-16,643.2,25.47,True,1.0
5,Faridabad,1,Tomato,2025-07-17,715.9,26.19,True,1.0
5,Faridabad,1,Tomato,2025-07-18,892.5,25.7,True,1.0
5,Faridabad,1,Tomato,2025-07-19,911.9,26.67,True,1.0
5,Faridabad,1,Tomato,2025-07-20,617.6,27.61,True,1.0
5,Faridabad,1,Tomato,2025-07-21,759.7,26.86,True,1.0
5,Faridabad,1,Tomato,2025-07-22,917.8,25.59,True,1.0
5,Faridabad,1,Tomato,2025-07-23,786.6,26.66,True,1.0
5,Faridabad,1,Tomato,2025-07-24,690.9,28.39,True,1.0
5,Faridabad,1,Tomato,2025-07-25,912.6,28.47,True,1.0
5,Faridabad,1,Tomato,2025-07-26,697.5,28.33,True,1.0
5,Faridabad,1,Tomato,2025-07-27,562.6,28.78,True,1.0
5,Faridabad,1,Tomato,2025-07-28,506.5,29.07,True,1.0
5,Faridabad,1,Tomato,2025-07-29,895.4,27.98,True,1.0
5,Faridabad,1,Tomato,2025-07-30,872.0,27.38,True,1.0
5,Faridabad,1,Tomato,2025-07-31,736.5,27.98,True,1.0
5,Faridabad,1,Tomato,2025-08-01,896.3,27.81,True,1.0
5,Faridabad,1,Tomato,2025-08-03,580.6,28.0,True,1.0
5,Faridabad,1,Tomato,2025-08-04,613.3,28.57,True,1.0
5,Faridabad,1,Tomato,2025-08-05,645.0,28.65,True,1.0
5,Faridabad,1,Tomato,2025-08-06,625.7,28.33,True,1.0
5,Faridabad,1,Tomato,2025-08-07,671.0,29.18,True,1.0
5,Faridabad,1,Tomato,2025-08-08,703.3,29.38,True,1.0
5,Faridabad,1,Tomato,2025-08-09,759.0,28.14,True,1.0
5,Faridabad,1,Tomato,2025-08-10,572.3,28.63,True,1.0
5,Faridabad,1,Tomato,2025-08-11,689.0,29.59,True,1.0
5,Faridabad,1,Tomato,2025-08-12,601.3,29.02,True,1.0
5,Faridabad,1,Tomato,2025-08-13,954.3,28.53,True,1.0
5,Faridabad,1,Tomato,2025-08-14,594.4,27.86,True,1.0
5,Faridabad,1,Tomato,2025-08-15,729.2,27.93,True,1.0
5,Faridabad,1,Tomato,2025-08-16,740.2,28.54,True,1.0
5,Faridabad,1,Tomato,2025-08-17,606.2,27.77,True,1.0
5,Faridabad,1,Tomato,2025-08-18,665.8,26.83,True,1.0
5,Faridabad,1,Tomato,2025-08-19,688.9,26.93,True,1.0
5,Faridabad,1,Tomato,2025-08-20,660.1,26.24,True,1.0
5,Faridabad,1,Tomato,2025-08-21,715.1,27.22,True,1.0
5,Faridabad,1,Tomato,2025-08-22,1034.0,27.17,True,1.0
5,Faridabad,1,Tomato,2025-08-23,769.4,26.13,True,1.0
5,Faridabad,1,Tomato,2025-08-24,670.7,26.47,True,1.0
5,Faridabad,1,Tomato,2025-08-25,629.7,26.83,True,1.0
5,Faridabad,1,Tomato,2025-08-26,705.0,27.59,True,1.0
5,Faridabad,1,Tomato,2025-08-27,660.1,27.66,True,1.0
5,Faridabad,1,Tomato,2025-08-28,571.8,29.34,True,1.0
5,Faridabad,1,Tomato,2025-08-29,722.2,28.57,True,1.0
5,Faridabad,1,Tomato,2025-08-30,870.9,28.41,True,1.0
5,Faridabad,1,Tomato,2025-08-31,531.9,28.26,True,1.0
5,Faridabad,1,Tomato,2025-09-01,713.7,28.01,True,1.0
5,Faridabad,1,Tomato,2025-09-02,571.9,28.18,True,1.0
5,Faridabad,1,Tomato,2025-09-03,518.3,28.62,True,1.0
5,Faridabad,1,Tomato,2025-09-04,621.7,29.59,True,1.0
5,Faridabad,1,Tomato,2025-09-05,711.6,27.87,True,1.0
5,Faridabad,1,Tomato,2025-09-06,699.3,27.55,True,1.0
5,Faridabad,1,Tomato,2025-09-07,555.9,27.37,True,1.0
5,Faridabad,1,Tomato,2025-09-08,496.7,28.34,True,1.0
5,Faridabad,1,Tomato,2025-09-09,537.2,27.98,True,1.0
5,Faridabad,1,Tomato,2025-09-10,628.7,26.54,True,1.0
5,Faridabad,1,Tomato,2025-09-11,565.5,27.05,True,1.0
5,Faridabad,1,Tomato,2025-09-12,693.1,27.32,True,1.0
5,Faridabad,1,Tomato,2025-09-13,571.2,27.67,True,1.0
5,Faridabad,1,Tomato,2025-09-14,518.2,26.96,True,1.0
5,Faridabad,1,Tomato,2025-09-15,513.8,28.63,True,1.0
5,Faridabad,1,Tomato,2025-09-16,531.2,28.17,True,1.0
5,Faridabad,1,Tomato,2025-09-17,500.1,27.95,True,1.0
5,Faridabad,1,Tomato,2025-09-18,525.3,27.23,True,1.0
5,Faridabad,1,Tomato,2025-09-19,577.1,26.7,True,1.0
5,Faridabad,1,Tomato,2025-09-20,656.7,26.11,True,1.0
5,Faridabad,1,Tomato,2025-09-21,376.7,26.32,True,1.0
5,Faridabad,1,Tomato,2025-09-22,499.7,26.03,True,1.0
5,Faridabad,1,Tomato,2025-09-23,496.9,28.14,True,1.0
5,Faridabad,1,Tomato,2025-09-24,563.3,26.54,True,1.0
5,Faridabad,1,Tomato,2025-09-25,590.5,26.03,True,1.0
5,Faridabad,1,Tomato,2025-09-26,595.6,26.21,True,1.0
5,Faridabad,1,Tomato,2025-09-27,659.0,27.14,True,1.0
5,Faridabad,1,Tomato,2025-09-28,565.0,26.95,True,1.0
5,Faridabad,1,Tomato,2025-09-29,589.4,27.66,True,1.0
5,Faridabad,1,Tomato,2025-09-30,579.8,26.84,True,1.0
5,Faridabad,1,Tomato,2025-10-01,514.2,27.07,True,1.0
5,Faridabad,1,Tomato,2025-10-02,531.6,28.57,True,1.0
5,Faridabad,1,Tomato,2025-10-03,533.9,27.44,True,1.0
5,Faridabad,1,Tomato,2025-10-04,602.9,27.74,True,1.0
5,Faridabad,1,Tomato,2025-10-05,450.5,27.77,True,1.0
5,Faridabad,1,Tomato,2025-10-06,564.0,25.89,True,1.0
5,Faridabad,1,Tomato,2025-10-07,553.9,25.84,True,1.0
5,Faridabad,1,Tomato,2025-10-08,513.8,27.09,True,1.0
5,Faridabad,1,Tomato,2025-10-09,493.7,27.2,True,1.0
5,Faridabad,1,Tomato,2025-10-10,623.3,26.23,True,1.0
5,Faridabad,1,Tomato,2025-10-11,675.4,26.99,True,1.0
5,Faridabad,1,Tomato,2025-10-12,422.1,26.61,True,1.0
5,Faridabad,1,Tomato,2025-10-13,566.4,26.97,True,1.0
5,Faridabad,1,Tomato,2025-10-14,462.8,27.23,True,1.0
5,Faridabad,1,Tomato,2025-10-15,598.3,26.25,True,1.0
5,Faridabad,1,Tomato,2025-10-17,638.2,26.14,True,1.0
5,Faridabad,1,Tomato,2025-10-18,554.3,25.32,True,1.0
5,Faridabad,1,Tomato,2025-10-19,405.6,25.05,True,1.0
5,Faridabad,1,Tomato,2025-10-20,502.5,25.23,True,1.0
5,Faridabad,1,Tomato,2025-10-21,460.5,25.67,True,1.0
5,Faridabad,1,Tomato,2025-10-22,429.1,25.32,True,1.0
5,Faridabad,1,Tomato,2025-10-23,441.9,26.18,True,1.0
5,Faridabad,1,Tomato,2025-10-24,484.9,26.4,True,1.0
5,Faridabad,1,Tomato,2025-10-25,711.1,25.82,True,1.0
5,Faridabad,1,Tomato,2025-10-26,432.1,26.59,True,1.0
5,Faridabad,1,Tomato,2025-10-27,517.7,27.33,True,1.0
5,Faridabad,1,Tomato,2025-10-28,536.5,26.86,True,1.0
5,Faridabad,1,Tomato,2025-10-29,428.2,26.43,True,1.0
5,Faridabad,1,Tomato,2025-10-30,458.3,24.97,True,1.0
5,Faridabad,1,Tomato,2025-10-31,603.6,24.94,True,1.0
5,Faridabad,1,Tomato,2025-11-01,530.5,24.97,True,1.0
5,Faridabad,1,Tomato,2025-11-02,356.2,25.37,True,1.0
5,Faridabad,1,Tomato,2025-11-03,492.0,25.33,True,1.0
5,Faridabad,1,Tomato,2025-11-04,552.6,25.58,True,1.0
5,Faridabad,1,Tomato,2025-11-05,524.5,26.7,True,1.0
5,Faridabad,1,Tomato,2025-11-06,465.5,25.92,True,1.0
5,Faridabad,1,Tomato,2025-11-07,539.1,25.4,True,1.0
5,Faridabad,1,Tomato,2025-11-08,478.5,24.44,True,1.0
5,Faridabad,1,Tomato,2025-11-09,446.6,24.67,True,1.0
5,Faridabad,1,Tomato,2025-11-10,438.2,25.52,True,1.0
5,Faridabad,1,Tomato,2025-11-11,384.9,24.15,True,1.0
5,Faridabad,1,Tomato,2025-11-12,421.0,23.95,True,1.0
5,Faridabad,1,Tomato,2025-11-13,519.2,24.27,True,1.0
5,Faridabad,1,Tomato,2025-11-14,433.2,25.05,True,1.0
5,Faridabad,1,Tomato,2025-11-15,589.9,25.26,True,1.0
5,Faridabad,1,Tomato,2025-11-16,355.2,25.34,True,1.0
5,Faridabad,1,Tomato,2025-11-17,481.0,24.97,True,1.0
5,Faridabad,1,Tomato,2025-11-18,475.2,25.2,True,1.0
5,Faridabad,1,Tomato,2025-11-19,489.5,25.73,True,1.0
5,Faridabad,1,Tomato,2025-11-20,521.7,24.14,True,1.0
5,Faridabad,1,Tomato,2025-11-21,572.1,24.72,True,1.0
5,Faridabad,1,Tomato,2025-11-22,467.6,24.53,True,1.0
5,Faridabad,1,Tomato,2025-11-23,393.4,24.07,True,1.0
5,Faridabad,1,Tomato,2025-11-24,505.7,22.48,True,1.0
5,Faridabad,1,Tomato,2025-11-25,465.6,22.06,True,1.0
5,Faridabad,1,Tomato,2025-11-26,536.2,23.76,True,1.0
5,Faridabad,1,Tomato,2025-11-27,457.2,23.35,True,1.0
5,Faridabad,1,Tomato,2025-11-28,523.8,22.79,True,1.0
5,Faridabad,1,Tomato,2025-11-29,614.5,22.79,True,1.0
5,Faridabad,1,Tomato,2025-11-30,423.7,22.58,True,1.0
5,Faridabad,1,Tomato,2025-12-01,469.4,22.98,True,1.0
5,Faridabad,1,Tomato,2025-12-02,454.9,24.19,True,1.0
5,Faridabad,1,Tomato,2025-12-03,564.2,23.59,True,1.0
5,Faridabad,1,Tomato,2025-12-04,629.4,23.65,True,1.0
5,Faridabad,1,Tomato,2025-12-05,504.8,22.81,True,1.0
5,Faridabad,1,Tomato,2025-12-06,522.0,23.97,True,1.0
5,Faridabad,1,Tomato,2025-12-07,369.6,23.88,True,1.0
5,Faridabad,1,Tomato,2025-12-08,694.5,22.94,True,1.0
5,Faridabad,1,Tomato,2025-12-09,444.3,23.59,True,1.0
5,Faridabad,1,Tomato,2025-12-10,453.9,24.23,True,1.0
5,Faridabad,1,Tomato,2025-12-11,542.2,23.95,True,1.0
5,Faridabad,1,Tomato,2025-12-12,619.3,22.54,True,1.0
5,Faridabad,1,Tomato,2025-12-13,478.5,23.81,True,1.0
5,Faridabad,1,Tomato,2025-12-14,364.6,23.69,True,1.0
5,Faridabad,1,Tomato,2025-12-15,470.3,24.17,True,1.0
5,Faridabad,1,Tomato,2025-12-16,437.8,23.32,True,1.0
5,Faridabad,1,Tomato,2025-12-17,575.7,22.82,True,1.0
5,Faridabad,1,Tomato,2025-12-18,534.2,22.79,True,1.0
5,Faridabad,1,Tomato,2025-12-19,506.0,23.4,True,1.0
5,Faridabad,1,Tomato,2025-12-20,667.5,23.17,True,1.0
5,Faridabad,1,Tomato,2025-12-21,380.1,22.09,True,1.0
5,Faridabad,1,Tomato,2025-12-22,539.2,22.29,True,1.0
5,Faridabad,1,Tomato,2025-12-23,496.7,23.3,True,1.0
5,Faridabad,1,Tomato,2025-12-24,530.3,22.97,True,1.0
5,Faridabad,1,Tomato,2025-12-25,586.8,22.76,True,1.0
5,Faridabad,1,Tomato,2025-12-26,529.5,21.72,True,1.0
5,Faridabad,1,Tomato,2025-12-27,541.6,20.91,True,1.0
5,Faridabad,1,Tomato,2025-12-28,490.0,20.8,True,1.0
5,Faridabad,1,Tomato,2025-12-29,526.0,20.88,True,1.0
5,Faridabad,1,Tomato,2025-12-30,425.7,21.19,True,1.0
5,Faridabad,1,Tomato,2025-12-31,478.1,21.42,True,1.0
5,Faridabad,1,Tomato,2026-01-01,536.8,22.46,True,1.0
5,Faridabad,1,Tomato,2026-01-02,621.2,22.21,True,1.0
5,Faridabad,1,Tomato,2026-01-03,515.1,22.65,True,1.0
5,Faridabad,1,Tomato,2026-01-04,417.9,22.24,True,1.0
5,Faridabad,1,Tomato,2026-01-05,473.8,22.89,True,1.0
5,Faridabad,1,Tomato,2026-01-06,618.7,21.23,True,1.0
5,Faridabad,1,Tomato,2026-01-07,565.0,20.87,True,1.0
5,Faridabad,1,Tomato,2026-01-08,510.3,21.55,True,1.0
5,Faridabad,1,Tomato,2026-01-09,523.4,21.32,True,1.0
5,Faridabad,1,Tomato,2026-01-10,667.9,21.81,True,1.0
5,Faridabad,1,Tomato,2026-01-11,402.7,21.81,True,1.0
5,Faridabad,1,Tomato,2026-01-12,633.1,22.14,True,1.0
5,Faridabad,1,Tomato,2026-01-13,551.5,22.15,True,1.0
5,Faridabad,1,Tomato,2026-01-14,642.7,22.18,True,1.0
5,Faridabad,1,Tomato,2026-01-15,580.2,22.71,True,1.0
5,Faridabad,1,Tomato,2026-01-16,660.2,22.74,True,1.0
5,Faridabad,1,Tomato,2026-01-17,752.8,22.75,True,1.0
5,Faridabad,1,Tomato,2026-01-18,495.0,22.12,True,1.0
5,Faridabad,1,Tomato,2026-01-19,575.9,21.31,True,1.0
5,Faridabad,1,Tomato,2026-01-20,546.1,20.7,True,1.0
5,Faridabad,1,Tomato,2026-01-21,631.3,21.1,True,1.0
5,Faridabad,1,Tomato,2026-01-22,590.5,19.51,True,1.0
5,Faridabad,1,Tomato,2026-01-24,663.6,18.94,True,1.0
5,Faridabad,1,Tomato,2026-01-25,399.2,19.23,True,1.0
5,Faridabad,1,Tomato,2026-01-26,711.7,18.14,True,1.0
5,Faridabad,1,Tomato,2026-01-27,681.0,19.46,True,1.0
5,Faridabad,1,Tomato,2026-01-28,673.2,20.04,True,1.0
5,Faridabad,1,Tomato,2026-01-29,819.3,21.28,True,1.0
5,Faridabad,1,Tomato,2026-01-30,765.5,21.6,True,1.0
5,Faridabad,1,Tomato,2026-01-31,541.1,21.8,True,1.0
5,Faridabad,1,Tomato,2026-02-01,400.4,22.71,True,1.0
5,Faridabad,1,Tomato,2026-02-02,567.2,21.55,True,1.0
5,Faridabad,1,Tomato,2026-02-03,541.6,20.22,True,1.0
5,Faridabad,1,Tomato,2026-02-04,715.8,20.04,True,1.0
5,Faridabad,1,Tomato,2026-02-05,579.6,19.58,True,1.0
5,Faridabad,1,Tomato,2026-02-06,616.3,19.57,True,1.0
5,Faridabad,1,Tomato,2026-02-07,728.5,19.11,True,1.0
5,Faridabad,1,Tomato,2026-02-08,391.2,19.69,True,1.0
5,Faridabad,1,Tomato,2026-02-09,533.7,20.06,True,1.0
5,Faridabad,1,Tomato,2026-02-10,579.9,20.01,True,1.0
5,Faridabad,1,Tomato,2026-02-11,578.5,20.16,True,1.0
5,Faridabad,1,Tomato,2026-02-12,888.1,20.0,True,1.0
5,Faridabad,1,Tomato,2026-02-13,755.6,20.4,True,1.0
5,Faridabad,1,Tomato,2026-02-14,753.1,20.28,True,1.0
5,Faridabad,1,Tomato,2026-02-15,487.5,20.0,True,1.0
5,Faridabad,1,Tomato,2026-02-16,627.5,20.49,True,1.0
5,Faridabad,1,Tomato,2026-02-17,546.3,21.04,True,1.0
5,Faridabad,1,Tomato,2026-02-18,733.0,21.47,True,1.0
5,Faridabad,1,Tomato,2026-02-19,711.0,20.38,True,1.0
5,Faridabad,1,Tomato,2026-02-20,900.2,19.9,True,1.0
5,Faridabad,1,Tomato,2026-02-21,734.9,18.93,True,1.0
5,Faridabad,1,Tomato,2026-02-22,572.8,19.06,True,1.0
5,Faridabad,1,Tomato,2026-02-23,613.6,19.51,True,1.0
5,Faridabad,1,Tomato,2026-02-24,613.4,19.52,True,1.0
5,Faridabad,1,Tomato,2026-02-25,715.0,20.71,True,1.0
5,Faridabad,1,Tomato,2026-02-26,756.9,20.2,True,1.0
5,Faridabad,1,Tomato,2026-02-27,701.0,19.46,True,1.0
5,Faridabad,1,Tomato,2026-02-28,688.7,19.88,True,1.0
5,Faridabad,1,Tomato,2026-03-01,519.5,19.94,True,1.0
5,Faridabad,1,Tomato,2026-03-02,764.3,20.22,True,1.0
5,Faridabad,1,Tomato,2026-03-03,692.7,20.27,True,1.0
5,Faridabad,1,Tomato,2026-03-04,749.4,20.28,True,1.0
5,Faridabad,1,Tomato,2026-03-05,853.8,18.96,True,1.0
5,Faridabad,1,Tomato,2026-03-06,633.8,18.82,True,1.0
5,Faridabad,1,Tomato,2026-03-07,620.6,18.81,True,1.0
5,Faridabad,1,Tomato,2026-03-08,583.3,18.93,True,1.0
5,Faridabad,1,Tomato,2026-03-09,685.0,18.96,True,1.0
5,Faridabad,1,Tomato,2026-03-10,569.8,19.47,True,1.0
5,Faridabad,1,Tomato,2026-03-11,619.8,19.94,True,1.0
5,Faridabad,1,Tomato,2026-03-12,785.9,19.3,True,1.0
5,Faridabad,1,Tomato,2026-03-13,729.7,19.88,True,1.0
5,Faridabad,1,Tomato,2026-03-14,963.1,20.24,True,1.0
5,Faridabad,1,Tomato,2026-03-15,479.6,20.43,True,1.0
5,Faridabad,1,Tomato,2026-03-16,561.1,19.5,True,1.0
5,Faridabad,1,Tomato,2026-03-17,650.1,19.91,True,1.0
5,Faridabad,1,Tomato,2026-03-18,871.0,20.0,True,1.0
5,Faridabad,1,Tomato,2026-03-19,785.9,20.58,True,1.0
5,Faridabad,1,Tomato,2026-03-20,963.7,21.51,True,1.0
5,Faridabad,1,Tomato,2026-03-21,864.6,22.07,True,1.0
5,Faridabad,1,Tomato,2026-03-22,766.5,21.55,True,1.0
5,Faridabad,1,Tomato,2026-03-23,697.8,21.13,True,1.0
5,Faridabad,1,Tomato,2026-03-24,663.5,21.24,True,1.0
5,Faridabad,1,Tomato,2026-03-25,669.0,20.28,True,1.0
5,Faridabad,1,Tomato,2026-03-26,745.0,19.46,True,1.0
5,Faridabad,1,Tomato,2026-03-27,992.3,19.46,True,1.0
5,Faridabad,1,Tomato,2026-03-28,839.3,20.42,True,1.0
5,Faridabad,1,Tomato,2026-03-29,651.3,20.23,True,1.0
5,Faridabad,1,Tomato,2026-03-30,856.2,21.18,True,1.0
5,Faridabad,1,Tomato,2026-03-31,927.6,19.36,True,1.0
5,Faridabad,1,Tomato,2026-04-01,810.8,18.83,True,1.0
5,Faridabad,1,Tomato,2026-04-02,709.8,19.26,True,1.0
5,Faridabad,1,Tomato,2026-04-03,722.3,20.16,True,1.0
5,Faridabad,1,Tomato,2026-04-04,954.2,20.27,True,1.0
5,Faridabad,1,Tomato,2026-04-05,689.9,20.34,True,1.0
5,Faridabad,1,Tomato,2026-04-06,791.3,20.38,True,1.0
5,Faridabad,1,Tomato,2026-04-07,786.1,19.5,True,1.0
5,Faridabad,1,Tomato,2026-04-08,705.6,20.56,True,1.0
5,Faridabad,1,Tomato,2026-04-09,757.7,20.25,True,1.0
5,Faridabad,1,Tomato,2026-04-10,867.7,21.1,True,1.0
5,Faridabad,1,Tomato,2026-04-11,919.3,21.02,True,1.0
5,Faridabad,1,Tomato,2026-04-12,787.5,21.67,True,1.0
5,Faridabad,1,Tomato,2026-04-13,569.8,21.7,True,1.0
5,Faridabad,1,Tomato,2026-04-14,684.2,21.47,True,1.0
5,Faridabad,1,Tomato,2026-04-15,840.0,21.52,True,1.0
5,Faridabad,1,Tomato,2026-04-16,838.1,20.55,True,1.0
5,Faridabad,1,Tomato,2026-04-17,1019.6,20.77,True,1.0
5,Faridabad,1,Tomato,2026-04-18,909.4,22.0,True,1.0
5,Faridabad,1,Tomato,2026-04-19,717.7,22.65,True,1.0
5,Faridabad,1,Tomato,2026-04-20,785.3,21.67,True,1.0
5,Faridabad,1,Tomato,2026-04-21,876.3,21.94,True,1.0
5,Faridabad,1,Tomato,2026-04-22,676.9,21.99,True,1.0
5,Faridabad,1,Tomato,2026-04-23,767.9,22.4,True,1.0
5,Faridabad,1,Tomato,2026-04-25,831.5,21.95,True,1.0
5,Faridabad,1,Tomato,2026-04-26,633.3,22.76,True,1.0
5,Faridabad,1,Tomato,2026-04-27,947.7,22.63,True,1.0
5,Faridabad,1,Tomato,2026-04-28,645.4,23.24,True,1.0
5,Faridabad,1,Tomato,2026-04-29,820.4,23.51,True,1.0
5,Faridabad,1,Tomato,2026-04-30,725.8,22.86,True,1.0
5,Faridabad,1,Tomato,2026-05-01,865.8,22.53,True,1.0
5,Faridabad,1,Tomato,2026-05-02,1195.9,23.7,True,1.0
5,Faridabad,1,Tomato,2026-05-03,609.4,23.39,True,1.0
5,Faridabad,1,Tomato,2026-05-04,905.7,22.58,True,1.0
5,Faridabad,1,Tomato,2026-05-05,768.4,21.76,True,1.0
5,Faridabad,1,Tomato,2026-05-06,749.3,22.59,True,1.0
5,Faridabad,1,Tomato,2026-05-07,1011.4,22.68,True,1.0
5,Faridabad,1,Tomato,2026-05-08,996.4,22.15,True,1.0
5,Faridabad,1,Tomato,2026-05-09,791.9,22.74,True,1.0
5,Faridabad,1,Tomato,2026-05-10,776.7,22.84,True,1.0
5,Faridabad,1,Tomato,2026-05-11,739.0,21.78,True,1.0
5,Faridabad,1,Tomato,2026-05-12,993.2,22.48,True,1.0
5,Faridabad,1,Tomato,2026-05-13,790.9,23.5,True,1.0
5,Faridabad,1,Tomato,2026-05-14,853.5,25.12,True,1.0
5,Faridabad,1,Tomato,2026-05-15,1010.1,24.52,True,1.0
5,Faridabad,1,Tomato,2026-05-16,1017.0,24.27,True,1.0
5,Faridabad,1,Tomato,2026-05-17,530.9,25.08,True,1.0
5,Faridabad,1,Tomato,2026-05-18,656.9,24.65,True,1.0
5,Faridabad,1,Tomato,2026-05-19,986.9,24.45,True,1.0
5,Faridabad,1,Tomato,2026-05-20,729.2,23.72,True,1.0
5,Faridabad,1,Tomato,2026-05-21,1178.9,22.73,True,1.0
5,Faridabad,1,Tomato,2026-05-22,931.3,23.59,True,1.0
5,Faridabad,1,Tomato,2026-05-23,868.8,22.77,True,1.0
5,Faridabad,1,Tomato,2026-05-24,715.6,23.82,True,1.0
5,Faridabad,1,Tomato,2026-05-25,876.7,23.29,True,1.0
5,Faridabad,1,Tomato,2026-05-26,939.8,23.64,True,1.0
5,Faridabad,1,Tomato,2026-05-27,784.9,23.48,True,1.0
5,Faridabad,1,Tomato,2026-05-28,859.4,24.45,True,1.0
5,Faridabad,1,Tomato,2026-05-29,930.2,24.55,True,1.0
5,Faridabad,1,Tomato,2026-05-30,1017.6,25.84,True,1.0
5,Faridabad,1,Tomato,2026-05-31,790.4,24.58,True,1.0
5,Faridabad,1,Tomato,2026-06-01,726.3,24.79,True,1.0
5,Faridabad,1,Tomato,2026-06-02,832.8,24.7,True,1.0
5,Faridabad,1,Tomato,2026-06-04,852.5,25.89,True,1.0
5,Faridabad,1,Tomato,2026-06-05,929.5,25.93,True,1.0
5,Faridabad,1,Tomato,2026-06-06,944.4,24.72,True,1.0
5,Faridabad,1,Tomato,2026-06-07,741.3,25.11,True,1.0
5,Faridabad,1,Tomato,2026-06-08,644.4,24.72,True,1.0
5,Faridabad,1,Tomato,2026-06-09,754.9,24.44,True,1.0
5,Faridabad,1,Tomato,2026-06-10,731.1,25.34,True,1.0
5,Faridabad,1,Tomato,2026-06-11,1013.4,24.81,True,1.0
5,Faridabad,1,Tomato,2026-06-12,817.5,24.63,True,1.0
5,Faridabad,1,Tomato,2026-06-13,1082.1,24.81,True,1.0
5,Faridabad,1,Tomato,2026-06-14,778.2,25.62,True,1.0
5,Faridabad,1,Tomato,2026-06-15,632.1,25.95,True,1.0
5,Faridabad,1,Tomato,2026-06-16,683.2,25.61,True,1.0
5,Faridabad,1,Tomato,2026-06-17,867.4,25.36,True,1.0
5,Faridabad,1,Tomato,2026-06-18,904.9,24.58,True,1.0
5,Faridabad,1,Tomato,2026-06-19,656.9,24.34,True,1.0
5,Faridabad,1,Tomato,2026-06-20,950.2,24.26,True,1.0
5,Faridabad,1,Tomato,2026-06-21,590.8,24.58,True,1.0
5,Faridabad,1,Tomato,2026-06-22,617.0,26.39,True,1.0
5,Faridabad,1,Tomato,2026-06-23,774.0,25.72,True,1.0
5,Faridabad,1,Tomato,2026-06-24,936.5,25.56,True,1.0
5,Faridabad,1,Tomato,2026-06-25,699.9,24.22,True,1.0
5,Faridabad,1,Tomato,2026-06-26,928.6,25.18,True,1.0
5,Faridabad,1,Tomato,2026-06-27,931.8,24.33,True,1.0
5,Faridabad,1,Tomato,2026-06-28,557.5,24.23,True,1.0
5,Faridabad,1,Tomato,2026-06-29,883.7,25.56,True,1.0
5,Faridabad,1,Tomato,2026-06-30,677.9,24.27,True,1.0
5,Faridabad,1,Tomato,2026-07-01,908.3,24.94,True,1.0
5,Faridabad,1,Tomato,2026-07-02,970.6,25.96,True,1.0
5,Faridabad,1,Tomato,2026-07-03,686.7,27.27,True,1.0
5,Faridabad,1,Tomato,2026-07-04,888.5,26.34,True,1.0
5,Faridabad,1,Tomato,2026-07-05,676.1,25.95,True,1.0
5,Faridabad,1,Tomato,2026-07-06,832.8,27.53,True,1.0
5,Faridabad,1,Tomato,2026-07-07,710.6,27.26,True,1.0
5,Faridabad,1,Tomato,2026-07-08,654.7,26.54,True,1.0
5,Faridabad,1,Tomato,2026-07-09,807.7,26.08,True,1.0
5,Faridabad,1,Tomato,2026-07-10,947.3,25.59,True,1.0
5,Faridabad,1,Tomato,2026-07-11,840.1,25.65,True,1.0
5,Faridabad,1,Tomato,2026-07-12,582.5,26.86,True,1.0
5,Faridabad,1,Tomato,2026-07-13,747.9,27.59,True,1.0
5,Faridabad,1,Tomato,2026-07-14,739.3,26.53,True,1.0
5,Faridabad,1,Tomato,2026-07-15,844.8,26.86,True,1.0
5,Faridabad,1,Tomato,2026-07-16,672.0,26.64,True,1.0
5,Faridabad,1,Tomato,2026-07-17,936.9,27.42,True,1.0
5,Faridabad,1,Tomato,2026-07-18,919.7,27.24,True,1.0
5,Faridabad,1,Tomato,2026-07-19,635.4,27.55,True,1.0
5,Faridabad,1,Tomato,2026-07-20,733.2,27.36,True,1.0
5,Faridabad,1,Tomato,2026-07-21,667.3,25.71,True,1.0
5,Faridabad,1,Tomato,2026-07-22,709.0,26.25,True,1.0
5,Faridabad,1,Tomato,2026-07-23,794.7,25.66,True,1.0
5,Faridabad,1,Tomato,2026-07-24,703.8,26.77,True,1.0
5,Faridabad,1,Tomato,2026-07-25,950.8,26.48,True,1.0
5,Faridabad,1,Tomato,2026-07-26,730.3,26.35,True,1.0
5,Faridabad,1,Tomato,2026-07-27,759.7,26.72,True,1.0
5,Faridabad,1,Tomato,2026-07-28,623.4,27.44,True,1.0
5,Faridabad,1,Tomato,2026-07-29,739.5,27.39,True,1.0
5,Faridabad,1,Tomato,2026-07-30,720.3,28.81,True,1.0
5,Faridabad,1,Tomato,2026-07-31,958.1,29.86,True,1.0
5,Faridabad,1,Tomato,2026-08-01,800.1,30.69,True,1.0
5,Faridabad,1,Tomato,2026-08-02,599.5,29.6,True,1.0
5,Faridabad,1,Tomato,2026-08-03,609.8,27.86,True,1.0
5,Faridabad,1,Tomato,2026-08-04,554.2,28.86,True,1.0
5,Faridabad,1,Tomato,2026-08-05,685.6,28.23,True,1.0
5,Faridabad,1,Tomato,2026-08-06,623.7,28.17,True,1.0
5,Faridabad,1,Tomato,2026-08-07,699.4,28.62,True,1.0
5,Faridabad,1,Tomato,2026-08-08,1241.4,27.15,True,1.0
5,Faridabad,1,Tomato,2026-08-09,632.1,28.71,True,1.0
5,Faridabad,1,Tomato,2026-08-10,540.2,29.23,True,1.0
5,Faridabad,1,Tomato,2026-08-11,694.6,29.16,True,1.0
5,Faridabad,1,Tomato,2026-08-12,569.5,29.57,True,1.0
5,Faridabad,1,Tomato,2026-08-13,874.6,29.58,True,1.0
5,Faridabad,1,Tomato,2026-08-14,628.8,29.23,True,1.0
5,Faridabad,1,Tomato,2026-08-15,656.7,28.64,True,1.0
5,Faridabad,1,Tomato,2026-08-16,477.9,27.89,True,1.0
5,Faridabad,1,Tomato,2026-08-17,653.2,28.2,True,1.0
5,Faridabad,1,Tomato,2026-08-18,646.5,28.48,True,1.0
5,Faridabad,1,Tomato,2026-08-19,775.6,29.27,True,1.0
5,Faridabad,1,Tomato,2026-08-20,583.4,29.11,True,1.0
5,Faridabad,1,Tomato,2026-08-21,726.4,28.13,True,1.0
5,Faridabad,1,Tomato,2026-08-22,807.7,26.91,True,1.0
5,Faridabad,1,Tomato,2026-08-23,500.3,27.19,True,1.0
5,Faridabad,1,Tomato,2026-08-24,690.1,27.47,True,1.0
5,Faridabad,1,Tomato,2026-08-25,688.8,27.61,True,1.0
5,Faridabad,1,Tomato,2026-08-26,648.1,26.6,True,1.0
5,Faridabad,1,Tomato,2026-08-27,674.2,27.91,True,1.0
5,Faridabad,1,Tomato,2026-08-28,578.2,28.87,True,1.0
5,Faridabad,1,Tomato,2026-08-29,929.8,28.0,True,1.0
5,Faridabad,1,Tomato,2026-08-30,555.0,28.72,True,1.0
5,Faridabad,1,Tomato,2026-08-31,590.6,29.35,True,1.0
5,Faridabad,1,Tomato,2026-09-01,534.2,26.4,True,1.0
5,Faridabad,1,Tomato,2026-09-02,636.7,26.4,True,1.0
5,Faridabad,1,Tomato,2026-09-03,643.9,26.4,True,1.0
5,Faridabad,1,Tomato,2026-09-04,743.3,26.4,True,1.0
5,Faridabad,1,Tomato,2026-09-05,644.2,26.4,True,1.0
5,Faridabad,1,Tomato,2026-09-06,432.5,26.4,True,1.0
5,Faridabad,1,Tomato,2026-09-07,723.2,26.4,True,1.0
5,Faridabad,1,Tomato,2026-09-08,722.6,26.4,True,1.0
5,Faridabad,1,Tomato,2026-09-09,645.2,26.4,True,1.0
5,Faridabad,1,Tomato,2026-09-10,709.7,26.4,True,1.0
5,Faridabad,1,Tomato,2026-09-11,690.6,26.4,True,1.0
5,Faridabad,1,Tomato,2026-09-12,620.6,26.4,True,1.0
5,Faridabad,1,Tomato,2026-09-13,549.1,26.4,True,1.0
5,Faridabad,1,Tomato,2026-09-14,564.8,26.4,True,1.0
5,Faridabad,1,Tomato,2026-09-15,601.4,26.4,True,1.0
5,Faridabad,1,Tomato,2026-09-16,663.7,26.4,True,1.0
5,Faridabad,1,Tomato,2026-09-17,644.1,26.4,True,1.0
5,Faridabad,1,Tomato,2026-09-18,705.2,26.4,True,1.0
5,Faridabad,1,Tomato,2026-09-19,783.2,26.4,True,1.0
5,Faridabad,1,Tomato,2026-09-20,438.3,26.4,True,1.0
5,Faridabad,1,Tomato,2026-09-21,582.8,26.4,True,1.0
5,Faridabad,1,Tomato,2026-09-22,548.1,26.4,True,1.0
5,Faridabad,1,Tomato,2026-09-23,562.1,26.4,True,1.0
5,Faridabad,1,Tomato,2026-09-24,519.2,26.4,True,1.0
5,Faridabad,1,Tomato,2026-09-25,562.3,26.4,True,1.0
5,Faridabad,1,Tomato,2026-09-26,711.1,26.4,True,1.0
5,Faridabad,1,Tomato,2026-09-27,511.4,26.4,True,1.0
5,Faridabad,1,Tomato,2026-09-28,685.8,26.4,True,1.0
5,Faridabad,1,Tomato,2026-09-29,560.2,26.4,True,1.0
5,Faridabad,1,Tomato,2026-09-30,539.3,26.4,True,1.0
5,Faridabad,2,Onion,2024-10-01,1175.9,23.86,True,1.0
5,Faridabad,2,Onion,2024-10-02,1015.8,26.51,True,1.0
5,Faridabad,2,Onion,2024-10-03,967.8,25.49,True,1.0
5,Faridabad,2,Onion,2024-10-04,993.6,25.06,True,1.0
5,Faridabad,2,Onion,2024-10-05,1409.7,23.13,True,1.0
5,Faridabad,2,Onion,2024-10-06,989.4,24.2,True,1.0
5,Faridabad,2,Onion,2024-10-07,868.2,23.82,True,1.0
5,Faridabad,2,Onion,2024-10-08,924.2,23.9,True,1.0
5,Faridabad,2,Onion,2024-10-09,829.9,23.64,True,1.0
5,Faridabad,2,Onion,2024-10-10,956.7,23.72,True,1.0
5,Faridabad,2,Onion,2024-10-11,1400.6,23.68,True,1.0
5,Faridabad,2,Onion,2024-10-12,806.7,23.82,True,1.0
5,Faridabad,2,Onion,2024-10-13,781.5,23.92,True,1.0
5,Faridabad,2,Onion,2024-10-14,765.8,23.92,True,1.0
5,Faridabad,2,Onion,2024-10-15,895.3,23.91,True,1.0
5,Faridabad,2,Onion,2024-10-16,842.4,24.94,True,1.0
5,Faridabad,2,Onion,2024-10-17,877.1,25.37,True,1.0
5,Faridabad,2,Onion,2024-10-18,1188.9,25.69,True,1.0
5,Faridabad,2,Onion,2024-10-19,993.4,24.74,True,1.0
5,Faridabad,2,Onion,2024-10-20,729.4,25.51,True,1.0
5,Faridabad,2,Onion,2024-10-21,918.7,25.97,True,1.0
5,Faridabad,2,Onion,2024-10-22,827.1,25.06,True,1.0
5,Faridabad,2,Onion,2024-10-23,1129.0,25.94,True,1.0
5,Faridabad,2,Onion,2024-10-24,903.3,24.95,True,1.0
5,Faridabad,2,Onion,2024-10-25,1102.2,23.49,True,1.0
5,Faridabad,2,Onion,2024-10-26,896.4,24.49,True,1.0
5,Faridabad,2,Onion,2024-10-27,690.2,24.35,True,1.0
5,Faridabad,2,Onion,2024-10-28,832.3,25.03,True,1.0
5,Faridabad,2,Onion,2024-10-29,1108.0,24.28,True,1.0
5,Faridabad,2,Onion,2024-10-30,1075.0,23.43,True,1.0
5,Faridabad,2,Onion,2024-10-31,1077.2,24.53,True,1.0
5,Faridabad,2,Onion,2024-11-01,974.6,23.5,True,1.0
5,Faridabad,2,Onion,2024-11-02,1177.4,22.7,True,1.0
5,Faridabad,2,Onion,2024-11-03,745.5,21.92,True,1.0
5,Faridabad,2,Onion,2024-11-04,1132.8,20.87,True,1.0
5,Faridabad,2,Onion,2024-11-05,1064.0,21.2,True,1.0
5,Faridabad,2,Onion,2024-11-06,974.1,20.75,True,1.0
5,Faridabad,2,Onion,2024-11-07,868.7,21.72,True,1.0
5,Faridabad,2,Onion,2024-11-08,1132.0,21.06,True,1.0
5,Faridabad,2,Onion,2024-11-09,1036.2,21.29,True,1.0
5,Faridabad,2,Onion,2024-11-10,831.9,23.66,True,1.0
5,Faridabad,2,Onion,2024-11-11,1034.2,24.06,True,1.0
5,Faridabad,2,Onion,2024-11-12,801.2,24.14,True,1.0
5,Faridabad,2,Onion,2024-11-13,1057.0,23.06,True,1.0
5,Faridabad,2,Onion,2024-11-14,900.3,23.23,True,1.0
5,Faridabad,2,Onion,2024-11-15,1029.4,23.54,True,1.0
5,Faridabad,2,Onion,2024-11-16,899.4,22.66,True,1.0
5,Faridabad,2,Onion,2024-11-17,737.3,23.17,True,1.0
5,Faridabad,2,Onion,2024-11-18,803.9,24.26,True,1.0
5,Faridabad,2,Onion,2024-11-19,915.2,23.98,True,1.0
5,Faridabad,2,Onion,2024-11-20,893.8,23.87,True,1.0
5,Faridabad,2,Onion,2024-11-21,1147.8,22.58,True,1.0
5,Faridabad,2,Onion,2024-11-22,1077.5,22.11,True,1.0
5,Faridabad,2,Onion,2024-11-23,1287.3,23.36,True,1.0
5,Faridabad,2,Onion,2024-11-24,703.9,23.11,True,1.0
5,Faridabad,2,Onion,2024-11-25,943.8,22.76,True,1.0
5,Faridabad,2,Onion,2024-11-26,949.4,22.66,True,1.0
5,Faridabad,2,Onion,2024-11-27,1350.5,23.0,True,1.0
5,Faridabad,2,Onion,2024-11-28,745.3,22.52,True,1.0
5,Faridabad,2,Onion,2024-11-29,781.0,23.01,True,1.0
5,Faridabad,2,Onion,2024-11-30,971.7,22.38,True,1.0
5,Faridabad,2,Onion,2024-12-01,873.4,23.33,True,1.0
5,Faridabad,2,Onion,2024-12-02,802.1,22.78,True,1.0
5,Faridabad,2,Onion,2024-12-03,1033.5,23.97,True,1.0
5,Faridabad,2,Onion,2024-12-04,1065.0,23.91,True,1.0
5,Faridabad,2,Onion,2024-12-05,801.0,23.29,True,1.0
5,Faridabad,2,Onion,2024-12-06,869.9,24.04,True,1.0
5,Faridabad,2,Onion,2024-12-07,1048.5,23.02,True,1.0
5,Faridabad,2,Onion,2024-12-08,688.4,22.86,True,1.0
5,Faridabad,2,Onion,2024-12-09,919.4,23.09,True,1.0
5,Faridabad,2,Onion,2024-12-10,782.4,23.17,True,1.0
5,Faridabad,2,Onion,2024-12-11,1473.9,22.0,True,1.0
5,Faridabad,2,Onion,2024-12-12,1001.1,21.88,True,1.0
5,Faridabad,2,Onion,2024-12-13,869.4,22.47,True,1.0
5,Faridabad,2,Onion,2024-12-14,1032.2,21.93,True,1.0
5,Faridabad,2,Onion,2024-12-15,846.7,23.21,True,1.0
5,Faridabad,2,Onion,2024-12-16,640.7,23.61,True,1.0
5,Faridabad,2,Onion,2024-12-17,731.4,23.21,True,1.0
5,Faridabad,2,Onion,2024-12-18,729.7,23.12,True,1.0
5,Faridabad,2,Onion,2024-12-19,752.9,24.45,True,1.0
5,Faridabad,2,Onion,2024-12-20,711.2,24.76,True,1.0
5,Faridabad,2,Onion,2024-12-21,990.6,24.57,True,1.0
5,Faridabad,2,Onion,2024-12-22,743.1,23.21,True,1.0
5,Faridabad,2,Onion,2024-12-23,865.4,24.32,True,1.0
5,Faridabad,2,Onion,2024-12-24,877.3,24.71,True,1.0
5,Faridabad,2,Onion,2024-12-25,967.2,24.13,True,1.0
5,Faridabad,2,Onion,2024-12-26,927.9,23.45,True,1.0
5,Faridabad,2,Onion,2024-12-27,1045.0,23.21,True,1.0
5,Faridabad,2,Onion,2024-12-28,1209.7,22.38,True,1.0
5,Faridabad,2,Onion,2024-12-29,722.4,22.27,True,1.0
5,Faridabad,2,Onion,2024-12-30,917.3,22.97,True,1.0
5,Faridabad,2,Onion,2024-12-31,753.6,21.81,True,1.0
5,Faridabad,2,Onion,2025-01-01,808.3,21.96,True,1.0
5,Faridabad,2,Onion,2025-01-02,866.3,22.31,True,1.0
5,Faridabad,2,Onion,2025-01-03,1022.8,22.54,True,1.0
5,Faridabad,2,Onion,2025-01-04,827.5,21.87,True,1.0
5,Faridabad,2,Onion,2025-01-05,630.9,21.41,True,1.0
5,Faridabad,2,Onion,2025-01-06,666.5,22.49,True,1.0
5,Faridabad,2,Onion,2025-01-08,873.5,22.69,True,1.0
5,Faridabad,2,Onion,2025-01-09,779.2,22.36,True,1.0
5,Faridabad,2,Onion,2025-01-10,828.2,23.13,True,1.0
5,Faridabad,2,Onion,2025-01-11,877.3,22.68,True,1.0
5,Faridabad,2,Onion,2025-01-12,676.0,21.89,True,1.0
5,Faridabad,2,Onion,2025-01-13,755.6,22.61,True,1.0
5,Faridabad,2,Onion,2025-01-14,747.9,22.55,True,1.0
5,Faridabad,2,Onion,2025-01-15,890.3,23.45,True,1.0
5,Faridabad,2,Onion,2025-01-16,784.7,23.72,True,1.0
5,Faridabad,2,Onion,2025-01-17,837.6,23.14,True,1.0
5,Faridabad,2,Onion,2025-01-18,1034.5,22.58,True,1.0
5,Faridabad,2,Onion,2025-01-19,710.2,22.5,True,1.0
5,Faridabad,2,Onion,2025-01-20,817.9,22.53,True,1.0
5,Faridabad,2,Onion,2025-01-21,802.1,21.86,True,1.0
5,Faridabad,2,Onion,2025-01-22,825.2,22.47,True,1.0
5,Faridabad,2,Onion,2025-01-23,932.3,22.1,True,1.0
5,Faridabad,2,Onion,2025-01-24,841.3,21.82,True,1.0
5,Faridabad,2,Onion,2025-01-25,810.7,21.54,True,1.0
5,Faridabad,2,Onion,2025-01-26,663.5,21.81,True,1.0
5,Faridabad,2,Onion,2025-01-27,721.6,21.41,True,1.0
5,Faridabad,2,Onion,2025-01-28,675.4,21.64,True,1.0
5,Faridabad,2,Onion,2025-01-29,750.9,23.48,True,1.0
5,Faridabad,2,Onion,2025-01-30,930.4,22.93,True,1.0
5,Faridabad,2,Onion,2025-01-31,767.9,22.3,True,1.0
5,Faridabad,2,Onion,2025-02-01,1286.4,21.09,True,1.0
5,Faridabad,2,Onion,2025-02-02,766.6,21.3,True,1.0
5,Faridabad,2,Onion,2025-02-03,872.8,20.74,True,1.0
5,Faridabad,2,Onion,2025-02-04,768.7,20.77,True,1.0
5,Faridabad,2,Onion,2025-02-05,809.8,21.1,True,1.0
5,Faridabad,2,Onion,2025-02-06,966.4,20.2,True,1.0
5,Faridabad,2,Onion,2025-02-07,987.0,20.67,True,1.0
5,Faridabad,2,Onion,2025-02-08,1106.2,21.08,True,1.0
5,Faridabad,2,Onion,2025-02-09,772.0,20.41,True,1.0
5,Faridabad,2,Onion,2025-02-10,953.6,20.47,True,1.0
5,Faridabad,2,Onion,2025-02-11,1066.0,19.67,True,1.0
5,Faridabad,2,Onion,2025-02-12,937.1,21.07,True,1.0
5,Faridabad,2,Onion,2025-02-13,858.7,21.33,True,1.0
5,Faridabad,2,Onion,2025-02-14,904.2,21.19,True,1.0
5,Faridabad,2,Onion,2025-02-15,968.6,21.09,True,1.0
5,Faridabad,2,Onion,2025-02-16,669.5,21.8,True,1.0
5,Faridabad,2,Onion,2025-02-17,792.6,21.53,True,1.0
5,Faridabad,2,Onion,2025-02-18,826.4,21.6,True,1.0
5,Faridabad,2,Onion,2025-02-19,678.2,22.38,True,1.0
5,Faridabad,2,Onion,2025-02-20,710.7,21.74,True,1.0
5,Faridabad,2,Onion,2025-02-21,920.2,20.84,True,1.0
5,Faridabad,2,Onion,2025-02-22,1084.2,20.38,True,1.0
5,Faridabad,2,Onion,2025-02-23,758.9,21.39,True,1.0
5,Faridabad,2,Onion,2025-02-24,1022.4,21.29,True,1.0
5,Faridabad,2,Onion,2025-02-25,861.3,20.85,True,1.0
5,Faridabad,2,Onion,2025-02-26,782.5,21.42,True,1.0
5,Faridabad,2,Onion,2025-02-27,786.1,21.83,True,1.0
5,Faridabad,2,Onion,2025-02-28,864.9,21.2,True,1.0
5,Faridabad,2,Onion,2025-03-01,946.9,20.47,True,1.0
5,Faridabad,2,Onion,2025-03-02,946.5,19.63,True,1.0
5,Faridabad,2,Onion,2025-03-03,879.1,18.93,True,1.0
5,Faridabad,2,Onion,2025-03-04,926.6,19.27,True,1.0
5,Faridabad,2,Onion,2025-03-05,866.9,19.15,True,1.0
5,Faridabad,2,Onion,2025-03-06,785.5,20.62,True,1.0
5,Faridabad,2,Onion,2025-03-07,988.6,20.62,True,1.0
5,Faridabad,2,Onion,2025-03-08,1112.9,19.47,True,1.0
5,Faridabad,2,Onion,2025-03-09,847.6,20.57,True,1.0
5,Faridabad,2,Onion,2025-03-10,921.5,20.62,True,1.0
5,Faridabad,2,Onion,2025-03-11,911.0,20.97,True,1.0
5,Faridabad,2,Onion,2025-03-12,888.7,21.19,True,1.0
5,Faridabad,2,Onion,2025-03-13,1065.1,21.11,True,1.0
5,Faridabad,2,Onion,2025-03-14,1134.3,21.18,True,1.0
5,Faridabad,2,Onion,2025-03-15,1097.3,21.04,True,1.0
5,Faridabad,2,Onion,2025-03-17,1137.7,20.39,True,1.0
5,Faridabad,2,Onion,2025-03-18,885.0,20.93,True,1.0
5,Faridabad,2,Onion,2025-03-19,860.7,20.58,True,1.0
5,Faridabad,2,Onion,2025-03-20,896.4,20.77,True,1.0
5,Faridabad,2,Onion,2025-03-21,988.1,20.82,True,1.0
5,Faridabad,2,Onion,2025-03-22,1127.0,21.7,True,1.0
5,Faridabad,2,Onion,2025-03-23,779.2,21.05,True,1.0
5,Faridabad,2,Onion,2025-03-24,859.5,20.57,True,1.0
5,Faridabad,2,Onion,2025-03-25,911.0,20.34,True,1.0
5,Faridabad,2,Onion,2025-03-26,870.8,20.19,True,1.0
5,Faridabad,2,Onion,2025-03-27,921.9,18.86,True,1.0
5,Faridabad,2,Onion,2025-03-28,923.8,18.84,True,1.0
5,Faridabad,2,Onion,2025-03-29,887.7,19.33,True,1.0
5,Faridabad,2,Onion,2025-03-30,786.4,19.51,True,1.0
5,Faridabad,2,Onion,2025-03-31,998.6,19.19,True,1.0
5,Faridabad,2,Onion,2025-04-01,1003.7,19.04,True,1.0
5,Faridabad,2,Onion,2025-04-02,912.8,19.09,True,1.0
5,Faridabad,2,Onion,2025-04-03,1013.2,18.89,True,1.0
5,Faridabad,2,Onion,2025-04-04,1260.4,18.89,True,1.0
5,Faridabad,2,Onion,2025-04-05,1085.4,18.88,True,1.0
5,Faridabad,2,Onion,2025-04-06,1029.5,19.66,True,1.0
5,Faridabad,2,Onion,2025-04-07,888.5,20.28,True,1.0
5,Faridabad,2,Onion,2025-04-08,835.0,20.68,True,1.0
5,Faridabad,2,Onion,2025-04-09,745.5,20.66,True,1.0
5,Faridabad,2,Onion,2025-04-10,1113.2,19.98,True,1.0
5,Faridabad,2,Onion,2025-04-11,942.7,20.47,True,1.0
5,Faridabad,2,Onion,2025-04-12,1239.1,20.07,True,1.0
5,Faridabad,2,Onion,2025-04-14,850.2,20.69,True,1.0
5,Faridabad,2,Onion,2025-04-15,825.6,20.45,True,1.0
5,Faridabad,2,Onion,2025-04-16,1048.9,20.37,True,1.0
5,Faridabad,2,Onion,2025-04-17,1121.2,19.37,True,1.0
5,Faridabad,2,Onion,2025-04-18,1136.1,19.75,True,1.0
5,Faridabad,2,Onion,2025-04-19,1353.3,19.19,True,1.0
5,Faridabad,2,Onion,2025-04-20,778.6,19.91,True,1.0
5,Faridabad,2,Onion,2025-04-21,1015.5,19.74,True,1.0
5,Faridabad,2,Onion,2025-04-22,1005.3,18.51,True,1.0
5,Faridabad,2,Onion,2025-04-23,1125.8,18.66,True,1.0
5,Faridabad,2,Onion,2025-04-24,1163.3,18.84,True,1.0
5,Faridabad,2,Onion,2025-04-25,1004.8,19.36,True,1.0
5,Faridabad,2,Onion,2025-04-26,998.1,19.83,True,1.0
5,Faridabad,2,Onion,2025-04-27,864.8,19.6,True,1.0
5,Faridabad,2,Onion,2025-04-28,970.9,20.21,True,1.0
5,Faridabad,2,Onion,2025-04-29,876.2,18.32,True,1.0
5,Faridabad,2,Onion,2025-04-30,1052.2,18.34,True,1.0
5,Faridabad,2,Onion,2025-05-01,1139.4,18.15,True,1.0
5,Faridabad,2,Onion,2025-05-02,1106.9,17.95,True,1.0
5,Faridabad,2,Onion,2025-05-03,920.0,18.97,True,1.0
5,Faridabad,2,Onion,2025-05-04,1035.7,19.65,True,1.0
5,Faridabad,2,Onion,2025-05-05,930.1,19.24,True,1.0
5,Faridabad,2,Onion,2025-05-06,1050.5,20.04,True,1.0
5,Faridabad,2,Onion,2025-05-07,1001.7,20.01,True,1.0
5,Faridabad,2,Onion,2025-05-08,1005.8,19.68,True,1.0
5,Faridabad,2,Onion,2025-05-09,966.4,19.32,True,1.0
5,Faridabad,2,Onion,2025-05-10,1544.2,19.02,True,1.0
5,Faridabad,2,Onion,2025-05-11,842.7,19.5,True,1.0
5,Faridabad,2,Onion,2025-05-12,1013.3,19.95,True,1.0
5,Faridabad,2,Onion,2025-05-13,1265.5,20.03,True,1.0
5,Faridabad,2,Onion,2025-05-14,919.0,18.83,True,1.0
5,Faridabad,2,Onion,2025-05-15,1151.9,19.28,True,1.0
5,Faridabad,2,Onion,2025-05-16,1454.2,19.75,True,1.0
5,Faridabad,2,Onion,2025-05-17,1231.0,19.4,True,1.0
5,Faridabad,2,Onion,2025-05-18,1011.6,19.56,True,1.0
5,Faridabad,2,Onion,2025-05-19,924.8,18.63,True,1.0
5,Faridabad,2,Onion,2025-05-20,986.9,18.34,True,1.0
5,Faridabad,2,Onion,2025-05-21,1060.6,18.62,True,1.0
5,Faridabad,2,Onion,2025-05-22,1072.3,18.83,True,1.0
5,Faridabad,2,Onion,2025-05-23,972.8,19.35,True,1.0
5,Faridabad,2,Onion,2025-05-24,1326.0,18.87,True,1.0
5,Faridabad,2,Onion,2025-05-25,831.5,19.01,True,1.0
5,Faridabad,2,Onion,2025-05-26,936.2,19.03,True,1.0
5,Faridabad,2,Onion,2025-05-27,1267.1,19.61,True,1.0
5,Faridabad,2,Onion,2025-05-28,1005.5,20.55,True,1.0
5,Faridabad,2,Onion,2025-05-29,995.7,21.42,True,1.0
5,Faridabad,2,Onion,2025-05-30,1163.9,20.09,True,1.0
5,Faridabad,2,Onion,2025-05-31,1354.1,20.06,True,1.0
5,Faridabad,2,Onion,2025-06-01,941.4,19.45,True,1.0
5,Faridabad,2,Onion,2025-06-02,952.5,19.61,True,1.0
5,Faridabad,2,Onion,2025-06-03,1091.3,20.01,True,1.0
5,Faridabad,2,Onion,2025-06-04,1089.2,20.11,True,1.0
5,Faridabad,2,Onion,2025-06-05,1168.9,20.11,True,1.0
5,Faridabad,2,Onion,2025-06-06,1263.7,21.02,True,1.0
5,Faridabad,2,Onion,2025-06-07,1087.4,21.22,True,1.0
5,Faridabad,2,Onion,2025-06-08,938.0,20.77,True,1.0
5,Faridabad,2,Onion,2025-06-09,1133.8,20.65,True,1.0
5,Faridabad,2,Onion,2025-06-10,1394.2,21.07,True,1.0
5,Faridabad,2,Onion,2025-06-11,1122.8,21.22,True,1.0
5,Faridabad,2,Onion,2025-06-12,1121.4,20.72,True,1.0
5,Faridabad,2,Onion,2025-06-13,1091.1,19.61,True,1.0
5,Faridabad,2,Onion,2025-06-14,1162.5,19.2,True,1.0
5,Faridabad,2,Onion,2025-06-15,1038.3,19.65,True,1.0
5,Faridabad,2,Onion,2025-06-16,960.8,18.92,True,1.0
5,Faridabad,2,Onion,2025-06-17,1009.7,19.31,True,1.0
5,Faridabad,2,Onion,2025-06-18,1088.7,19.42,True,1.0
5,Faridabad,2,Onion,2025-06-19,1004.3,20.34,True,1.0
5,Faridabad,2,Onion,2025-06-20,1448.7,19.68,True,1.0
5,Faridabad,2,Onion,2025-06-21,1361.7,18.9,True,1.0
5,Faridabad,2,Onion,2025-06-22,974.0,19.19,True,1.0
5,Faridabad,2,Onion,2025-06-23,1311.7,20.0,True,1.0
5,Faridabad,2,Onion,2025-06-24,1178.8,20.85,True,1.0
5,Faridabad,2,Onion,2025-06-25,1130.2,20.3,True,1.0
5,Faridabad,2,Onion,2025-06-26,1312.3,20.74,True,1.0
5,Faridabad,2,Onion,2025-06-27,1316.1,20.13,True,1.0
5,Faridabad,2,Onion,2025-06-28,1193.8,19.93,True,1.0
5,Faridabad,2,Onion,2025-06-29,927.4,20.56,True,1.0
5,Faridabad,2,Onion,2025-06-30,1030.6,21.11,True,1.0
5,Faridabad,2,Onion,2025-07-01,1381.7,20.49,True,1.0
5,Faridabad,2,Onion,2025-07-02,1193.8,20.94,True,1.0
5,Faridabad,2,Onion,2025-07-03,1292.1,19.89,True,1.0
5,Faridabad,2,Onion,2025-07-04,1197.2,20.13,True,1.0
5,Faridabad,2,Onion,2025-07-05,1265.5,19.78,True,1.0
5,Faridabad,2,Onion,2025-07-06,943.2,19.74,True,1.0
5,Faridabad,2,Onion,2025-07-07,1023.3,19.45,True,1.0
5,Faridabad,2,Onion,2025-07-08,1059.2,20.3,True,1.0
5,Faridabad,2,Onion,2025-07-09,1163.7,20.93,True,1.0
5,Faridabad,2,Onion,2025-07-10,947.3,20.64,True,1.0
5,Faridabad,2,Onion,2025-07-11,1186.0,21.08,True,1.0
5,Faridabad,2,Onion,2025-07-12,1640.2,21.34,True,1.0
5,Faridabad,2,Onion,2025-07-13,834.5,21.3,True,1.0
5,Faridabad,2,Onion,2025-07-14,1118.4,22.72,True,1.0
5,Faridabad,2,Onion,2025-07-15,1129.5,21.83,True,1.0
5,Faridabad,2,Onion,2025-07-16,1400.7,21.76,True,1.0
5,Faridabad,2,Onion,2025-07-17,1176.1,21.48,True,1.0
5,Faridabad,2,Onion,2025-07-18,1193.8,21.31,True,1.0
5,Faridabad,2,Onion,2025-07-19,1374.9,21.52,True,1.0
5,Faridabad,2,Onion,2025-07-20,1038.6,21.4,True,1.0
5,Faridabad,2,Onion,2025-07-21,1312.9,20.99,True,1.0
5,Faridabad,2,Onion,2025-07-22,1136.6,21.31,True,1.0
5,Faridabad,2,Onion,2025-07-23,1287.4,22.21,True,1.0
5,Faridabad,2,Onion,2025-07-24,1042.4,22.72,True,1.0
5,Faridabad,2,Onion,2025-07-25,1085.1,22.61,True,1.0
5,Faridabad,2,Onion,2025-07-26,1341.6,21.95,True,1.0
5,Faridabad,2,Onion,2025-07-27,951.4,22.09,True,1.0
5,Faridabad,2,Onion,2025-07-28,1066.0,22.77,True,1.0
5,Faridabad,2,Onion,2025-07-29,1199.3,23.35,True,1.0
5,Faridabad,2,Onion,2025-07-30,1283.7,23.21,True,1.0
5,Faridabad,2,Onion,2025-07-31,1110.8,22.66,True,1.0
5,Faridabad,2,Onion,2025-08-01,1151.0,22.39,True,1.0
5,Faridabad,2,Onion,2025-08-02,1324.4,22.85,True,1.0
5,Faridabad,2,Onion,2025-08-03,754.7,23.13,True,1.0
5,Faridabad,2,Onion,2025-08-04,1305.7,21.77,True,1.0
5,Faridabad,2,Onion,2025-08-05,1219.5,22.36,True,1.0
5,Faridabad,2,Onion,2025-08-06,1050.9,22.84,True,1.0
5,Faridabad,2,Onion,2025-08-07,970.8,22.15,True,1.0
5,Faridabad,2,Onion,2025-08-08,1258.5,21.77,True,1.0
5,Faridabad,2,Onion,2025-08-09,1225.8,21.52,True,1.0
5,Faridabad,2,Onion,2025-08-10,828.7,21.41,True,1.0
5,Faridabad,2,Onion,2025-08-11,1139.8,20.9,True,1.0
5,Faridabad,2,Onion,2025-08-12,1253.6,21.6,True,1.0
5,Faridabad,2,Onion,2025-08-13,1195.3,21.43,True,1.0
5,Faridabad,2,Onion,2025-08-14,976.9,21.77,True,1.0
5,Faridabad,2,Onion,2025-08-15,1237.1,21.75,True,1.0
5,Faridabad,2,Onion,2025-08-16,1311.6,22.22,True,1.0
5,Faridabad,2,Onion,2025-08-17,791.7,21.76,True,1.0
5,Faridabad,2,Onion,2025-08-18,1066.6,22.24,True,1.0
5,Faridabad,2,Onion,2025-08-19,1087.7,22.69,True,1.0
5,Faridabad,2,Onion,2025-08-20,992.4,23.31,True,1.0
5,Faridabad,2,Onion,2025-08-21,1169.4,24.55,True,1.0
5,Faridabad,2,Onion,2025-08-22,1449.3,22.68,True,1.0
5,Faridabad,2,Onion,2025-08-23,1120.3,23.0,True,1.0
5,Faridabad,2,Onion,2025-08-24,898.3,22.56,True,1.0
5,Faridabad,2,Onion,2025-08-25,1003.2,21.51,True,1.0
5,Faridabad,2,Onion,2025-08-26,998.6,22.53,True,1.0
5,Faridabad,2,Onion,2025-08-27,925.9,23.6,True,1.0
5,Faridabad,2,Onion,2025-08-28,1037.5,23.23,True,1.0
5,Faridabad,2,Onion,2025-08-29,1101.0,23.38,True,1.0
5,Faridabad,2,Onion,2025-08-30,1062.3,23.31,True,1.0
5,Faridabad,2,Onion,2025-08-31,908.1,23.6,True,1.0
5,Faridabad,2,Onion,2025-09-01,1127.4,24.13,True,1.0
5,Faridabad,2,Onion,2025-09-02,1217.4,24.14,True,1.0
5,Faridabad,2,Onion,2025-09-03,1038.4,24.16,True,1.0
5,Faridabad,2,Onion,2025-09-04,1275.3,24.82,True,1.0
5,Faridabad,2,Onion,2025-09-05,1123.8,24.29,True,1.0
5,Faridabad,2,Onion,2025-09-06,1213.3,24.7,True,1.0
5,Faridabad,2,Onion,2025-09-07,873.3,23.78,True,1.0
5,Faridabad,2,Onion,2025-09-08,995.8,24.83,True,1.0
5,Faridabad,2,Onion,2025-09-09,1081.5,24.98,True,1.0
5,Faridabad,2,Onion,2025-09-10,1760.6,24.28,True,1.0
5,Faridabad,2,Onion,2025-09-11,918.0,22.68,True,1.0
5,Faridabad,2,Onion,2025-09-12,1448.0,22.98,True,1.0
5,Faridabad,2,Onion,2025-09-13,1271.1,22.42,True,1.0
5,Faridabad,2,Onion,2025-09-14,977.7,23.0,True,1.0
5,Faridabad,2,Onion,2025-09-15,879.7,24.21,True,1.0
5,Faridabad,2,Onion,2025-09-16,1301.2,24.19,True,1.0
5,Faridabad,2,Onion,2025-09-17,1003.7,23.96,True,1.0
5,Faridabad,2,Onion,2025-09-18,1070.2,24.16,True,1.0
5,Faridabad,2,Onion,2025-09-19,976.8,24.26,True,1.0
5,Faridabad,2,Onion,2025-09-20,1238.3,22.57,True,1.0
5,Faridabad,2,Onion,2025-09-21,838.6,23.12,True,1.0
5,Faridabad,2,Onion,2025-09-22,1176.6,23.78,True,1.0
5,Faridabad,2,Onion,2025-09-23,1173.9,23.66,True,1.0
5,Faridabad,2,Onion,2025-09-24,1226.1,24.42,True,1.0
5,Faridabad,2,Onion,2025-09-25,1331.8,24.2,True,1.0
5,Faridabad,2,Onion,2025-09-26,1165.5,24.68,True,1.0
5,Faridabad,2,Onion,2025-09-27,1051.5,26.13,True,1.0
5,Faridabad,2,Onion,2025-09-28,889.0,25.42,True,1.0
5,Faridabad,2,Onion,2025-09-29,883.3,23.65,True,1.0
5,Faridabad,2,Onion,2025-09-30,1018.5,23.56,True,1.0
5,Faridabad,2,Onion,2025-10-01,1130.1,22.58,True,1.0
5,Faridabad,2,Onion,2025-10-02,942.4,23.43,True,1.0
5,Faridabad,2,Onion,2025-10-03,1191.2,24.54,True,1.0
5,Faridabad,2,Onion,2025-10-04,986.0,24.91,True,1.0
5,Faridabad,2,Onion,2025-10-05,989.2,24.91,True,1.0
5,Faridabad,2,Onion,2025-10-06,869.1,24.24,True,1.0
5,Faridabad,2,Onion,2025-10-07,865.8,25.34,True,1.0
5,Faridabad,2,Onion,2025-10-08,1595.4,25.54,True,1.0
5,Faridabad,2,Onion,2025-10-09,1071.7,25.34,True,1.0
5,Faridabad,2,Onion,2025-10-10,1304.9,25.15,True,1.0
5,Faridabad,2,Onion,2025-10-11,1121.7,24.95,True,1.0
5,Faridabad,2,Onion,2025-10-12,673.5,25.06,True,1.0
5,Faridabad,2,Onion,2025-10-13,1071.7,24.38,True,1.0
5,Faridabad,2,Onion,2025-10-14,956.3,25.43,True,1.0
5,Faridabad,2,Onion,2025-10-15,963.8,25.19,True,1.0
5,Faridabad,2,Onion,2025-10-16,1091.6,25.34,True,1.0
5,Faridabad,2,Onion,2025-10-18,1094.2,24.85,True,1.0
5,Faridabad,2,Onion,2025-10-19,789.2,23.12,True,1.0
5,Faridabad,2,Onion,2025-10-20,776.0,22.73,True,1.0
5,Faridabad,2,Onion,2025-10-21,1268.6,23.17,True,1.0
5,Faridabad,2,Onion,2025-10-22,1192.2,22.64,True,1.0
5,Faridabad,2,Onion,2025-10-23,1018.9,24.79,True,1.0
5,Faridabad,2,Onion,2025-10-24,1223.8,23.5,True,1.0
5,Faridabad,2,Onion,2025-10-25,1183.1,23.98,True,1.0
5,Faridabad,2,Onion,2025-10-26,871.8,25.24,True,1.0
5,Faridabad,2,Onion,2025-10-27,815.4,25.31,True,1.0
5,Faridabad,2,Onion,2025-10-28,856.1,24.78,True,1.0
5,Faridabad,2,Onion,2025-10-29,925.9,24.25,True,1.0
5,Faridabad,2,Onion,2025-10-30,853.2,24.74,True,1.0
5,Faridabad,2,Onion,2025-10-31,1272.9,24.05,True,1.0
5,Faridabad,2,Onion,2025-11-01,1259.9,24.04,True,1.0
5,Faridabad,2,Onion,2025-11-02,764.8,24.6,True,1.0
5,Faridabad,2,Onion,2025-11-03,813.8,24.29,True,1.0
5,Faridabad,2,Onion,2025-11-04,968.6,24.35,True,1.0
5,Faridabad,2,Onion,2025-11-05,979.3,24.12,True,1.0
5,Faridabad,2,Onion,2025-11-06,928.0,23.5,True,1.0
5,Faridabad,2,Onion,2025-11-07,806.8,24.55,True,1.0
5,Faridabad,2,Onion,2025-11-08,1291.0,25.45,True,1.0
5,Faridabad,2,Onion,2025-11-09,720.8,24.86,True,1.0
5,Faridabad,2,Onion,2025-11-10,846.9,24.48,True,1.0
5,Faridabad,2,Onion,2025-11-11,866.1,24.28,True,1.0
5,Faridabad,2,Onion,2025-11-12,850.5,24.64,True,1.0
5,Faridabad,2,Onion,2025-11-13,863.8,23.88,True,1.0
5,Faridabad,2,Onion,2025-11-14,1082.1,23.91,True,1.0
5,Faridabad,2,Onion,2025-11-15,1004.0,24.17,True,1.0
5,Faridabad,2,Onion,2025-11-16,920.4,24.62,True,1.0
5,Faridabad,2,Onion,2025-11-17,826.9,22.61,True,1.0
5,Faridabad,2,Onion,2025-11-18,761.3,23.32,True,1.0
5,Faridabad,2,Onion,2025-11-19,1066.4,23.79,True,1.0
5,Faridabad,2,Onion,2025-11-20,1067.7,24.58,True,1.0
5,Faridabad,2,Onion,2025-11-21,781.7,24.07,True,1.0
5,Faridabad,2,Onion,2025-11-22,1110.1,23.71,True,1.0
5,Faridabad,2,Onion,2025-11-23,783.8,24.65,True,1.0
5,Faridabad,2,Onion,2025-11-24,857.9,23.39,True,1.0
5,Faridabad,2,Onion,2025-11-25,803.7,24.7,True,1.0
5,Faridabad,2,Onion,2025-11-26,955.2,26.34,True,1.0
5,Faridabad,2,Onion,2025-11-27,876.5,25.96,True,1.0
5,Faridabad,2,Onion,2025-11-28,1009.5,25.93,True,1.0
5,Faridabad,2,Onion,2025-11-29,1032.2,24.26,True,1.0
5,Faridabad,2,Onion,2025-11-30,874.9,23.68,True,1.0
5,Faridabad,2,Onion,2025-12-01,821.4,24.47,True,1.0
5,Faridabad,2,Onion,2025-12-02,1093.3,24.54,True,1.0
5,Faridabad,2,Onion,2025-12-03,938.3,24.2,True,1.0
5,Faridabad,2,Onion,2025-12-04,959.8,24.24,True,1.0
5,Faridabad,2,Onion,2025-12-05,1009.0,24.46,True,1.0
5,Faridabad,2,Onion,2025-12-06,1270.0,24.04,True,1.0
5,Faridabad,2,Onion,2025-12-07,747.2,23.93,True,1.0
5,Faridabad,2,Onion,2025-12-08,912.6,23.84,True,1.0
5,Faridabad,2,Onion,2025-12-09,894.2,23.09,True,1.0
5,Faridabad,2,Onion,2025-12-10,892.1,23.47,True,1.0
5,Faridabad,2,Onion,2025-12-11,846.0,24.76,True,1.0
5,Faridabad,2,Onion,2025-12-12,949.9,25.64,True,1.0
5,Faridabad,2,Onion,2025-12-13,942.7,23.97,True,1.0
5,Faridabad,2,Onion,2025-12-14,1015.3,24.23,True,1.0
5,Faridabad,2,Onion,2025-12-15,984.2,24.48,True,1.0
5,Faridabad,2,Onion,2025-12-16,859.0,23.89,True,1.0
5,Faridabad,2,Onion,2025-12-17,1035.2,23.11,True,1.0
5,Faridabad,2,Onion,2025-12-18,1113.1,22.34,True,1.0
5,Faridabad,2,Onion,2025-12-19,947.4,22.37,True,1.0
5,Faridabad,2,Onion,2025-12-20,1748.3,22.88,True,1.0
5,Faridabad,2,Onion,2025-12-21,766.1,22.91,True,1.0
5,Faridabad,2,Onion,2025-12-22,827.0,22.62,True,1.0
5,Faridabad,2,Onion,2025-12-23,919.0,22.01,True,1.0
5,Faridabad,2,Onion,2025-12-24,831.9,22.59,True,1.0
5,Faridabad,2,Onion,2025-12-26,870.8,22.77,True,1.0
5,Faridabad,2,Onion,2025-12-27,1101.5,23.17,True,1.0
5,Faridabad,2,Onion,2025-12-28,796.0,21.93,True,1.0
5,Faridabad,2,Onion,2025-12-29,750.7,21.85,True,1.0
5,Faridabad,2,Onion,2025-12-30,948.3,22.66,True,1.0
5,Faridabad,2,Onion,2025-12-31,699.1,22.04,True,1.0
5,Faridabad,2,Onion,2026-01-01,890.7,21.91,True,1.0
5,Faridabad,2,Onion,2026-01-02,887.7,23.12,True,1.0
5,Faridabad,2,Onion,2026-01-03,897.4,22.56,True,1.0
5,Faridabad,2,Onion,2026-01-04,697.6,22.09,True,1.0
5,Faridabad,2,Onion,2026-01-05,803.4,22.67,True,1.0
5,Faridabad,2,Onion,2026-01-06,908.4,23.99,True,1.0
5,Faridabad,2,Onion,2026-01-07,911.8,23.44,True,1.0
5,Faridabad,2,Onion,2026-01-08,1004.9,23.72,True,1.0
5,Faridabad,2,Onion,2026-01-09,934.2,24.3,True,1.0
5,Faridabad,2,Onion,2026-01-10,915.2,24.0,True,1.0
5,Faridabad,2,Onion,2026-01-11,626.7,23.38,True,1.0
5,Faridabad,2,Onion,2026-01-12,908.0,22.54,True,1.0
5,Faridabad,2,Onion,2026-01-13,1012.9,21.62,True,1.0
5,Faridabad,2,Onion,2026-01-14,846.5,22.57,True,1.0
5,Faridabad,2,Onion,2026-01-15,984.2,22.64,True,1.0
5,Faridabad,2,Onion,2026-01-16,881.9,23.43,True,1.0
5,Faridabad,2,Onion,2026-01-17,1038.6,23.75,True,1.0
5,Faridabad,2,Onion,2026-01-18,558.7,22.89,True,1.0
5,Faridabad,2,Onion,2026-01-19,931.4,21.94,True,1.0
5,Faridabad,2,Onion,2026-01-20,937.8,22.28,True,1.0
5,Faridabad,2,Onion,2026-01-21,916.5,21.84,True,1.0
5,Faridabad,2,Onion,2026-01-22,817.8,22.16,True,1.0
5,Faridabad,2,Onion,2026-01-23,902.8,21.68,True,1.0
5,Faridabad,2,Onion,2026-01-24,1307.9,21.26,True,1.0
5,Faridabad,2,Onion,2026-01-25,617.4,21.39,True,1.0
5,Faridabad,2,Onion,2026-01-26,813.4,22.15,True,1.0
5,Faridabad,2,Onion,2026-01-27,776.0,22.27,True,1.0
5,Faridabad,2,Onion,2026-01-28,1015.9,22.91,True,1.0
5,Faridabad,2,Onion,2026-01-29,1086.7,21.8,True,1.0
5,Faridabad,2,Onion,2026-01-30,892.6,21.16,True,1.0
5,Faridabad,2,Onion,2026-01-31,1034.3,21.28,True,1.0
5,Faridabad,2,Onion,2026-02-01,732.8,22.78,True,1.0
5,Faridabad,2,Onion,2026-02-02,1088.2,22.88,True,1.0
5,Faridabad,2,Onion,2026-02-03,876.2,21.83,True,1.0
5,Faridabad,2,Onion,2026-02-04,857.0,21.71,True,1.0
5,Faridabad,2,Onion,2026-02-05,988.6,21.81,True,1.0
5,Faridabad,2,Onion,2026-02-06,871.6,21.37,True,1.0
5,Faridabad,2,Onion,2026-02-07,1042.5,21.79,True,1.0
5,Faridabad,2,Onion,2026-02-08,712.8,21.59,True,1.0
5,Faridabad,2,Onion,2026-02-09,807.7,21.35,True,1.0
5,Faridabad,2,Onion,2026-02-10,789.3,22.14,True,1.0
5,Faridabad,2,Onion,2026-02-11,911.9,20.85,True,1.0
5,Faridabad,2,Onion,2026-02-12,842.3,20.42,True,1.0
5,Faridabad,2,Onion,2026-02-13,858.3,20.19,True,1.0
5,Faridabad,2,Onion,2026-02-14,1153.8,20.0,True,1.0
5,Faridabad,2,Onion,2026-02-15,712.4,19.93,True,1.0
5,Faridabad,2,Onion,2026-02-16,854.9,20.57,True,1.0
5,Faridabad,2,Onion,2026-02-17,760.8,21.39,True,1.0
5,Faridabad,2,Onion,2026-02-18,788.8,21.86,True,1.0
5,Faridabad,2,Onion,2026-02-19,1016.2,20.99,True,1.0
5,Faridabad,2,Onion,2026-02-20,855.6,20.93,True,1.0
5,Faridabad,2,Onion,2026-02-21,781.6,21.21,True,1.0
5,Faridabad,2,Onion,2026-02-22,713.4,21.27,True,1.0
5,Faridabad,2,Onion,2026-02-23,796.6,21.96,True,1.0
5,Faridabad,2,Onion,2026-02-24,783.8,21.21,True,1.0
5,Faridabad,2,Onion,2026-02-25,889.0,21.19,True,1.0
5,Faridabad,2,Onion,2026-02-26,756.7,20.83,True,1.0
5,Faridabad,2,Onion,2026-02-27,991.9,20.96,True,1.0
5,Faridabad,2,Onion,2026-02-28,1144.1,20.26,True,1.0
5,Faridabad,2,Onion,2026-03-01,855.8,19.85,True,1.0
5,Faridabad,2,Onion,2026-03-02,960.1,19.68,True,1.0
5,Faridabad,2,Onion,2026-03-03,887.0,19.64,True,1.0
5,Faridabad,2,Onion,2026-03-04,1146.6,20.82,True,1.0
5,Faridabad,2,Onion,2026-03-05,857.4,21.45,True,1.0
5,Faridabad,2,Onion,2026-03-06,1066.1,21.04,True,1.0
5,Faridabad,2,Onion,2026-03-07,1534.2,20.98,True,1.0
5,Faridabad,2,Onion,2026-03-08,706.2,19.9,True,1.0
5,Faridabad,2,Onion,2026-03-09,823.0,19.96,True,1.0
5,Faridabad,2,Onion,2026-03-10,724.1,20.19,True,1.0
5,Faridabad,2,Onion,2026-03-11,945.2,20.92,True,1.0
5,Faridabad,2,Onion,2026-03-12,1025.7,20.94,True,1.0
5,Faridabad,2,Onion,2026-03-13,1018.9,21.02,True,1.0
5,Faridabad,2,Onion,2026-03-14,1180.8,20.98,True,1.0
5,Faridabad,2,Onion,2026-03-15,776.4,20.92,True,1.0
5,Faridabad,2,Onion,2026-03-16,987.8,19.91,True,1.0
5,Faridabad,2,Onion,2026-03-17,689.4,19.77,True,1.0
5,Faridabad,2,Onion,2026-03-19,1004.3,21.05,True,1.0
5,Faridabad,2,Onion,2026-03-20,913.0,21.07,True,1.0
5,Faridabad,2,Onion,2026-03-21,1039.9,20.82,True,1.0
5,Faridabad,2,Onion,2026-03-22,751.6,20.99,True,1.0
5,Faridabad,2,Onion,2026-03-23,1035.9,20.16,True,1.0
5,Faridabad,2,Onion,2026-03-24,1066.3,19.24,True,1.0
5,Faridabad,2,Onion,2026-03-25,922.8,19.27,True,1.0
5,Faridabad,2,Onion,2026-03-26,1039.9,19.79,True,1.0
5,Faridabad,2,Onion,2026-03-27,1035.9,19.91,True,1.0
5,Faridabad,2,Onion,2026-03-29,1059.7,20.55,True,1.0
5,Faridabad,2,Onion,2026-03-30,817.7,20.39,True,1.0
5,Faridabad,2,Onion,2026-03-31,930.0,21.03,True,1.0
5,Faridabad,2,Onion,2026-04-01,853.8,21.37,True,1.0
5,Faridabad,2,Onion,2026-04-02,933.4,20.85,True,1.0
5,Faridabad,2,Onion,2026-04-03,1062.0,19.92,True,1.0
5,Faridabad,2,Onion,2026-04-04,1099.8,19.39,True,1.0
5,Faridabad,2,Onion,2026-04-05,783.4,19.43,True,1.0
5,Faridabad,2,Onion,2026-04-06,1015.8,19.35,True,1.0
5,Faridabad,2,Onion,2026-04-08,1040.0,19.29,True,1.0
5,Faridabad,2,Onion,2026-04-09,1124.5,19.4,True,1.0
5,Faridabad,2,Onion,2026-04-10,956.4,18.93,True,1.0
5,Faridabad,2,Onion,2026-04-11,1051.7,19.24,True,1.0
5,Faridabad,2,Onion,2026-04-12,842.7,19.61,True,1.0
5,Faridabad,2,Onion,2026-04-13,875.5,19.42,True,1.0
5,Faridabad,2,Onion,2026-04-14,994.6,19.82,True,1.0
5,Faridabad,2,Onion,2026-04-15,923.2,19.68,True,1.0
5,Faridabad,2,Onion,2026-04-16,765.3,19.59,True,1.0
5,Faridabad,2,Onion,2026-04-17,1392.1,19.4,True,1.0
5,Faridabad,2,Onion,2026-04-18,1222.6,19.86,True,1.0
5,Faridabad,2,Onion,2026-04-19,990.2,19.89,True,1.0
5,Faridabad,2,Onion,2026-04-20,995.1,20.74,True,1.0
5,Faridabad,2,Onion,2026-04-21,1018.3,21.18,True,1.0
5,Faridabad,2,Onion,2026-04-22,1158.4,21.05,True,1.0
5,Faridabad,2,Onion,2026-04-23,1003.4,19.4,True,1.0
5,Faridabad,2,Onion,2026-04-24,1305.7,18.68,True,1.0
5,Faridabad,2,Onion,2026-04-25,1001.5,19.52,True,1.0
5,Faridabad,2,Onion,2026-04-26,842.6,19.3,True,1.0
5,Faridabad,2,Onion,2026-04-27,992.9,19.55,True,1.0
5,Faridabad,2,Onion,2026-04-28,751.9,19.24,True,1.0
5,Faridabad,2,Onion,2026-04-29,735.0,19.66,True,1.0
5,Faridabad,2,Onion,2026-04-30,984.9,20.22,True,1.0
5,Faridabad,2,Onion,2026-05-01,1095.0,19.38,True,1.0
5,Faridabad,2,Onion,2026-05-02,1174.3,19.03,True,1.0
5,Faridabad,2,Onion,2026-05-03,986.7,18.33,True,1.0
5,Faridabad,2,Onion,2026-05-04,987.9,18.86,True,1.0
5,Faridabad,2,Onion,2026-05-05,865.4,18.22,True,1.0
5,Faridabad,2,Onion,2026-05-06,957.1,18.47,True,1.0
5,Faridabad,2,Onion,2026-05-07,984.0,19.12,True,1.0
5,Faridabad,2,Onion,2026-05-08,1131.1,20.47,True,1.0
5,Faridabad,2,Onion,2026-05-09,1241.1,20.46,True,1.0
5,Faridabad,2,Onion,2026-05-10,760.3,20.98,True,1.0
5,Faridabad,2,Onion,2026-05-11,1190.5,20.76,True,1.0
5,Faridabad,2,Onion,2026-05-12,1087.2,20.64,True,1.0
5,Faridabad,2,Onion,2026-05-13,1106.8,20.26,True,1.0
5,Faridabad,2,Onion,2026-05-14,844.4,19.9,True,1.0
5,Faridabad,2,Onion,2026-05-15,1346.2,20.55,True,1.0
5,Faridabad,2,Onion,2026-05-16,1285.5,20.54,True,1.0
5,Faridabad,2,Onion,2026-05-17,959.7,20.52,True,1.0
5,Faridabad,2,Onion,2026-05-18,1048.7,19.97,True,1.0
5,Faridabad,2,Onion,2026-05-19,1154.0,19.74,True,1.0
5,Faridabad,2,Onion,2026-05-20,1134.8,20.98,True,1.0
5,Faridabad,2,Onion,2026-05-21,1314.0,20.61,True,1.0
5,Faridabad,2,Onion,2026-05-22,1278.6,21.19,True,1.0
5,Faridabad,2,Onion,2026-05-23,1309.7,20.49,True,1.0
5,Faridabad,2,Onion,2026-05-24,964.1,20.8,True,1.0
5,Faridabad,2,Onion,2026-05-25,1143.7,20.71,True,1.0
5,Faridabad,2,Onion,2026-05-26,1281.4,20.26,True,1.0
5,Faridabad,2,Onion,2026-05-27,1201.8,20.56,True,1.0
5,Faridabad,2,Onion,2026-05-28,1099.6,19.52,True,1.0
5,Faridabad,2,Onion,2026-05-29,925.9,20.0,True,1.0
5,Faridabad,2,Onion,2026-05-30,1292.3,20.47,True,1.0
5,Faridabad,2,Onion,2026-05-31,925.7,20.52,True,1.0
5,Faridabad,2,Onion,2026-06-01,1114.1,21.17,True,1.0
5,Faridabad,2,Onion,2026-06-02,1090.4,20.81,True,1.0
5,Faridabad,2,Onion,2026-06-03,1171.0,20.53,True,1.0
5,Faridabad,2,Onion,2026-06-04,912.9,20.63,True,1.0
5,Faridabad,2,Onion,2026-06-05,1428.8,21.02,True,1.0
5,Faridabad,2,Onion,2026-06-06,1338.5,21.12,True,1.0
5,Faridabad,2,Onion,2026-06-07,1141.2,20.72,True,1.0
5,Faridabad,2,Onion,2026-06-08,984.8,20.01,True,1.0
5,Faridabad,2,Onion,2026-06-09,999.1,20.48,True,1.0
5,Faridabad,2,Onion,2026-06-10,1154.1,19.98,True,1.0
5,Faridabad,2,Onion,2026-06-11,1293.1,19.63,True,1.0
5,Faridabad,2,Onion,2026-06-12,1213.2,19.49,True,1.0
5,Faridabad,2,Onion,2026-06-13,1358.7,19.8,True,1.0
5,Faridabad,2,Onion,2026-06-14,876.5,19.54,True,1.0
5,Faridabad,2,Onion,2026-06-15,1290.0,19.19,True,1.0
5,Faridabad,2,Onion,2026-06-16,1045.6,19.21,True,1.0
5,Faridabad,2,Onion,2026-06-17,972.2,19.5,True,1.0
5,Faridabad,2,Onion,2026-06-18,1099.7,20.07,True,1.0
5,Faridabad,2,Onion,2026-06-19,1557.9,20.27,True,1.0
5,Faridabad,2,Onion,2026-06-21,864.4,20.16,True,1.0
5,Faridabad,2,Onion,2026-06-22,1144.3,20.51,True,1.0
5,Faridabad,2,Onion,2026-06-23,1296.4,20.31,True,1.0
5,Faridabad,2,Onion,2026-06-24,1217.3,19.99,True,1.0
5,Faridabad,2,Onion,2026-06-25,1381.8,19.77,True,1.0
5,Faridabad,2,Onion,2026-06-26,1043.1,19.78,True,1.0
5,Faridabad,2,Onion,2026-06-27,1378.8,21.42,True,1.0
5,Faridabad,2,Onion,2026-06-28,924.9,20.73,True,1.0
5,Faridabad,2,Onion,2026-06-29,1202.1,20.95,True,1.0
5,Faridabad,2,Onion,2026-06-30,986.2,20.53,True,1.0
5,Faridabad,2,Onion,2026-07-01,1092.9,20.38,True,1.0
5,Faridabad,2,Onion,2026-07-02,1092.3,20.17,True,1.0
5,Faridabad,2,Onion,2026-07-03,1061.7,20.91,True,1.0
5,Faridabad,2,Onion,2026-07-04,1399.1,21.2,True,1.0
5,Faridabad,2,Onion,2026-07-05,931.2,21.11,True,1.0
5,Faridabad,2,Onion,2026-07-06,1561.2,21.44,True,1.0
5,Faridabad,2,Onion,2026-07-07,1236.9,21.84,True,1.0
5,Faridabad,2,Onion,2026-07-08,1077.6,21.15,True,1.0
5,Faridabad,2,Onion,2026-07-09,1041.5,21.53,True,1.0
5,Faridabad,2,Onion,2026-07-10,1098.6,21.04,True,1.0
5,Faridabad,2,Onion,2026-07-11,1320.8,21.65,True,1.0
5,Faridabad,2,Onion,2026-07-12,844.8,22.05,True,1.0
5,Faridabad,2,Onion,2026-07-13,1015.3,22.12,True,1.0
5,Faridabad,2,Onion,2026-07-14,1129.8,21.8,True,1.0
5,Faridabad,2,Onion,2026-07-15,1152.3,21.4,True,1.0
5,Faridabad,2,Onion,2026-07-16,1352.1,21.29,True,1.0
5,Faridabad,2,Onion,2026-07-17,1134.6,21.86,True,1.0
5,Faridabad,2,Onion,2026-07-18,1298.6,21.38,True,1.0
5,Faridabad,2,Onion,2026-07-19,891.0,21.51,True,1.0
5,Faridabad,2,Onion,2026-07-20,1022.3,20.52,True,1.0
5,Faridabad,2,Onion,2026-07-21,1269.0,21.05,True,1.0
5,Faridabad,2,Onion,2026-07-22,1226.0,20.65,True,1.0
5,Faridabad,2,Onion,2026-07-23,945.6,20.23,True,1.0
5,Faridabad,2,Onion,2026-07-24,1508.2,21.03,True,1.0
5,Faridabad,2,Onion,2026-07-25,1276.5,21.42,True,1.0
5,Faridabad,2,Onion,2026-07-26,790.4,21.31,True,1.0
5,Faridabad,2,Onion,2026-07-27,911.8,21.34,True,1.0
5,Faridabad,2,Onion,2026-07-28,1191.2,22.99,True,1.0
5,Faridabad,2,Onion,2026-07-29,966.3,22.59,True,1.0
5,Faridabad,2,Onion,2026-07-30,1369.5,22.33,True,1.0
5,Faridabad,2,Onion,2026-07-31,1212.8,22.7,True,1.0
5,Faridabad,2,Onion,2026-08-01,1351.3,22.61,True,1.0
5,Faridabad,2,Onion,2026-08-02,846.4,23.14,True,1.0
5,Faridabad,2,Onion,2026-08-03,1255.2,23.07,True,1.0
5,Faridabad,2,Onion,2026-08-04,1192.8,23.35,True,1.0
5,Faridabad,2,Onion,2026-08-05,1194.0,23.34,True,1.0
5,Faridabad,2,Onion,2026-08-06,1255.7,23.49,True,1.0
5,Faridabad,2,Onion,2026-08-07,1201.2,23.14,True,1.0
5,Faridabad,2,Onion,2026-08-08,1399.1,23.09,True,1.0
5,Faridabad,2,Onion,2026-08-09,1062.4,22.74,True,1.0
5,Faridabad,2,Onion,2026-08-10,1192.6,23.08,True,1.0
5,Faridabad,2,Onion,2026-08-11,1369.5,22.07,True,1.0
5,Faridabad,2,Onion,2026-08-12,1302.5,22.71,True,1.0
5,Faridabad,2,Onion,2026-08-13,1114.2,23.36,True,1.0
5,Faridabad,2,Onion,2026-08-14,1781.7,23.66,True,1.0
5,Faridabad,2,Onion,2026-08-15,1210.7,23.31,True,1.0
5,Faridabad,2,Onion,2026-08-16,1061.3,23.49,True,1.0
5,Faridabad,2,Onion,2026-08-17,1333.4,22.78,True,1.0
5,Faridabad,2,Onion,2026-08-18,1229.0,23.36,True,1.0
5,Faridabad,2,Onion,2026-08-19,1030.9,22.5,True,1.0
5,Faridabad,2,Onion,2026-08-20,1145.7,23.02,True,1.0
5,Faridabad,2,Onion,2026-08-21,1153.5,23.36,True,1.0
5,Faridabad,2,Onion,2026-08-22,1835.6,23.53,True,1.0
5,Faridabad,2,Onion,2026-08-23,947.8,23.09,True,1.0
5,Faridabad,2,Onion,2026-08-24,1373.6,23.59,True,1.0
5,Faridabad,2,Onion,2026-08-25,1209.9,22.25,True,1.0
5,Faridabad,2,Onion,2026-08-26,1167.3,23.02,True,1.0
5,Faridabad,2,Onion,2026-08-27,1031.9,23.2,True,1.0
5,Faridabad,2,Onion,2026-08-28,1333.7,23.91,True,1.0
5,Faridabad,2,Onion,2026-08-29,1359.4,23.85,True,1.0
5,Faridabad,2,Onion,2026-08-30,1089.4,24.96,True,1.0
5,Faridabad,2,Onion,2026-08-31,1174.0,23.8,True,1.0
5,Faridabad,2,Onion,2026-09-01,1135.9,24.08,True,1.0
5,Faridabad,2,Onion,2026-09-02,1074.2,23.28,True,1.0
5,Faridabad,2,Onion,2026-09-03,1319.8,23.23,True,1.0
5,Faridabad,2,Onion,2026-09-04,1284.8,23.8,True,1.0
5,Faridabad,2,Onion,2026-09-05,922.3,24.13,True,1.0
5,Faridabad,2,Onion,2026-09-06,1021.8,24.2,True,1.0
5,Faridabad,2,Onion,2026-09-07,1239.9,24.2,True,1.0
5,Faridabad,2,Onion,2026-09-08,1338.9,24.2,True,1.0
5,Faridabad,2,Onion,2026-09-09,1189.8,24.2,True,1.0
5,Faridabad,2,Onion,2026-09-10,1383.1,23.77,True,1.0
5,Faridabad,2,Onion,2026-09-11,1458.7,22.66,True,1.0
5,Faridabad,2,Onion,2026-09-12,1258.5,23.07,True,1.0
5,Faridabad,2,Onion,2026-09-13,1057.7,22.91,True,1.0
5,Faridabad,2,Onion,2026-09-14,906.3,23.72,True,1.0
5,Faridabad,2,Onion,2026-09-15,1161.7,23.38,True,1.0
5,Faridabad,2,Onion,2026-09-16,1359.4,23.18,True,1.0
5,Faridabad,2,Onion,2026-09-17,1327.0,23.61,True,1.0
5,Faridabad,2,Onion,2026-09-18,1373.0,24.2,True,1.0
5,Faridabad,2,Onion,2026-09-19,1088.6,23.81,True,1.0
5,Faridabad,2,Onion,2026-09-20,920.4,24.2,True,1.0
5,Faridabad,2,Onion,2026-09-21,1068.4,24.2,True,1.0
5,Faridabad,2,Onion,2026-09-22,1165.8,24.2,True,1.0
5,Faridabad,2,Onion,2026-09-23,993.0,24.2,True,1.0
5,Faridabad,2,Onion,2026-09-24,1168.5,24.2,True,1.0
5,Faridabad,2,Onion,2026-09-25,1105.2,24.2,True,1.0
5,Faridabad,2,Onion,2026-09-26,1107.2,24.2,True,1.0
5,Faridabad,2,Onion,2026-09-27,1085.2,24.2,True,1.0
5,Faridabad,2,Onion,2026-09-28,1071.2,24.2,True,1.0
5,Faridabad,2,Onion,2026-09-29,1242.8,23.18,True,1.0
5,Faridabad,2,Onion,2026-09-30,1067.3,23.27,True,1.0
5,Faridabad,3,Potato,2024-10-01,895.8,18.75,True,1.0
5,Faridabad,3,Potato,2024-10-02,1000.9,19.5,True,1.0
5,Faridabad,3,Potato,2024-10-03,1212.3,19.46,True,1.0
5,Faridabad,3,Potato,2024-10-04,1048.9,19.06,True,1.0
5,Faridabad,3,Potato,2024-10-05,1092.2,18.9,True,1.0
5,Faridabad,3,Potato,2024-10-06,963.4,18.94,True,1.0
5,Faridabad,3,Potato,2024-10-07,1096.3,18.58,True,1.0
5,Faridabad,3,Potato,2024-10-08,823.3,18.88,True,1.0
5,Faridabad,3,Potato,2024-10-09,1026.9,19.62,True,1.0
5,Faridabad,3,Potato,2024-10-10,1056.8,19.03,True,1.0
5,Faridabad,3,Potato,2024-10-11,1140.7,19.48,True,1.0
5,Faridabad,3,Potato,2024-10-12,943.2,19.6,True,1.0
5,Faridabad,3,Potato,2024-10-13,820.8,19.5,True,1.0
5,Faridabad,3,Potato,2024-10-14,985.0,19.18,True,1.0
5,Faridabad,3,Potato,2024-10-15,901.8,19.08,True,1.0
5,Faridabad,3,Potato,2024-10-16,1244.8,18.7,True,1.0
5,Faridabad,3,Potato,2024-10-17,943.6,19.55,True,1.0
5,Faridabad,3,Potato,2024-10-18,890.3,18.74,True,1.0
5,Faridabad,3,Potato,2024-10-19,1345.7,19.17,True,1.0
5,Faridabad,3,Potato,2024-10-20,828.9,19.71,True,1.0
5,Faridabad,3,Potato,2024-10-21,994.2,19.04,True,1.0
5,Faridabad,3,Potato,2024-10-22,1002.9,19.39,True,1.0
5,Faridabad,3,Potato,2024-10-23,850.0,19.06,True,1.0
5,Faridabad,3,Potato,2024-10-24,1251.1,18.78,True,1.0
5,Faridabad,3,Potato,2024-10-25,1062.2,18.52,True,1.0
5,Faridabad,3,Potato,2024-10-26,1325.8,17.53,True,1.0
5,Faridabad,3,Potato,2024-10-27,901.4,17.95,True,1.0
5,Faridabad,3,Potato,2024-10-28,900.3,18.71,True,1.0
5,Faridabad,3,Potato,2024-10-29,1001.0,18.11,True,1.0
5,Faridabad,3,Potato,2024-10-30,1116.3,18.49,True,1.0
5,Faridabad,3,Potato,2024-10-31,1037.7,18.27,True,1.0
5,Faridabad,3,Potato,2024-11-01,1079.8,17.59,True,1.0
5,Faridabad,3,Potato,2024-11-02,1086.1,18.18,True,1.0
5,Faridabad,3,Potato,2024-11-03,895.6,18.97,True,1.0
5,Faridabad,3,Potato,2024-11-04,813.8,18.2,True,1.0
5,Faridabad,3,Potato,2024-11-05,1013.0,18.19,True,1.0
5,Faridabad,3,Potato,2024-11-06,991.2,17.33,True,1.0
5,Faridabad,3,Potato,2024-11-07,927.3,17.43,True,1.0
5,Faridabad,3,Potato,2024-11-08,1129.2,17.77,True,1.0
5,Faridabad,3,Potato,2024-11-09,1046.2,18.66,True,1.0
5,Faridabad,3,Potato,2024-11-10,948.8,19.2,True,1.0
5,Faridabad,3,Potato,2024-11-11,850.8,19.62,True,1.0
5,Faridabad,3,Potato,2024-11-12,934.5,18.72,True,1.0
5,Faridabad,3,Potato,2024-11-13,997.7,18.26,True,1.0
5,Faridabad,3,Potato,2024-11-14,1043.2,17.22,True,1.0
5,Faridabad,3,Potato,2024-11-15,1171.6,16.98,True,1.0
5,Faridabad,3,Potato,2024-11-16,1239.0,16.45,True,1.0
5,Faridabad,3,Potato,2024-11-17,698.7,16.95,True,1.0
5,Faridabad,3,Potato,2024-11-18,1027.0,16.78,True,1.0
5,Faridabad,3,Potato,2024-11-19,1183.5,16.47,True,1.0
5,Faridabad,3,Potato,2024-11-20,1072.7,16.59,True,1.0
5,Faridabad,3,Potato,2024-11-21,1114.1,16.29,True,1.0
5,Faridabad,3,Potato,2024-11-22,958.7,16.77,True,1.0
5,Faridabad,3,Potato,2024-11-23,903.1,17.1,True,1.0
5,Faridabad,3,Potato,2024-11-24,874.3,17.04,True,1.0
5,Faridabad,3,Potato,2024-11-25,882.4,16.79,True,1.0
5,Faridabad,3,Potato,2024-11-26,1002.9,16.32,True,1.0
5,Faridabad,3,Potato,2024-11-27,1177.3,16.89,True,1.0
5,Faridabad,3,Potato,2024-11-28,1072.4,17.13,True,1.0
5,Faridabad,3,Potato,2024-11-29,1131.9,17.41,True,1.0
5,Faridabad,3,Potato,2024-11-30,950.7,17.22,True,1.0
5,Faridabad,3,Potato,2024-12-01,668.7,17.13,True,1.0
5,Faridabad,3,Potato,2024-12-02,824.7,17.89,True,1.0
5,Faridabad,3,Potato,2024-12-03,1217.5,17.39,True,1.0
5,Faridabad,3,Potato,2024-12-04,1140.1,17.19,True,1.0
5,Faridabad,3,Potato,2024-12-05,1010.7,17.56,True,1.0
5,Faridabad,3,Potato,2024-12-06,1126.2,17.6,True,1.0
5,Faridabad,3,Potato,2024-12-07,2051.0,16.48,True,1.0
5,Faridabad,3,Potato,2024-12-08,1020.5,15.89,True,1.0
5,Faridabad,3,Potato,2024-12-09,953.8,15.95,True,1.0
5,Faridabad,3,Potato,2024-12-10,1149.8,16.72,True,1.0
5,Faridabad,3,Potato,2024-12-11,1225.6,17.16,True,1.0
5,Faridabad,3,Potato,2024-12-12,1013.2,17.4,True,1.0
5,Faridabad,3,Potato,2024-12-13,1614.2,17.61,True,1.0
5,Faridabad,3,Potato,2024-12-14,1287.4,16.97,True,1.0
5,Faridabad,3,Potato,2024-12-15,772.8,17.29,True,1.0
5,Faridabad,3,Potato,2024-12-16,1134.7,16.76,True,1.0
5,Faridabad,3,Potato,2024-12-17,1056.1,17.3,True,1.0
5,Faridabad,3,Potato,2024-12-18,942.5,16.96,True,1.0
5,Faridabad,3,Potato,2024-12-19,1009.0,17.11,True,1.0
5,Faridabad,3,Potato,2024-12-20,1134.3,16.18,True,1.0
5,Faridabad,3,Potato,2024-12-21,1074.0,15.79,True,1.0
5,Faridabad,3,Potato,2024-12-22,1108.8,16.64,True,1.0
5,Faridabad,3,Potato,2024-12-23,1200.5,17.07,True,1.0
5,Faridabad,3,Potato,2024-12-24,1068.8,16.44,True,1.0
5,Faridabad,3,Potato,2024-12-25,826.3,17.21,True,1.0
5,Faridabad,3,Potato,2024-12-26,1107.4,16.59,True,1.0
5,Faridabad,3,Potato,2024-12-27,1033.2,16.69,True,1.0
5,Faridabad,3,Potato,2024-12-28,1294.0,16.52,True,1.0
5,Faridabad,3,Potato,2024-12-29,893.4,16.2,True,1.0
5,Faridabad,3,Potato,2024-12-30,926.9,16.95,True,1.0
5,Faridabad,3,Potato,2024-12-31,1065.5,17.76,True,1.0
5,Faridabad,3,Potato,2025-01-01,1467.8,17.58,True,1.0
5,Faridabad,3,Potato,2025-01-02,932.9,18.13,True,1.0
5,Faridabad,3,Potato,2025-01-03,1087.6,17.59,True,1.0
5,Faridabad,3,Potato,2025-01-04,1120.2,17.41,True,1.0
5,Faridabad,3,Potato,2025-01-05,798.7,17.3,True,1.0
5,Faridabad,3,Potato,2025-01-06,1066.4,16.59,True,1.0
5,Faridabad,3,Potato,2025-01-07,1103.1,16.9,True,1.0
5,Faridabad,3,Potato,2025-01-08,956.6,17.21,True,1.0
5,Faridabad,3,Potato,2025-01-09,1052.2,17.0,True,1.0
5,Faridabad,3,Potato,2025-01-10,1057.8,16.14,True,1.0
5,Faridabad,3,Potato,2025-01-11,1345.4,16.5,True,1.0
5,Faridabad,3,Potato,2025-01-12,1082.1,15.88,True,1.0
5,Faridabad,3,Potato,2025-01-13,937.6,15.77,True,1.0
5,Faridabad,3,Potato,2025-01-14,957.5,16.13,True,1.0
5,Faridabad,3,Potato,2025-01-15,1029.4,15.96,True,1.0
5,Faridabad,3,Potato,2025-01-16,1135.9,16.31,True,1.0
5,Faridabad,3,Potato,2025-01-17,1132.2,16.34,True,1.0
5,Faridabad,3,Potato,2025-01-18,1417.0,15.71,True,1.0
5,Faridabad,3,Potato,2025-01-19,944.7,16.09,True,1.0
5,Faridabad,3,Potato,2025-01-20,791.4,16.56,True,1.0
5,Faridabad,3,Potato,2025-01-21,908.8,17.1,True,1.0
5,Faridabad,3,Potato,2025-01-22,1019.0,16.82,True,1.0
5,Faridabad,3,Potato,2025-01-23,1033.7,16.76,True,1.0
5,Faridabad,3,Potato,2025-01-24,1250.2,16.06,True,1.0
5,Faridabad,3,Potato,2025-01-25,1147.3,17.2,True,1.0
5,Faridabad,3,Potato,2025-01-26,943.9,17.81,True,1.0
5,Faridabad,3,Potato,2025-01-27,839.2,17.46,True,1.0
5,Faridabad,3,Potato,2025-01-28,1181.6,17.18,True,1.0
5,Faridabad,3,Potato,2025-01-29,942.8,15.68,True,1.0
5,Faridabad,3,Potato,2025-01-30,1108.4,16.47,True,1.0
5,Faridabad,3,Potato,2025-01-31,1160.0,16.82,True,1.0
5,Faridabad,3,Potato,2025-02-01,1377.1,17.19,True,1.0
5,Faridabad,3,Potato,2025-02-02,1015.7,16.86,True,1.0
5,Faridabad,3,Potato,2025-02-03,1179.1,16.6,True,1.0
5,Faridabad,3,Potato,2025-02-04,1197.5,16.07,True,1.0
5,Faridabad,3,Potato,2025-02-05,1069.9,16.64,True,1.0
5,Faridabad,3,Potato,2025-02-06,1176.3,17.28,True,1.0
5,Faridabad,3,Potato,2025-02-07,1301.1,17.68,True,1.0
5,Faridabad,3,Potato,2025-02-08,2301.4,17.5,True,1.0
5,Faridabad,3,Potato,2025-02-09,915.7,17.12,True,1.0
5,Faridabad,3,Potato,2025-02-10,1198.0,16.51,True,1.0
5,Faridabad,3,Potato,2025-02-11,1434.1,16.26,True,1.0
5,Faridabad,3,Potato,2025-02-12,1336.5,16.64,True,1.0
5,Faridabad,3,Potato,2025-02-13,1150.5,16.55,True,1.0
5,Faridabad,3,Potato,2025-02-14,1313.3,17.42,True,1.0
5,Faridabad,3,Potato,2025-02-15,1745.8,17.81,True,1.0
5,Faridabad,3,Potato,2025-02-16,1073.1,17.21,True,1.0
5,Faridabad,3,Potato,2025-02-17,1110.5,16.51,True,1.0
5,Faridabad,3,Potato,2025-02-18,1214.3,16.35,True,1.0
5,Faridabad,3,Potato,2025-02-19,1276.2,17.0,True,1.0
5,Faridabad,3,Potato,2025-02-20,1498.9,16.71,True,1.0
5,Faridabad,3,Potato,2025-02-21,1357.3,17.02,True,1.0
5,Faridabad,3,Potato,2025-02-22,1169.8,16.7,True,1.0
5,Faridabad,3,Potato,2025-02-23,1007.8,16.92,True,1.0
5,Faridabad,3,Potato,2025-02-24,985.4,17.17,True,1.0
5,Faridabad,3,Potato,2025-02-25,1042.9,17.57,True,1.0
5,Faridabad,3,Potato,2025-02-26,1398.7,18.1,True,1.0
5,Faridabad,3,Potato,2025-02-27,986.1,18.41,True,1.0
5,Faridabad,3,Potato,2025-02-28,1144.7,17.69,True,1.0
5,Faridabad,3,Potato,2025-03-01,1185.2,17.39,True,1.0
5,Faridabad,3,Potato,2025-03-02,1011.4,16.69,True,1.0
5,Faridabad,3,Potato,2025-03-03,988.8,16.66,True,1.0
5,Faridabad,3,Potato,2025-03-04,1794.2,16.77,True,1.0
5,Faridabad,3,Potato,2025-03-05,1236.9,16.64,True,1.0
5,Faridabad,3,Potato,2025-03-06,1419.8,16.51,True,1.0
5,Faridabad,3,Potato,2025-03-07,1357.7,17.16,True,1.0
5,Faridabad,3,Potato,2025-03-08,1419.6,17.57,True,1.0
5,Faridabad,3,Potato,2025-03-09,929.1,17.61,True,1.0
5,Faridabad,3,Potato,2025-03-10,1082.0,16.82,True,1.0
5,Faridabad,3,Potato,2025-03-11,1336.5,17.0,True,1.0
5,Faridabad,3,Potato,2025-03-12,1174.6,16.84,True,1.0
5,Faridabad,3,Potato,2025-03-13,1150.0,17.57,True,1.0
5,Faridabad,3,Potato,2025-03-14,1168.6,16.56,True,1.0
5,Faridabad,3,Potato,2025-03-15,1392.4,16.47,True,1.0
5,Faridabad,3,Potato,2025-03-16,1142.6,16.39,True,1.0
5,Faridabad,3,Potato,2025-03-17,1251.3,16.4,True,1.0
5,Faridabad,3,Potato,2025-03-18,1278.0,17.1,True,1.0
5,Faridabad,3,Potato,2025-03-19,1321.7,16.01,True,1.0
5,Faridabad,3,Potato,2025-03-20,1238.3,16.27,True,1.0
5,Faridabad,3,Potato,2025-03-21,1326.5,16.96,True,1.0
5,Faridabad,3,Potato,2025-03-22,1595.2,17.53,True,1.0
5,Faridabad,3,Potato,2025-03-23,1144.7,17.18,True,1.0
5,Faridabad,3,Potato,2025-03-24,955.5,16.89,True,1.0
5,Faridabad,3,Potato,2025-03-25,1291.4,17.18,True,1.0
5,Faridabad,3,Potato,2025-03-26,1106.4,17.3,True,1.0
5,Faridabad,3,Potato,2025-03-27,1144.8,17.35,True,1.0
5,Faridabad,3,Potato,2025-03-28,1403.2,15.57,True,1.0
5,Faridabad,3,Potato,2025-03-29,1408.5,15.58,True,1.0
5,Faridabad,3,Potato,2025-03-30,1098.1,15.71,True,1.0
5,Faridabad,3,Potato,2025-03-31,1105.4,16.51,True,1.0
5,Faridabad,3,Potato,2025-04-01,1277.7,16.11,True,1.0
5,Faridabad,3,Potato,2025-04-02,1377.2,16.02,True,1.0
5,Faridabad,3,Potato,2025-04-03,1451.4,16.37,True,1.0
5,Faridabad,3,Potato,2025-04-04,1537.5,16.1,True,1.0
5,Faridabad,3,Potato,2025-04-05,1425.7,16.82,True,1.0
5,Faridabad,3,Potato,2025-04-06,1017.0,16.84,True,1.0
5,Faridabad,3,Potato,2025-04-07,1265.0,17.97,True,1.0
5,Faridabad,3,Potato,2025-04-08,1105.1,17.54,True,1.0
5,Faridabad,3,Potato,2025-04-09,1235.6,17.27,True,1.0
5,Faridabad,3,Potato,2025-04-10,1448.2,17.78,True,1.0
5,Faridabad,3,Potato,2025-04-11,1328.2,17.41,True,1.0
5,Faridabad,3,Potato,2025-04-12,1642.7,18.26,True,1.0
5,Faridabad,3,Potato,2025-04-13,897.6,18.33,True,1.0
5,Faridabad,3,Potato,2025-04-14,1318.3,17.99,True,1.0
5,Faridabad,3,Potato,2025-04-15,2143.1,17.83,True,1.0
5,Faridabad,3,Potato,2025-04-16,1289.6,19.31,True,1.0
5,Faridabad,3,Potato,2025-04-17,1514.6,19.1,True,1.0
5,Faridabad,3,Potato,2025-04-18,1133.5,18.78,True,1.0
5,Faridabad,3,Potato,2025-04-19,1207.3,18.41,True,1.0
5,Faridabad,3,Potato,2025-04-20,1033.5,18.79,True,1.0
5,Faridabad,3,Potato,2025-04-21,1381.6,17.72,True,1.0
5,Faridabad,3,Potato,2025-04-22,1338.3,17.67,True,1.0
5,Faridabad,3,Potato,2025-04-23,1289.1,16.36,True,1.0
5,Faridabad,3,Potato,2025-04-24,1240.1,16.56,True,1.0
5,Faridabad,3,Potato,2025-04-25,1431.7,17.38,True,1.0
5,Faridabad,3,Potato,2025-04-26,1270.7,18.26,True,1.0
5,Faridabad,3,Potato,2025-04-27,983.5,18.49,True,1.0
5,Faridabad,3,Potato,2025-04-28,1082.7,18.69,True,1.0
5,Faridabad,3,Potato,2025-04-29,1162.6,17.6,True,1.0
5,Faridabad,3,Potato,2025-04-30,1412.3,17.39,True,1.0
5,Faridabad,3,Potato,2025-05-01,1172.4,18.35,True,1.0
5,Faridabad,3,Potato,2025-05-02,1355.5,18.0,True,1.0
5,Faridabad,3,Potato,2025-05-03,1395.7,17.97,True,1.0
5,Faridabad,3,Potato,2025-05-04,934.9,17.61,True,1.0
5,Faridabad,3,Potato,2025-05-05,1250.2,17.3,True,1.0
5,Faridabad,3,Potato,2025-05-06,1576.0,17.33,True,1.0
5,Faridabad,3,Potato,2025-05-07,1185.0,17.26,True,1.0
5,Faridabad,3,Potato,2025-05-08,1399.5,18.03,True,1.0
5,Faridabad,3,Potato,2025-05-09,1378.6,18.2,True,1.0
5,Faridabad,3,Potato,2025-05-10,1248.8,18.76,True,1.0
5,Faridabad,3,Potato,2025-05-11,1102.9,17.89,True,1.0
5,Faridabad,3,Potato,2025-05-12,1138.3,18.66,True,1.0
5,Faridabad,3,Potato,2025-05-13,1184.2,18.57,True,1.0
5,Faridabad,3,Potato,2025-05-14,1216.9,19.5,True,1.0
5,Faridabad,3,Potato,2025-05-15,1122.0,19.13,True,1.0
5,Faridabad,3,Potato,2025-05-16,1154.7,18.11,True,1.0
5,Faridabad,3,Potato,2025-05-17,1459.0,18.88,True,1.0
5,Faridabad,3,Potato,2025-05-18,989.7,18.67,True,1.0
5,Faridabad,3,Potato,2025-05-19,1459.3,17.5,True,1.0
5,Faridabad,3,Potato,2025-05-20,1363.6,17.86,True,1.0
5,Faridabad,3,Potato,2025-05-21,1275.9,18.17,True,1.0
5,Faridabad,3,Potato,2025-05-22,1189.6,18.84,True,1.0
5,Faridabad,3,Potato,2025-05-23,1168.8,16.92,True,1.0
5,Faridabad,3,Potato,2025-05-24,1145.6,17.98,True,1.0
5,Faridabad,3,Potato,2025-05-25,908.7,17.91,True,1.0
5,Faridabad,3,Potato,2025-05-26,1189.1,19.13,True,1.0
5,Faridabad,3,Potato,2025-05-27,1132.4,18.07,True,1.0
5,Faridabad,3,Potato,2025-05-28,1148.2,18.52,True,1.0
5,Faridabad,3,Potato,2025-05-29,1370.4,18.78,True,1.0
5,Faridabad,3,Potato,2025-05-30,1117.0,18.52,True,1.0
5,Faridabad,3,Potato,2025-05-31,1772.6,18.16,True,1.0
5,Faridabad,3,Potato,2025-06-01,845.2,18.13,True,1.0
5,Faridabad,3,Potato,2025-06-02,1590.9,18.12,True,1.0
5,Faridabad,3,Potato,2025-06-03,1188.7,17.66,True,1.0
5,Faridabad,3,Potato,2025-06-04,1376.4,18.5,True,1.0
5,Faridabad,3,Potato,2025-06-05,1431.7,18.01,True,1.0
5,Faridabad,3,Potato,2025-06-06,1457.1,18.78,True,1.0
5,Faridabad,3,Potato,2025-06-07,1682.5,17.85,True,1.0
5,Faridabad,3,Potato,2025-06-08,918.8,18.05,True,1.0
5,Faridabad,3,Potato,2025-06-09,1056.3,18.2,True,1.0
5,Faridabad,3,Potato,2025-06-10,1104.7,18.38,True,1.0
5,Faridabad,3,Potato,2025-06-11,1027.2,19.04,True,1.0
5,Faridabad,3,Potato,2025-06-12,1583.2,18.89,True,1.0
5,Faridabad,3,Potato,2025-06-13,1278.1,18.65,True,1.0
5,Faridabad,3,Potato,2025-06-14,1303.2,18.62,True,1.0
5,Faridabad,3,Potato,2025-06-15,982.3,19.25,True,1.0
5,Faridabad,3,Potato,2025-06-16,1177.5,18.51,True,1.0
5,Faridabad,3,Potato,2025-06-17,1260.7,18.11,True,1.0
5,Faridabad,3,Potato,2025-06-18,972.9,17.36,True,1.0
5,Faridabad,3,Potato,2025-06-19,1016.8,18.9,True,1.0
5,Faridabad,3,Potato,2025-06-20,1747.5,18.31,True,1.0
5,Faridabad,3,Potato,2025-06-21,1295.4,17.55,True,1.0
5,Faridabad,3,Potato,2025-06-22,1045.0,17.57,True,1.0
5,Faridabad,3,Potato,2025-06-23,1170.1,17.69,True,1.0
5,Faridabad,3,Potato,2025-06-24,1261.6,18.86,True,1.0
5,Faridabad,3,Potato,2025-06-25,1053.3,18.67,True,1.0
5,Faridabad,3,Potato,2025-06-26,1082.6,18.95,True,1.0
5,Faridabad,3,Potato,2025-06-27,1155.2,18.04,True,1.0
5,Faridabad,3,Potato,2025-06-28,1353.5,18.46,True,1.0
5,Faridabad,3,Potato,2025-06-29,866.6,17.8,True,1.0
5,Faridabad,3,Potato,2025-06-30,1012.6,18.02,True,1.0
5,Faridabad,3,Potato,2025-07-01,841.9,17.95,True,1.0
5,Faridabad,3,Potato,2025-07-02,1254.7,18.33,True,1.0
5,Faridabad,3,Potato,2025-07-03,1258.0,18.91,True,1.0
5,Faridabad,3,Potato,2025-07-04,1192.4,18.27,True,1.0
5,Faridabad,3,Potato,2025-07-05,1509.6,17.94,True,1.0
5,Faridabad,3,Potato,2025-07-06,914.4,18.41,True,1.0
5,Faridabad,3,Potato,2025-07-07,1325.8,19.0,True,1.0
5,Faridabad,3,Potato,2025-07-08,1164.4,19.85,True,1.0
5,Faridabad,3,Potato,2025-07-09,1091.1,19.39,True,1.0
5,Faridabad,3,Potato,2025-07-10,951.8,18.52,True,1.0
5,Faridabad,3,Potato,2025-07-11,1380.3,18.83,True,1.0
5,Faridabad,3,Potato,2025-07-12,1714.3,18.52,True,1.0
5,Faridabad,3,Potato,2025-07-13,951.5,18.24,True,1.0
5,Faridabad,3,Potato,2025-07-14,1187.5,19.29,True,1.0
5,Faridabad,3,Potato,2025-07-15,1131.9,19.61,True,1.0
5,Faridabad,3,Potato,2025-07-16,1119.5,19.1,True,1.0
5,Faridabad,3,Potato,2025-07-17,1213.3,19.13,True,1.0
5,Faridabad,3,Potato,2025-07-18,1109.1,19.12,True,1.0
5,Faridabad,3,Potato,2025-07-19,1257.7,19.25,True,1.0
5,Faridabad,3,Potato,2025-07-20,882.4,19.03,True,1.0
5,Faridabad,3,Potato,2025-07-21,907.7,18.08,True,1.0
5,Faridabad,3,Potato,2025-07-22,918.8,17.92,True,1.0
5,Faridabad,3,Potato,2025-07-23,1174.4,18.04,True,1.0
5,Faridabad,3,Potato,2025-07-24,1457.3,18.41,True,1.0
5,Faridabad,3,Potato,2025-07-25,1137.6,18.09,True,1.0
5,Faridabad,3,Potato,2025-07-26,1428.6,18.53,True,1.0
5,Faridabad,3,Potato,2025-07-27,982.8,18.55,True,1.0
5,Faridabad,3,Potato,2025-07-28,1013.2,18.36,True,1.0
5,Faridabad,3,Potato,2025-07-29,1241.9,17.96,True,1.0
5,Faridabad,3,Potato,2025-07-30,953.3,18.58,True,1.0
5,Faridabad,3,Potato,2025-07-31,1083.5,19.01,True,1.0
5,Faridabad,3,Potato,2025-08-01,1251.8,19.52,True,1.0
5,Faridabad,3,Potato,2025-08-02,1526.0,19.75,True,1.0
5,Faridabad,3,Potato,2025-08-03,1021.4,19.95,True,1.0
5,Faridabad,3,Potato,2025-08-04,1119.6,19.96,True,1.0
5,Faridabad,3,Potato,2025-08-05,1384.5,18.77,True,1.0
5,Faridabad,3,Potato,2025-08-06,1231.2,18.76,True,1.0
5,Faridabad,3,Potato,2025-08-07,995.7,18.15,True,1.0
5,Faridabad,3,Potato,2025-08-08,951.7,19.21,True,1.0
5,Faridabad,3,Potato,2025-08-09,1270.8,19.21,True,1.0
5,Faridabad,3,Potato,2025-08-10,907.8,19.92,True,1.0
5,Faridabad,3,Potato,2025-08-11,1114.9,19.14,True,1.0
5,Faridabad,3,Potato,2025-08-12,1281.2,19.11,True,1.0
5,Faridabad,3,Potato,2025-08-13,1233.6,19.29,True,1.0
5,Faridabad,3,Potato,2025-08-14,1239.2,19.08,True,1.0
5,Faridabad,3,Potato,2025-08-15,1235.0,19.22,True,1.0
5,Faridabad,3,Potato,2025-08-16,1553.4,20.04,True,1.0
5,Faridabad,3,Potato,2025-08-17,769.4,19.21,True,1.0
5,Faridabad,3,Potato,2025-08-18,1538.3,17.81,True,1.0
5,Faridabad,3,Potato,2025-08-19,1171.0,19.06,True,1.0
5,Faridabad,3,Potato,2025-08-20,1127.2,18.66,True,1.0
5,Faridabad,3,Potato,2025-08-21,864.9,19.42,True,1.0
5,Faridabad,3,Potato,2025-08-22,1275.7,19.7,True,1.0
5,Faridabad,3,Potato,2025-08-23,1438.7,19.41,True,1.0
5,Faridabad,3,Potato,2025-08-24,702.5,19.54,True,1.0
5,Faridabad,3,Potato,2025-08-25,1117.0,18.79,True,1.0
5,Faridabad,3,Potato,2025-08-26,1010.8,18.93,True,1.0
5,Faridabad,3,Potato,2025-08-27,1260.5,19.3,True,1.0
5,Faridabad,3,Potato,2025-08-28,927.8,18.82,True,1.0
5,Faridabad,3,Potato,2025-08-29,1179.3,18.69,True,1.0
5,Faridabad,3,Potato,2025-08-30,1210.9,18.97,True,1.0
5,Faridabad,3,Potato,2025-08-31,924.5,19.73,True,1.0
5,Faridabad,3,Potato,2025-09-01,1062.6,19.52,True,1.0
5,Faridabad,3,Potato,2025-09-02,979.6,19.13,True,1.0
5,Faridabad,3,Potato,2025-09-03,990.7,19.02,True,1.0
5,Faridabad,3,Potato,2025-09-04,937.6,19.65,True,1.0
5,Faridabad,3,Potato,2025-09-05,1228.6,19.1,True,1.0
5,Faridabad,3,Potato,2025-09-06,1112.4,18.9,True,1.0
5,Faridabad,3,Potato,2025-09-07,923.2,18.58,True,1.0
5,Faridabad,3,Potato,2025-09-08,939.9,18.58,True,1.0
5,Faridabad,3,Potato,2025-09-09,999.2,18.8,True,1.0
5,Faridabad,3,Potato,2025-09-10,1057.1,19.4,True,1.0
5,Faridabad,3,Potato,2025-09-11,1177.2,18.11,True,1.0
5,Faridabad,3,Potato,2025-09-12,1156.2,18.64,True,1.0
5,Faridabad,3,Potato,2025-09-13,1280.9,18.24,True,1.0
5,Faridabad,3,Potato,2025-09-14,844.4,18.73,True,1.0
5,Faridabad,3,Potato,2025-09-16,1277.0,19.81,True,1.0
5,Faridabad,3,Potato,2025-09-17,961.8,19.59,True,1.0
5,Faridabad,3,Potato,2025-09-18,1023.3,19.81,True,1.0
5,Faridabad,3,Potato,2025-09-19,1132.5,18.98,True,1.0
5,Faridabad,3,Potato,2025-09-20,1155.4,18.87,True,1.0
5,Faridabad,3,Potato,2025-09-21,792.9,19.67,True,1.0
5,Faridabad,3,Potato,2025-09-22,895.1,18.95,True,1.0
5,Faridabad,3,Potato,2025-09-23,816.1,18.98,True,1.0
5,Faridabad,3,Potato,2025-09-24,1130.8,18.69,True,1.0
5,Faridabad,3,Potato,2025-09-25,1005.6,18.58,True,1.0
5,Faridabad,3,Potato,2025-09-26,1064.2,18.82,True,1.0
5,Faridabad,3,Potato,2025-09-27,1189.6,18.62,True,1.0
5,Faridabad,3,Potato,2025-09-28,1071.0,18.61,True,1.0
5,Faridabad,3,Potato,2025-09-29,1073.8,18.34,True,1.0
5,Faridabad,3,Potato,2025-09-30,954.7,17.47,True,1.0
5,Faridabad,3,Potato,2025-10-01,951.9,17.89,True,1.0
5,Faridabad,3,Potato,2025-10-02,1239.8,18.31,True,1.0
5,Faridabad,3,Potato,2025-10-03,1060.2,19.11,True,1.0
5,Faridabad,3,Potato,2025-10-04,1360.9,18.85,True,1.0
5,Faridabad,3,Potato,2025-10-05,731.2,18.0,True,1.0
5,Faridabad,3,Potato,2025-10-06,933.7,17.75,True,1.0
5,Faridabad,3,Potato,2025-10-07,1075.1,18.23,True,1.0
5,Faridabad,3,Potato,2025-10-08,1490.6,18.24,True,1.0
5,Faridabad,3,Potato,2025-10-09,870.7,18.43,True,1.0
5,Faridabad,3,Potato,2025-10-10,1189.0,18.23,True,1.0
5,Faridabad,3,Potato,2025-10-11,1261.7,19.27,True,1.0
5,Faridabad,3,Potato,2025-10-12,994.1,19.94,True,1.0
5,Faridabad,3,Potato,2025-10-13,1027.3,18.93,True,1.0
5,Faridabad,3,Potato,2025-10-14,1019.5,19.22,True,1.0
5,Faridabad,3,Potato,2025-10-15,912.9,19.1,True,1.0
5,Faridabad,3,Potato,2025-10-16,1052.6,18.84,True,1.0
5,Faridabad,3,Potato,2025-10-17,1377.0,18.2,True,1.0
5,Faridabad,3,Potato,2025-10-18,1187.8,19.07,True,1.0
5,Faridabad,3,Potato,2025-10-19,819.9,19.43,True,1.0
5,Faridabad,3,Potato,2025-10-20,951.4,18.26,True,1.0
5,Faridabad,3,Potato,2025-10-21,660.9,18.96,True,1.0
5,Faridabad,3,Potato,2025-10-22,914.8,18.68,True,1.0
5,Faridabad,3,Potato,2025-10-23,810.1,18.19,True,1.0
5,Faridabad,3,Potato,2025-10-24,1119.7,17.66,True,1.0
5,Faridabad,3,Potato,2025-10-25,1096.4,18.26,True,1.0
5,Faridabad,3,Potato,2025-10-26,905.8,18.4,True,1.0
5,Faridabad,3,Potato,2025-10-27,985.1,17.83,True,1.0
5,Faridabad,3,Potato,2025-10-28,1071.9,17.47,True,1.0
5,Faridabad,3,Potato,2025-10-29,1169.2,17.42,True,1.0
5,Faridabad,3,Potato,2025-10-30,1074.3,17.32,True,1.0
5,Faridabad,3,Potato,2025-10-31,1018.5,17.76,True,1.0
5,Faridabad,3,Potato,2025-11-01,924.4,18.0,True,1.0
5,Faridabad,3,Potato,2025-11-02,758.8,17.64,True,1.0
5,Faridabad,3,Potato,2025-11-03,1022.7,16.88,True,1.0
5,Faridabad,3,Potato,2025-11-04,1074.0,16.52,True,1.0
5,Faridabad,3,Potato,2025-11-05,1274.7,17.32,True,1.0
5,Faridabad,3,Potato,2025-11-06,1064.3,16.97,True,1.0
5,Faridabad,3,Potato,2025-11-07,1113.9,17.26,True,1.0
5,Faridabad,3,Potato,2025-11-08,1231.7,16.55,True,1.0
5,Faridabad,3,Potato,2025-11-09,732.9,17.09,True,1.0
5,Faridabad,3,Potato,2025-11-10,965.2,18.24,True,1.0
5,Faridabad,3,Potato,2025-11-11,1255.8,17.4,True,1.0
5,Faridabad,3,Potato,2025-11-12,1172.2,17.76,True,1.0
5,Faridabad,3,Potato,2025-11-13,1026.7,17.86,True,1.0
5,Faridabad,3,Potato,2025-11-14,1125.8,18.26,True,1.0
5,Faridabad,3,Potato,2025-11-15,1264.1,17.99,True,1.0
5,Faridabad,3,Potato,2025-11-16,735.6,18.01,True,1.0
5,Faridabad,3,Potato,2025-11-17,1089.4,17.97,True,1.0
5,Faridabad,3,Potato,2025-11-18,777.9,18.13,True,1.0
5,Faridabad,3,Potato,2025-11-20,970.9,17.61,True,1.0
5,Faridabad,3,Potato,2025-11-21,1467.7,17.98,True,1.0
5,Faridabad,3,Potato,2025-11-22,1310.9,18.43,True,1.0
5,Faridabad,3,Potato,2025-11-23,849.7,18.39,True,1.0
5,Faridabad,3,Potato,2025-11-24,998.2,17.52,True,1.0
5,Faridabad,3,Potato,2025-11-25,742.5,16.72,True,1.0
5,Faridabad,3,Potato,2025-11-26,957.6,17.12,True,1.0
5,Faridabad,3,Potato,2025-11-27,1211.7,16.7,True,1.0
5,Faridabad,3,Potato,2025-11-28,1208.5,17.3,True,1.0
5,Faridabad,3,Potato,2025-11-29,1462.5,17.17,True,1.0
5,Faridabad,3,Potato,2025-11-30,973.4,17.72,True,1.0
5,Faridabad,3,Potato,2025-12-01,1009.9,18.69,True,1.0
5,Faridabad,3,Potato,2025-12-02,1202.7,18.22,True,1.0
5,Faridabad,3,Potato,2025-12-03,866.8,17.87,True,1.0
5,Faridabad,3,Potato,2025-12-04,1257.0,18.19,True,1.0
5,Faridabad,3,Potato,2025-12-05,1251.7,18.45,True,1.0
5,Faridabad,3,Potato,2025-12-06,1313.3,18.97,True,1.0
5,Faridabad,3,Potato,2025-12-07,1055.7,18.52,True,1.0
5,Faridabad,3,Potato,2025-12-08,981.1,17.78,True,1.0
5,Faridabad,3,Potato,2025-12-09,1064.4,17.59,True,1.0
5,Faridabad,3,Potato,2025-12-10,926.3,17.15,True,1.0
5,Faridabad,3,Potato,2025-12-11,1296.7,17.26,True,1.0
5,Faridabad,3,Potato,2025-12-12,1200.3,16.79,True,1.0
5,Faridabad,3,Potato,2025-12-13,1351.6,17.32,True,1.0
5,Faridabad,3,Potato,2025-12-15,1004.2,17.5,True,1.0
5,Faridabad,3,Potato,2025-12-16,1460.7,17.38,True,1.0
5,Faridabad,3,Potato,2025-12-17,957.2,17.18,True,1.0
5,Faridabad,3,Potato,2025-12-18,931.6,17.78,True,1.0
5,Faridabad,3,Potato,2025-12-19,1227.5,18.15,True,1.0
5,Faridabad,3,Potato,2025-12-20,1358.1,17.87,True,1.0
5,Faridabad,3,Potato,2025-12-21,799.0,17.17,True,1.0
5,Faridabad,3,Potato,2025-12-22,1256.3,16.55,True,1.0
5,Faridabad,3,Potato,2025-12-23,915.3,16.81,True,1.0
5,Faridabad,3,Potato,2025-12-24,900.9,16.54,True,1.0
5,Faridabad,3,Potato,2025-12-25,1005.5,16.89,True,1.0
5,Faridabad,3,Potato,2025-12-26,1253.1,16.71,True,1.0
5,Faridabad,3,Potato,2025-12-27,1102.7,17.15,True,1.0
5,Faridabad,3,Potato,2025-12-28,786.8,17.17,True,1.0
5,Faridabad,3,Potato,2025-12-29,1032.0,17.58,True,1.0
5,Faridabad,3,Potato,2025-12-30,1199.2,16.29,True,1.0
5,Faridabad,3,Potato,2025-12-31,1007.6,16.36,True,1.0
5,Faridabad,3,Potato,2026-01-01,1062.0,17.58,True,1.0
5,Faridabad,3,Potato,2026-01-02,1621.8,16.16,True,1.0
5,Faridabad,3,Potato,2026-01-03,1153.6,16.76,True,1.0
5,Faridabad,3,Potato,2026-01-04,1022.3,16.98,True,1.0
5,Faridabad,3,Potato,2026-01-05,938.2,17.57,True,1.0
5,Faridabad,3,Potato,2026-01-06,1021.1,17.25,True,1.0
5,Faridabad,3,Potato,2026-01-07,1073.5,17.71,True,1.0
5,Faridabad,3,Potato,2026-01-08,1444.8,18.05,True,1.0
5,Faridabad,3,Potato,2026-01-09,1127.6,17.76,True,1.0
5,Faridabad,3,Potato,2026-01-10,1276.2,16.89,True,1.0
5,Faridabad,3,Potato,2026-01-11,891.9,17.31,True,1.0
5,Faridabad,3,Potato,2026-01-12,960.5,16.67,True,1.0
5,Faridabad,3,Potato,2026-01-13,1093.4,16.64,True,1.0
5,Faridabad,3,Potato,2026-01-14,1072.0,17.13,True,1.0
5,Faridabad,3,Potato,2026-01-15,1165.1,17.56,True,1.0
5,Faridabad,3,Potato,2026-01-16,1009.1,17.15,True,1.0
5,Faridabad,3,Potato,2026-01-17,1241.3,17.33,True,1.0
5,Faridabad,3,Potato,2026-01-18,1124.5,16.42,True,1.0
5,Faridabad,3,Potato,2026-01-19,953.6,16.3,True,1.0
5,Faridabad,3,Potato,2026-01-20,1182.1,17.13,True,1.0
5,Faridabad,3,Potato,2026-01-21,1329.4,17.68,True,1.0
5,Faridabad,3,Potato,2026-01-22,1081.9,17.73,True,1.0
5,Faridabad,3,Potato,2026-01-23,1216.6,17.36,True,1.0
5,Faridabad,3,Potato,2026-01-24,1321.2,17.59,True,1.0
5,Faridabad,3,Potato,2026-01-25,1039.4,17.32,True,1.0
5,Faridabad,3,Potato,2026-01-26,1000.8,17.23,True,1.0
5,Faridabad,3,Potato,2026-01-27,1202.6,17.12,True,1.0
5,Faridabad,3,Potato,2026-01-28,1311.4,16.63,True,1.0
5,Faridabad,3,Potato,2026-01-29,1190.4,17.01,True,1.0
5,Faridabad,3,Potato,2026-01-30,1350.6,16.42,True,1.0
5,Faridabad,3,Potato,2026-01-31,1514.2,16.89,True,1.0
5,Faridabad,3,Potato,2026-02-01,962.2,16.39,True,1.0
5,Faridabad,3,Potato,2026-02-02,1200.4,16.16,True,1.0
5,Faridabad,3,Potato,2026-02-03,1244.3,15.06,True,1.0
5,Faridabad,3,Potato,2026-02-04,1460.3,15.48,True,1.0
5,Faridabad,3,Potato,2026-02-05,1411.6,15.94,True,1.0
5,Faridabad,3,Potato,2026-02-06,1382.3,16.57,True,1.0
5,Faridabad,3,Potato,2026-02-07,1294.9,17.26,True,1.0
5,Faridabad,3,Potato,2026-02-08,996.6,16.4,True,1.0
5,Faridabad,3,Potato,2026-02-09,1446.7,16.98,True,1.0
5,Faridabad,3,Potato,2026-02-10,1181.5,16.7,True,1.0
5,Faridabad,3,Potato,2026-02-11,1278.2,16.69,True,1.0
5,Faridabad,3,Potato,2026-02-12,1253.7,16.67,True,1.0
5,Faridabad,3,Potato,2026-02-13,1237.7,16.49,True,1.0
5,Faridabad,3,Potato,2026-02-14,1682.0,16.17,True,1.0
5,Faridabad,3,Potato,2026-02-15,1148.9,16.49,True,1.0
5,Faridabad,3,Potato,2026-02-16,1322.5,16.98,True,1.0
5,Faridabad,3,Potato,2026-02-17,1145.7,16.33,True,1.0
5,Faridabad,3,Potato,2026-02-18,1170.7,16.47,True,1.0
5,Faridabad,3,Potato,2026-02-19,1384.0,16.29,True,1.0
5,Faridabad,3,Potato,2026-02-20,1712.5,16.98,True,1.0
5,Faridabad,3,Potato,2026-02-21,1278.8,17.18,True,1.0
5,Faridabad,3,Potato,2026-02-22,1049.1,17.84,True,1.0
5,Faridabad,3,Potato,2026-02-23,989.3,16.79,True,1.0
5,Faridabad,3,Potato,2026-02-24,1026.9,17.32,True,1.0
5,Faridabad,3,Potato,2026-02-25,1163.7,17.27,True,1.0
5,Faridabad,3,Potato,2026-02-26,1279.4,16.81,True,1.0
5,Faridabad,3,Potato,2026-02-27,1311.4,17.08,True,1.0
5,Faridabad,3,Potato,2026-02-28,1317.2,17.82,True,1.0
5,Faridabad,3,Potato,2026-03-01,979.6,18.37,True,1.0
5,Faridabad,3,Potato,2026-03-02,975.4,18.36,True,1.0
5,Faridabad,3,Potato,2026-03-03,1315.6,17.43,True,1.0
5,Faridabad,3,Potato,2026-03-04,1508.7,17.45,True,1.0
5,Faridabad,3,Potato,2026-03-05,1452.7,17.48,True,1.0
5,Faridabad,3,Potato,2026-03-06,1355.9,17.96,True,1.0
5,Faridabad,3,Potato,2026-03-07,1643.4,17.59,True,1.0
5,Faridabad,3,Potato,2026-03-08,1034.8,17.43,True,1.0
5,Faridabad,3,Potato,2026-03-09,1471.6,17.0,True,1.0
5,Faridabad,3,Potato,2026-03-10,1067.0,17.34,True,1.0
5,Faridabad,3,Potato,2026-03-11,1367.2,17.16,True,1.0
5,Faridabad,3,Potato,2026-03-12,1337.9,17.23,True,1.0
5,Faridabad,3,Potato,2026-03-13,1490.7,16.96,True,1.0
5,Faridabad,3,Potato,2026-03-14,1609.5,17.03,True,1.0
5,Faridabad,3,Potato,2026-03-15,923.7,16.55,True,1.0
5,Faridabad,3,Potato,2026-03-16,1220.4,16.8,True,1.0
5,Faridabad,3,Potato,2026-03-17,1220.3,16.62,True,1.0
5,Faridabad,3,Potato,2026-03-18,1206.3,17.13,True,1.0
5,Faridabad,3,Potato,2026-03-19,1202.7,18.08,True,1.0
5,Faridabad,3,Potato,2026-03-20,1384.8,18.26,True,1.0
5,Faridabad,3,Potato,2026-03-21,1279.2,17.38,True,1.0
5,Faridabad,3,Potato,2026-03-22,1287.6,17.17,True,1.0
5,Faridabad,3,Potato,2026-03-23,1086.9,16.42,True,1.0
5,Faridabad,3,Potato,2026-03-24,1460.3,16.69,True,1.0
5,Faridabad,3,Potato,2026-03-25,1358.7,16.04,True,1.0
5,Faridabad,3,Potato,2026-03-26,1395.6,15.86,True,1.0
5,Faridabad,3,Potato,2026-03-27,1262.1,16.81,True,1.0
5,Faridabad,3,Potato,2026-03-28,1397.1,17.4,True,1.0
5,Faridabad,3,Potato,2026-03-29,855.2,16.65,True,1.0
5,Faridabad,3,Potato,2026-03-30,1237.5,16.66,True,1.0
5,Faridabad,3,Potato,2026-03-31,1329.5,17.11,True,1.0
5,Faridabad,3,Potato,2026-04-01,1391.3,17.4,True,1.0
5,Faridabad,3,Potato,2026-04-02,1305.0,16.63,True,1.0
5,Faridabad,3,Potato,2026-04-03,1254.0,17.01,True,1.0
5,Faridabad,3,Potato,2026-04-04,1697.1,16.86,True,1.0
5,Faridabad,3,Potato,2026-04-05,1128.2,17.65,True,1.0
5,Faridabad,3,Potato,2026-04-06,1138.8,17.52,True,1.0
5,Faridabad,3,Potato,2026-04-07,1270.7,17.71,True,1.0
5,Faridabad,3,Potato,2026-04-08,1122.9,17.62,True,1.0
5,Faridabad,3,Potato,2026-04-09,1152.5,17.95,True,1.0
5,Faridabad,3,Potato,2026-04-10,1334.8,17.46,True,1.0
5,Faridabad,3,Potato,2026-04-11,1454.7,17.86,True,1.0
5,Faridabad,3,Potato,2026-04-12,986.0,18.42,True,1.0
5,Faridabad,3,Potato,2026-04-13,1596.8,19.18,True,1.0
5,Faridabad,3,Potato,2026-04-14,1340.6,19.59,True,1.0
5,Faridabad,3,Potato,2026-04-15,1185.8,18.72,True,1.0
5,Faridabad,3,Potato,2026-04-16,1237.5,18.73,True,1.0
5,Faridabad,3,Potato,2026-04-17,1521.2,18.87,True,1.0
5,Faridabad,3,Potato,2026-04-18,1556.6,18.85,True,1.0
5,Faridabad,3,Potato,2026-04-19,1101.6,18.94,True,1.0
5,Faridabad,3,Potato,2026-04-20,1272.7,18.83,True,1.0
5,Faridabad,3,Potato,2026-04-21,1197.1,18.24,True,1.0
5,Faridabad,3,Potato,2026-04-22,1307.9,18.24,True,1.0
5,Faridabad,3,Potato,2026-04-23,1658.1,18.58,True,1.0
5,Faridabad,3,Potato,2026-04-24,1140.5,18.62,True,1.0
5,Faridabad,3,Potato,2026-04-25,1624.6,17.85,True,1.0
5,Faridabad,3,Potato,2026-04-26,1785.0,17.44,True,1.0
5,Faridabad,3,Potato,2026-04-27,1461.6,17.4,True,1.0
5,Faridabad,3,Potato,2026-04-28,1199.5,17.48,True,1.0
5,Faridabad,3,Potato,2026-04-29,2139.9,17.72,True,1.0
5,Faridabad,3,Potato,2026-04-30,1778.5,17.33,True,1.0
5,Faridabad,3,Potato,2026-05-01,1321.1,17.95,True,1.0
5,Faridabad,3,Potato,2026-05-02,1590.3,17.06,True,1.0
5,Faridabad,3,Potato,2026-05-03,1118.8,17.64,True,1.0
5,Faridabad,3,Potato,2026-05-04,1222.5,18.04,True,1.0
5,Faridabad,3,Potato,2026-05-05,1264.5,18.41,True,1.0
5,Faridabad,3,Potato,2026-05-06,1238.4,16.81,True,1.0
5,Faridabad,3,Potato,2026-05-07,1353.8,16.56,True,1.0
5,Faridabad,3,Potato,2026-05-08,1400.5,16.87,True,1.0
5,Faridabad,3,Potato,2026-05-09,1470.1,17.36,True,1.0
5,Faridabad,3,Potato,2026-05-10,1153.3,17.58,True,1.0
5,Faridabad,3,Potato,2026-05-11,1153.0,17.38,True,1.0
5,Faridabad,3,Potato,2026-05-12,1431.3,18.31,True,1.0
5,Faridabad,3,Potato,2026-05-13,1261.9,18.49,True,1.0
5,Faridabad,3,Potato,2026-05-14,1045.2,18.24,True,1.0
5,Faridabad,3,Potato,2026-05-15,1316.0,17.77,True,1.0
5,Faridabad,3,Potato,2026-05-16,1558.3,17.99,True,1.0
5,Faridabad,3,Potato,2026-05-17,956.1,18.78,True,1.0
5,Faridabad,3,Potato,2026-05-18,1147.7,18.69,True,1.0
5,Faridabad,3,Potato,2026-05-19,1349.3,18.6,True,1.0
5,Faridabad,3,Potato,2026-05-20,1285.1,18.6,True,1.0
5,Faridabad,3,Potato,2026-05-21,1303.3,18.63,True,1.0
5,Faridabad,3,Potato,2026-05-22,1562.4,18.47,True,1.0
5,Faridabad,3,Potato,2026-05-23,1373.4,17.98,True,1.0
5,Faridabad,3,Potato,2026-05-24,951.3,18.96,True,1.0
5,Faridabad,3,Potato,2026-05-25,1215.2,19.19,True,1.0
5,Faridabad,3,Potato,2026-05-26,1210.0,20.19,True,1.0
5,Faridabad,3,Potato,2026-05-27,1204.5,19.99,True,1.0
5,Faridabad,3,Potato,2026-05-28,1450.0,19.44,True,1.0
5,Faridabad,3,Potato,2026-05-29,1188.1,18.69,True,1.0
5,Faridabad,3,Potato,2026-05-30,1294.7,18.51,True,1.0
5,Faridabad,3,Potato,2026-05-31,1038.3,17.96,True,1.0
5,Faridabad,3,Potato,2026-06-01,1191.2,19.3,True,1.0
5,Faridabad,3,Potato,2026-06-02,1327.1,19.12,True,1.0
5,Faridabad,3,Potato,2026-06-03,1147.5,19.43,True,1.0
5,Faridabad,3,Potato,2026-06-04,1480.8,19.76,True,1.0
5,Faridabad,3,Potato,2026-06-05,1196.7,20.07,True,1.0
5,Faridabad,3,Potato,2026-06-06,1305.0,21.16,True,1.0
5,Faridabad,3,Potato,2026-06-07,1000.7,20.37,True,1.0
5,Faridabad,3,Potato,2026-06-08,1268.6,19.79,True,1.0
5,Faridabad,3,Potato,2026-06-09,1310.7,19.59,True,1.0
5,Faridabad,3,Potato,2026-06-10,1086.6,19.79,True,1.0
5,Faridabad,3,Potato,2026-06-11,1311.1,19.61,True,1.0
5,Faridabad,3,Potato,2026-06-12,1533.9,19.24,True,1.0
5,Faridabad,3,Potato,2026-06-13,1745.8,18.75,True,1.0
5,Faridabad,3,Potato,2026-06-14,1056.7,18.39,True,1.0
5,Faridabad,3,Potato,2026-06-15,1073.9,18.69,True,1.0
5,Faridabad,3,Potato,2026-06-16,1329.4,18.24,True,1.0
5,Faridabad,3,Potato,2026-06-17,1090.1,17.52,True,1.0
5,Faridabad,3,Potato,2026-06-18,1058.1,18.01,True,1.0
5,Faridabad,3,Potato,2026-06-19,1386.2,18.91,True,1.0
5,Faridabad,3,Potato,2026-06-20,1744.0,19.3,True,1.0
5,Faridabad,3,Potato,2026-06-21,925.9,19.2,True,1.0
5,Faridabad,3,Potato,2026-06-22,966.4,19.37,True,1.0
5,Faridabad,3,Potato,2026-06-23,1266.6,18.39,True,1.0
5,Faridabad,3,Potato,2026-06-24,1259.5,18.22,True,1.0
5,Faridabad,3,Potato,2026-06-25,1099.9,19.38,True,1.0
5,Faridabad,3,Potato,2026-06-26,1386.0,19.95,True,1.0
5,Faridabad,3,Potato,2026-06-27,1323.6,19.29,True,1.0
5,Faridabad,3,Potato,2026-06-28,943.4,20.22,True,1.0
5,Faridabad,3,Potato,2026-06-29,1092.5,19.48,True,1.0
5,Faridabad,3,Potato,2026-06-30,1187.2,18.92,True,1.0
5,Faridabad,3,Potato,2026-07-01,1067.4,19.83,True,1.0
5,Faridabad,3,Potato,2026-07-02,1039.9,20.37,True,1.0
5,Faridabad,3,Potato,2026-07-03,1240.6,19.66,True,1.0
5,Faridabad,3,Potato,2026-07-04,1260.5,19.48,True,1.0
5,Faridabad,3,Potato,2026-07-05,812.2,19.2,True,1.0
5,Faridabad,3,Potato,2026-07-06,914.1,19.47,True,1.0
5,Faridabad,3,Potato,2026-07-07,1039.3,20.27,True,1.0
5,Faridabad,3,Potato,2026-07-08,971.9,20.24,True,1.0
5,Faridabad,3,Potato,2026-07-09,1441.3,19.86,True,1.0
5,Faridabad,3,Potato,2026-07-10,1299.9,18.92,True,1.0
5,Faridabad,3,Potato,2026-07-11,1699.5,19.43,True,1.0
5,Faridabad,3,Potato,2026-07-12,1234.4,18.7,True,1.0
5,Faridabad,3,Potato,2026-07-13,1004.9,18.75,True,1.0
5,Faridabad,3,Potato,2026-07-14,1302.3,19.42,True,1.0
5,Faridabad,3,Potato,2026-07-15,1120.6,19.82,True,1.0
5,Faridabad,3,Potato,2026-07-16,1008.1,20.12,True,1.0
5,Faridabad,3,Potato,2026-07-17,1246.2,20.25,True,1.0
5,Faridabad,3,Potato,2026-07-18,1526.0,20.03,True,1.0
5,Faridabad,3,Potato,2026-07-19,936.1,19.96,True,1.0
5,Faridabad,3,Potato,2026-07-20,1186.9,19.8,True,1.0
5,Faridabad,3,Potato,2026-07-21,1045.0,19.9,True,1.0
5,Faridabad,3,Potato,2026-07-22,1189.3,20.01,True,1.0
5,Faridabad,3,Potato,2026-07-23,1274.1,19.86,True,1.0
5,Faridabad,3,Potato,2026-07-24,1204.0,19.97,True,1.0
5,Faridabad,3,Potato,2026-07-25,1007.2,19.37,True,1.0
5,Faridabad,3,Potato,2026-07-26,1183.6,19.17,True,1.0
5,Faridabad,3,Potato,2026-07-27,1038.5,19.32,True,1.0
5,Faridabad,3,Potato,2026-07-28,1058.5,20.39,True,1.0
5,Faridabad,3,Potato,2026-07-29,1085.5,20.35,True,1.0
5,Faridabad,3,Potato,2026-07-30,1140.8,19.94,True,1.0
5,Faridabad,3,Potato,2026-07-31,1256.1,19.61,True,1.0
5,Faridabad,3,Potato,2026-08-01,994.2,19.92,True,1.0
5,Faridabad,3,Potato,2026-08-02,1076.1,19.67,True,1.0
5,Faridabad,3,Potato,2026-08-03,1373.5,19.9,True,1.0
5,Faridabad,3,Potato,2026-08-04,1219.4,19.99,True,1.0
5,Faridabad,3,Potato,2026-08-05,1683.9,19.08,True,1.0
5,Faridabad,3,Potato,2026-08-06,1290.7,19.39,True,1.0
5,Faridabad,3,Potato,2026-08-07,1320.3,19.6,True,1.0
5,Faridabad,3,Potato,2026-08-08,1164.6,19.94,True,1.0
5,Faridabad,3,Potato,2026-08-09,908.2,19.26,True,1.0
5,Faridabad,3,Potato,2026-08-10,1071.1,19.86,True,1.0
5,Faridabad,3,Potato,2026-08-11,1196.5,19.58,True,1.0
5,Faridabad,3,Potato,2026-08-12,1054.5,20.61,True,1.0
5,Faridabad,3,Potato,2026-08-13,1120.8,21.21,True,1.0
5,Faridabad,3,Potato,2026-08-14,1472.9,20.24,True,1.0
5,Faridabad,3,Potato,2026-08-15,1008.2,19.16,True,1.0
5,Faridabad,3,Potato,2026-08-16,964.6,19.55,True,1.0
5,Faridabad,3,Potato,2026-08-17,1039.1,18.99,True,1.0
5,Faridabad,3,Potato,2026-08-18,1112.8,19.68,True,1.0
5,Faridabad,3,Potato,2026-08-19,1240.5,19.83,True,1.0
5,Faridabad,3,Potato,2026-08-20,1374.8,18.83,True,1.0
5,Faridabad,3,Potato,2026-08-21,1060.7,19.35,True,1.0
5,Faridabad,3,Potato,2026-08-22,1172.2,19.37,True,1.0
5,Faridabad,3,Potato,2026-08-23,902.5,19.53,True,1.0
5,Faridabad,3,Potato,2026-08-24,1404.1,20.27,True,1.0
5,Faridabad,3,Potato,2026-08-25,1041.1,19.84,True,1.0
5,Faridabad,3,Potato,2026-08-26,931.4,20.05,True,1.0
5,Faridabad,3,Potato,2026-08-27,981.6,19.42,True,1.0
5,Faridabad,3,Potato,2026-08-28,966.0,19.01,True,1.0
5,Faridabad,3,Potato,2026-08-29,1199.7,18.91,True,1.0
5,Faridabad,3,Potato,2026-08-30,851.8,18.62,True,1.0
5,Faridabad,3,Potato,2026-08-31,1031.5,19.06,True,1.0
5,Faridabad,3,Potato,2026-09-01,942.9,18.34,True,1.0
5,Faridabad,3,Potato,2026-09-02,1117.4,18.99,True,1.0
5,Faridabad,3,Potato,2026-09-03,1233.2,18.59,True,1.0
5,Faridabad,3,Potato,2026-09-04,1237.8,18.92,True,1.0
5,Faridabad,3,Potato,2026-09-05,1283.0,18.31,True,1.0
5,Faridabad,3,Potato,2026-09-06,1069.3,18.76,True,1.0
5,Faridabad,3,Potato,2026-09-07,1232.9,19.41,True,1.0
5,Faridabad,3,Potato,2026-09-08,1176.1,19.28,True,1.0
5,Faridabad,3,Potato,2026-09-09,1172.0,19.8,True,1.0
5,Faridabad,3,Potato,2026-09-10,1066.2,19.62,True,1.0
5,Faridabad,3,Potato,2026-09-11,1152.1,19.63,True,1.0
5,Faridabad,3,Potato,2026-09-12,1606.4,18.9,True,1.0
5,Faridabad,3,Potato,2026-09-13,1004.5,19.13,True,1.0
5,Faridabad,3,Potato,2026-09-14,1013.8,18.74,True,1.0
5,Faridabad,3,Potato,2026-09-15,1061.7,18.39,True,1.0
5,Faridabad,3,Potato,2026-09-16,1114.7,19.37,True,1.0
5,Faridabad,3,Potato,2026-09-17,1345.2,18.52,True,1.0
5,Faridabad,3,Potato,2026-09-18,1249.3,18.54,True,1.0
5,Faridabad,3,Potato,2026-09-19,1208.4,18.99,True,1.0
5,Faridabad,3,Potato,2026-09-20,958.0,19.05,True,1.0
5,Faridabad,3,Potato,2026-09-21,866.1,17.98,True,1.0
5,Faridabad,3,Potato,2026-09-22,935.9,18.51,True,1.0
5,Faridabad,3,Potato,2026-09-23,1031.2,17.85,True,1.0
5,Faridabad,3,Potato,2026-09-24,1120.6,17.87,True,1.0
5,Faridabad,3,Potato,2026-09-25,1305.1,17.98,True,1.0
5,Faridabad,3,Potato,2026-09-26,1365.3,16.72,True,1.0
5,Faridabad,3,Potato,2026-09-27,794.2,17.22,True,1.0
5,Faridabad,3,Potato,2026-09-28,869.1,17.96,True,1.0
5,Faridabad,3,Potato,2026-09-29,1300.0,18.06,True,1.0
5,Faridabad,3,Potato,2026-09-30,765.8,18.31,True,1.0
5,Faridabad,4,Cauliflower,2024-10-01,159.5,27.22,True,1.0
5,Faridabad,4,Cauliflower,2024-10-02,188.9,27.24,True,1.0
5,Faridabad,4,Cauliflower,2024-10-03,165.1,26.4,True,1.0
5,Faridabad,4,Cauliflower,2024-10-04,234.3,27.73,True,1.0
5,Faridabad,4,Cauliflower,2024-10-05,226.7,26.15,True,1.0
5,Faridabad,4,Cauliflower,2024-10-06,118.1,25.9,True,1.0
5,Faridabad,4,Cauliflower,2024-10-07,211.0,24.21,True,1.0
5,Faridabad,4,Cauliflower,2024-10-08,191.0,24.4,True,1.0
5,Faridabad,4,Cauliflower,2024-10-09,200.7,24.15,True,1.0
5,Faridabad,4,Cauliflower,2024-10-10,193.9,24.07,True,1.0
5,Faridabad,4,Cauliflower,2024-10-11,167.3,24.19,True,1.0
5,Faridabad,4,Cauliflower,2024-10-12,184.5,24.19,True,1.0
5,Faridabad,4,Cauliflower,2024-10-13,171.6,23.25,True,1.0
5,Faridabad,4,Cauliflower,2024-10-14,156.4,23.03,True,1.0
5,Faridabad,4,Cauliflower,2024-10-15,174.8,23.11,True,1.0
5,Faridabad,4,Cauliflower,2024-10-16,185.5,22.21,True,1.0
5,Faridabad,4,Cauliflower,2024-10-17,162.8,23.0,True,1.0
5,Faridabad,4,Cauliflower,2024-10-18,199.3,24.29,True,1.0
5,Faridabad,4,Cauliflower,2024-10-19,254.9,24.09,True,1.0
5,Faridabad,4,Cauliflower,2024-10-20,150.0,23.36,True,1.0
5,Faridabad,4,Cauliflower,2024-10-21,183.6,21.72,True,1.0
5,Faridabad,4,Cauliflower,2024-10-22,236.7,21.08,True,1.0
5,Faridabad,4,Cauliflower,2024-10-23,176.7,21.75,True,1.0
5,Faridabad,4,Cauliflower,2024-10-24,212.7,22.8,True,1.0
5,Faridabad,4,Cauliflower,2024-10-25,244.5,22.57,True,1.0
5,Faridabad,4,Cauliflower,2024-10-26,193.8,21.59,True,1.0
5,Faridabad,4,Cauliflower,2024-10-28,183.4,21.23,True,1.0
5,Faridabad,4,Cauliflower,2024-10-29,206.5,20.37,True,1.0
5,Faridabad,4,Cauliflower,2024-10-30,216.4,20.71,True,1.0
5,Faridabad,4,Cauliflower,2024-10-31,194.1,21.67,True,1.0
5,Faridabad,4,Cauliflower,2024-11-01,333.7,20.76,True,1.0
5,Faridabad,4,Cauliflower,2024-11-02,297.4,20.79,True,1.0
5,Faridabad,4,Cauliflower,2024-11-03,174.2,19.94,True,1.0
5,Faridabad,4,Cauliflower,2024-11-04,157.8,20.03,True,1.0
5,Faridabad,4,Cauliflower,2024-11-05,254.5,20.46,True,1.0
5,Faridabad,4,Cauliflower,2024-11-06,240.5,21.47,True,1.0
5,Faridabad,4,Cauliflower,2024-11-07,199.9,21.83,True,1.0
5,Faridabad,4,Cauliflower,2024-11-08,258.2,21.06,True,1.0
5,Faridabad,4,Cauliflower,2024-11-09,256.1,21.29,True,1.0
5,Faridabad,4,Cauliflower,2024-11-10,171.5,21.17,True,1.0
5,Faridabad,4,Cauliflower,2024-11-11,244.2,21.28,True,1.0
5,Faridabad,4,Cauliflower,2024-11-12,237.5,21.23,True,1.0
5,Faridabad,4,Cauliflower,2024-11-13,210.7,21.49,True,1.0
5,Faridabad,4,Cauliflower,2024-11-14,247.6,21.59,True,1.0
5,Faridabad,4,Cauliflower,2024-11-15,227.2,22.07,True,1.0
5,Faridabad,4,Cauliflower,2024-11-16,328.4,21.93,True,1.0
5,Faridabad,4,Cauliflower,2024-11-17,162.3,22.83,True,1.0
5,Faridabad,4,Cauliflower,2024-11-18,249.2,22.7,True,1.0
5,Faridabad,4,Cauliflower,2024-11-19,183.4,23.22,True,1.0
5,Faridabad,4,Cauliflower,2024-11-20,261.2,23.09,True,1.0
5,Faridabad,4,Cauliflower,2024-11-21,277.7,22.09,True,1.0
5,Faridabad,4,Cauliflower,2024-11-22,238.3,22.61,True,1.0
5,Faridabad,4,Cauliflower,2024-11-23,301.4,22.94,True,1.0
5,Faridabad,4,Cauliflower,2024-11-24,223.2,20.64,True,1.0
5,Faridabad,4,Cauliflower,2024-11-25,260.8,20.47,True,1.0
5,Faridabad,4,Cauliflower,2024-11-26,237.9,21.55,True,1.0
5,Faridabad,4,Cauliflower,2024-11-27,233.1,22.08,True,1.0
5,Faridabad,4,Cauliflower,2024-11-28,256.7,20.91,True,1.0
5,Faridabad,4,Cauliflower,2024-11-29,320.5,21.5,True,1.0
5,Faridabad,4,Cauliflower,2024-11-30,270.4,22.47,True,1.0
5,Faridabad,4,Cauliflower,2024-12-01,206.1,22.44,True,1.0
5,Faridabad,4,Cauliflower,2024-12-02,195.5,21.13,True,1.0
5,Faridabad,4,Cauliflower,2024-12-03,270.0,20.67,True,1.0
5,Faridabad,4,Cauliflower,2024-12-04,284.2,21.05,True,1.0
5,Faridabad,4,Cauliflower,2024-12-05,270.5,20.95,True,1.0
5,Faridabad,4,Cauliflower,2024-12-06,282.1,21.79,True,1.0
5,Faridabad,4,Cauliflower,2024-12-07,282.7,22.06,True,1.0
5,Faridabad,4,Cauliflower,2024-12-08,216.3,23.05,True,1.0
5,Faridabad,4,Cauliflower,2024-12-09,322.4,23.14,True,1.0
5,Faridabad,4,Cauliflower,2024-12-10,339.4,22.9,True,1.0
5,Faridabad,4,Cauliflower,2024-12-11,269.0,22.18,True,1.0
5,Faridabad,4,Cauliflower,2024-12-13,252.3,22.33,True,1.0
5,Faridabad,4,Cauliflower,2024-12-14,371.9,21.38,True,1.0
5,Faridabad,4,Cauliflower,2024-12-15,224.2,21.39,True,1.0
5,Faridabad,4,Cauliflower,2024-12-16,255.3,21.32,True,1.0
5,Faridabad,4,Cauliflower,2024-12-17,316.4,20.74,True,1.0
5,Faridabad,4,Cauliflower,2024-12-18,280.8,21.44,True,1.0
5,Faridabad,4,Cauliflower,2024-12-19,278.5,21.36,True,1.0
5,Faridabad,4,Cauliflower,2024-12-20,331.0,21.64,True,1.0
5,Faridabad,4,Cauliflower,2024-12-21,329.6,21.13,True,1.0
5,Faridabad,4,Cauliflower,2024-12-22,246.0,21.16,True,1.0
5,Faridabad,4,Cauliflower,2024-12-23,334.4,21.77,True,1.0
5,Faridabad,4,Cauliflower,2024-12-24,273.9,21.58,True,1.0
5,Faridabad,4,Cauliflower,2024-12-25,276.3,21.39,True,1.0
5,Faridabad,4,Cauliflower,2024-12-26,360.6,22.88,True,1.0
5,Faridabad,4,Cauliflower,2024-12-27,379.4,22.75,True,1.0
5,Faridabad,4,Cauliflower,2024-12-28,364.7,22.95,True,1.0
5,Faridabad,4,Cauliflower,2024-12-29,227.9,23.11,True,1.0
5,Faridabad,4,Cauliflower,2024-12-30,227.4,22.82,True,1.0
5,Faridabad,4,Cauliflower,2024-12-31,290.4,22.92,True,1.0
5,Faridabad,4,Cauliflower,2025-01-01,339.4,22.0,True,1.0
5,Faridabad,4,Cauliflower,2025-01-02,288.7,22.95,True,1.0
5,Faridabad,4,Cauliflower,2025-01-03,298.6,23.53,True,1.0
5,Faridabad,4,Cauliflower,2025-01-04,442.8,23.25,True,1.0
5,Faridabad,4,Cauliflower,2025-01-05,276.2,22.95,True,1.0
5,Faridabad,4,Cauliflower,2025-01-06,327.0,21.97,True,1.0
5,Faridabad,4,Cauliflower,2025-01-07,336.5,22.76,True,1.0
5,Faridabad,4,Cauliflower,2025-01-08,262.4,22.51,True,1.0
5,Faridabad,4,Cauliflower,2025-01-09,332.0,22.91,True,1.0
5,Faridabad,4,Cauliflower,2025-01-10,446.6,21.9,True,1.0
5,Faridabad,4,Cauliflower,2025-01-11,443.0,22.54,True,1.0
5,Faridabad,4,Cauliflower,2025-01-12,269.3,22.49,True,1.0
5,Faridabad,4,Cauliflower,2025-01-13,309.6,22.6,True,1.0
5,Faridabad,4,Cauliflower,2025-01-14,292.0,21.8,True,1.0
5,Faridabad,4,Cauliflower,2025-01-15,355.7,22.59,True,1.0
5,Faridabad,4,Cauliflower,2025-01-16,300.2,22.34,True,1.0
5,Faridabad,4,Cauliflower,2025-01-17,346.2,22.55,True,1.0
5,Faridabad,4,Cauliflower,2025-01-18,459.9,23.29,True,1.0
5,Faridabad,4,Cauliflower,2025-01-19,237.2,23.25,True,1.0
5,Faridabad,4,Cauliflower,2025-01-20,240.2,24.66,True,1.0
5,Faridabad,4,Cauliflower,2025-01-21,327.0,23.69,True,1.0
5,Faridabad,4,Cauliflower,2025-01-22,413.7,23.83,True,1.0
5,Faridabad,4,Cauliflower,2025-01-23,373.2,24.07,True,1.0
5,Faridabad,4,Cauliflower,2025-01-24,400.6,23.3,True,1.0
5,Faridabad,4,Cauliflower,2025-01-25,374.0,23.53,True,1.0
5,Faridabad,4,Cauliflower,2025-01-26,271.8,23.53,True,1.0
5,Faridabad,4,Cauliflower,2025-01-27,284.9,23.84,True,1.0
5,Faridabad,4,Cauliflower,2025-01-28,334.9,24.25,True,1.0
5,Faridabad,4,Cauliflower,2025-01-29,386.5,25.25,True,1.0
5,Faridabad,4,Cauliflower,2025-01-30,418.5,25.19,True,1.0
5,Faridabad,4,Cauliflower,2025-01-31,383.0,25.36,True,1.0
5,Faridabad,4,Cauliflower,2025-02-01,355.5,26.22,True,1.0
5,Faridabad,4,Cauliflower,2025-02-02,359.3,24.61,True,1.0
5,Faridabad,4,Cauliflower,2025-02-03,316.7,24.47,True,1.0
5,Faridabad,4,Cauliflower,2025-02-04,320.9,24.62,True,1.0
5,Faridabad,4,Cauliflower,2025-02-05,342.5,23.66,True,1.0
5,Faridabad,4,Cauliflower,2025-02-06,324.2,24.13,True,1.0
5,Faridabad,4,Cauliflower,2025-02-07,366.2,22.86,True,1.0
5,Faridabad,4,Cauliflower,2025-02-08,392.8,24.05,True,1.0
5,Faridabad,4,Cauliflower,2025-02-09,255.8,23.44,True,1.0
5,Faridabad,4,Cauliflower,2025-02-10,326.0,23.2,True,1.0
5,Faridabad,4,Cauliflower,2025-02-11,292.6,24.27,True,1.0
5,Faridabad,4,Cauliflower,2025-02-12,375.3,23.55,True,1.0
5,Faridabad,4,Cauliflower,2025-02-13,342.5,25.69,True,1.0
5,Faridabad,4,Cauliflower,2025-02-14,286.3,25.86,True,1.0
5,Faridabad,4,Cauliflower,2025-02-15,438.0,25.86,True,1.0
5,Faridabad,4,Cauliflower,2025-02-16,391.7,26.87,True,1.0
5,Faridabad,4,Cauliflower,2025-02-17,228.5,26.64,True,1.0
5,Faridabad,4,Cauliflower,2025-02-18,397.0,26.76,True,1.0
5,Faridabad,4,Cauliflower,2025-02-19,317.3,26.58,True,1.0
5,Faridabad,4,Cauliflower,2025-02-20,356.3,26.22,True,1.0
5,Faridabad,4,Cauliflower,2025-02-21,412.4,26.67,True,1.0
5,Faridabad,4,Cauliflower,2025-02-22,418.1,27.14,True,1.0
5,Faridabad,4,Cauliflower,2025-02-23,282.6,26.13,True,1.0
5,Faridabad,4,Cauliflower,2025-02-24,324.0,25.77,True,1.0
5,Faridabad,4,Cauliflower,2025-02-25,249.6,25.72,True,1.0
5,Faridabad,4,Cauliflower,2025-02-26,374.6,26.18,True,1.0
5,Faridabad,4,Cauliflower,2025-02-27,324.8,26.83,True,1.0
5,Faridabad,4,Cauliflower,2025-02-28,372.7,28.77,True,1.0
5,Faridabad,4,Cauliflower,2025-03-01,390.5,28.68,True,1.0
5,Faridabad,4,Cauliflower,2025-03-02,234.0,28.28,True,1.0
5,Faridabad,4,Cauliflower,2025-03-03,332.4,27.61,True,1.0
5,Faridabad,4,Cauliflower,2025-03-04,293.7,28.54,True,1.0
5,Faridabad,4,Cauliflower,2025-03-05,426.5,28.42,True,1.0
5,Faridabad,4,Cauliflower,2025-03-06,306.3,28.67,True,1.0
5,Faridabad,4,Cauliflower,2025-03-07,379.1,28.59,True,1.0
5,Faridabad,4,Cauliflower,2025-03-08,406.8,29.03,True,1.0
5,Faridabad,4,Cauliflower,2025-03-09,288.2,29.32,True,1.0
5,Faridabad,4,Cauliflower,2025-03-10,290.8,29.47,True,1.0
5,Faridabad,4,Cauliflower,2025-03-11,293.3,29.3,True,1.0
5,Faridabad,4,Cauliflower,2025-03-12,365.1,29.29,True,1.0
5,Faridabad,4,Cauliflower,2025-03-13,335.7,29.56,True,1.0
5,Faridabad,4,Cauliflower,2025-03-14,423.4,27.89,True,1.0
5,Faridabad,4,Cauliflower,2025-03-15,444.9,28.3,True,1.0
5,Faridabad,4,Cauliflower,2025-03-16,285.6,29.46,True,1.0
5,Faridabad,4,Cauliflower,2025-03-17,365.6,29.1,True,1.0
5,Faridabad,4,Cauliflower,2025-03-18,373.4,27.58,True,1.0
5,Faridabad,4,Cauliflower,2025-03-19,273.0,27.14,True,1.0
5,Faridabad,4,Cauliflower,2025-03-20,355.2,28.01,True,1.0
5,Faridabad,4,Cauliflower,2025-03-21,422.0,28.02,True,1.0
5,Faridabad,4,Cauliflower,2025-03-22,327.4,28.76,True,1.0
5,Faridabad,4,Cauliflower,2025-03-23,277.0,29.19,True,1.0
5,Faridabad,4,Cauliflower,2025-03-24,352.8,29.15,True,1.0
5,Faridabad,4,Cauliflower,2025-03-25,328.8,28.78,True,1.0
5,Faridabad,4,Cauliflower,2025-03-26,307.7,29.48,True,1.0
5,Faridabad,4,Cauliflower,2025-03-27,435.3,29.9,True,1.0
5,Faridabad,4,Cauliflower,2025-03-28,313.0,30.07,True,1.0
5,Faridabad,4,Cauliflower,2025-03-29,324.1,31.09,True,1.0
5,Faridabad,4,Cauliflower,2025-03-30,216.5,31.25,True,1.0
5,Faridabad,4,Cauliflower,2025-03-31,332.6,30.69,True,1.0
5,Faridabad,4,Cauliflower,2025-04-01,345.2,30.54,True,1.0
5,Faridabad,4,Cauliflower,2025-04-02,288.6,30.73,True,1.0
5,Faridabad,4,Cauliflower,2025-04-03,271.6,31.05,True,1.0
5,Faridabad,4,Cauliflower,2025-04-04,295.2,32.41,True,1.0
5,Faridabad,4,Cauliflower,2025-04-05,377.1,33.77,True,1.0
5,Faridabad,4,Cauliflower,2025-04-06,289.2,32.71,True,1.0
5,Faridabad,4,Cauliflower,2025-04-07,318.4,31.52,True,1.0
5,Faridabad,4,Cauliflower,2025-04-08,271.2,31.16,True,1.0
5,Faridabad,4,Cauliflower,2025-04-09,340.7,31.8,True,1.0
5,Faridabad,4,Cauliflower,2025-04-10,345.6,32.67,True,1.0
5,Faridabad,4,Cauliflower,2025-04-11,369.9,32.16,True,1.0
5,Faridabad,4,Cauliflower,2025-04-12,347.1,31.38,True,1.0
5,Faridabad,4,Cauliflower,2025-04-13,279.5,32.04,True,1.0
5,Faridabad,4,Cauliflower,2025-04-14,276.2,32.75,True,1.0
5,Faridabad,4,Cauliflower,2025-04-15,264.4,33.69,True,1.0
5,Faridabad,4,Cauliflower,2025-04-16,320.5,32.78,True,1.0
5,Faridabad,4,Cauliflower,2025-04-17,285.1,33.08,True,1.0
5,Faridabad,4,Cauliflower,2025-04-18,341.0,31.51,True,1.0
5,Faridabad,4,Cauliflower,2025-04-19,382.2,31.83,True,1.0
5,Faridabad,4,Cauliflower,2025-04-20,239.2,32.85,True,1.0
5,Faridabad,4,Cauliflower,2025-04-21,230.1,34.35,True,1.0
5,Faridabad,4,Cauliflower,2025-04-22,207.5,34.29,True,1.0
5,Faridabad,4,Cauliflower,2025-04-23,292.1,33.74,True,1.0
5,Faridabad,4,Cauliflower,2025-04-24,283.2,32.29,True,1.0
5,Faridabad,4,Cauliflower,2025-04-25,281.8,32.83,True,1.0
5,Faridabad,4,Cauliflower,2025-04-26,331.9,33.63,True,1.0
5,Faridabad,4,Cauliflower,2025-04-28,298.5,34.53,True,1.0
5,Faridabad,4,Cauliflower,2025-04-29,241.3,33.35,True,1.0
5,Faridabad,4,Cauliflower,2025-04-30,264.0,34.0,True,1.0
5,Faridabad,4,Cauliflower,2025-05-01,304.5,35.62,True,1.0
5,Faridabad,4,Cauliflower,2025-05-02,262.2,34.83,True,1.0
5,Faridabad,4,Cauliflower,2025-05-03,364.1,33.77,True,1.0
5,Faridabad,4,Cauliflower,2025-05-04,268.0,33.52,True,1.0
5,Faridabad,4,Cauliflower,2025-05-05,306.6,33.66,True,1.0
5,Faridabad,4,Cauliflower,2025-05-06,286.4,33.29,True,1.0
5,Faridabad,4,Cauliflower,2025-05-07,286.8,34.23,True,1.0
5,Faridabad,4,Cauliflower,2025-05-08,304.7,34.65,True,1.0
5,Faridabad,4,Cauliflower,2025-05-09,276.5,34.2,True,1.0
5,Faridabad,4,Cauliflower,2025-05-10,272.9,34.21,True,1.0
5,Faridabad,4,Cauliflower,2025-05-11,224.2,32.78,True,1.0
5,Faridabad,4,Cauliflower,2025-05-12,261.4,33.56,True,1.0
5,Faridabad,4,Cauliflower,2025-05-13,209.7,32.5,True,1.0
5,Faridabad,4,Cauliflower,2025-05-14,242.6,32.82,True,1.0
5,Faridabad,4,Cauliflower,2025-05-15,310.8,32.88,True,1.0
5,Faridabad,4,Cauliflower,2025-05-16,295.4,33.82,True,1.0
5,Faridabad,4,Cauliflower,2025-05-17,371.4,33.62,True,1.0
5,Faridabad,4,Cauliflower,2025-05-18,176.0,33.87,True,1.0
5,Faridabad,4,Cauliflower,2025-05-19,245.2,35.59,True,1.0
5,Faridabad,4,Cauliflower,2025-05-20,239.9,33.77,True,1.0
5,Faridabad,4,Cauliflower,2025-05-21,222.6,34.15,True,1.0
5,Faridabad,4,Cauliflower,2025-05-22,214.5,35.18,True,1.0
5,Faridabad,4,Cauliflower,2025-05-23,269.4,34.43,True,1.0
5,Faridabad,4,Cauliflower,2025-05-24,251.2,34.55,True,1.0
5,Faridabad,4,Cauliflower,2025-05-25,225.6,33.3,True,1.0
5,Faridabad,4,Cauliflower,2025-05-26,215.6,32.23,True,1.0
5,Faridabad,4,Cauliflower,2025-05-27,266.6,33.68,True,1.0
5,Faridabad,4,Cauliflower,2025-05-28,246.1,33.7,True,1.0
5,Faridabad,4,Cauliflower,2025-05-29,262.7,32.79,True,1.0
5,Faridabad,4,Cauliflower,2025-05-30,268.4,32.95,True,1.0
5,Faridabad,4,Cauliflower,2025-05-31,349.2,34.09,True,1.0
5,Faridabad,4,Cauliflower,2025-06-01,245.6,34.87,True,1.0
5,Faridabad,4,Cauliflower,2025-06-02,196.4,35.93,True,1.0
5,Faridabad,4,Cauliflower,2025-06-03,293.3,35.1,True,1.0
5,Faridabad,4,Cauliflower,2025-06-04,200.3,34.41,True,1.0
5,Faridabad,4,Cauliflower,2025-06-05,241.6,34.87,True,1.0
5,Faridabad,4,Cauliflower,2025-06-06,356.4,35.88,True,1.0
5,Faridabad,4,Cauliflower,2025-06-07,272.7,35.19,True,1.0
5,Faridabad,4,Cauliflower,2025-06-08,208.4,36.06,True,1.0
5,Faridabad,4,Cauliflower,2025-06-09,202.8,35.34,True,1.0
5,Faridabad,4,Cauliflower,2025-06-10,222.6,37.29,True,1.0
5,Faridabad,4,Cauliflower,2025-06-11,216.2,34.78,True,1.0
5,Faridabad,4,Cauliflower,2025-06-12,259.5,36.34,True,1.0
5,Faridabad,4,Cauliflower,2025-06-13,309.1,34.35,True,1.0
5,Faridabad,4,Cauliflower,2025-06-14,268.2,35.7,True,1.0
5,Faridabad,4,Cauliflower,2025-06-15,160.3,35.49,True,1.0
5,Faridabad,4,Cauliflower,2025-06-16,188.5,34.79,True,1.0
5,Faridabad,4,Cauliflower,2025-06-17,201.3,33.86,True,1.0
5,Faridabad,4,Cauliflower,2025-06-18,247.3,33.2,True,1.0
5,Faridabad,4,Cauliflower,2025-06-19,213.8,34.27,True,1.0
5,Faridabad,4,Cauliflower,2025-06-20,220.4,34.82,True,1.0
5,Faridabad,4,Cauliflower,2025-06-21,225.4,34.54,True,1.0
5,Faridabad,4,Cauliflower,2025-06-22,190.7,34.5,True,1.0
5,Faridabad,4,Cauliflower,2025-06-23,181.7,33.64,True,1.0
5,Faridabad,4,Cauliflower,2025-06-24,170.0,33.74,True,1.0
5,Faridabad,4,Cauliflower,2025-06-25,243.8,34.8,True,1.0
5,Faridabad,4,Cauliflower,2025-06-26,202.7,33.77,True,1.0
5,Faridabad,4,Cauliflower,2025-06-27,207.7,34.43,True,1.0
5,Faridabad,4,Cauliflower,2025-06-28,245.0,33.92,True,1.0
5,Faridabad,4,Cauliflower,2025-06-29,187.3,32.55,True,1.0
5,Faridabad,4,Cauliflower,2025-06-30,180.1,34.03,True,1.0
5,Faridabad,4,Cauliflower,2025-07-01,167.6,32.73,True,1.0
5,Faridabad,4,Cauliflower,2025-07-02,222.0,32.67,True,1.0
5,Faridabad,4,Cauliflower,2025-07-03,307.8,34.08,True,1.0
5,Faridabad,4,Cauliflower,2025-07-04,208.3,33.27,True,1.0
5,Faridabad,4,Cauliflower,2025-07-05,227.6,34.35,True,1.0
5,Faridabad,4,Cauliflower,2025-07-06,180.6,33.74,True,1.0
5,Faridabad,4,Cauliflower,2025-07-07,172.7,33.64,True,1.0
5,Faridabad,4,Cauliflower,2025-07-08,166.1,35.5,True,1.0
5,Faridabad,4,Cauliflower,2025-07-09,164.6,36.06,True,1.0
5,Faridabad,4,Cauliflower,2025-07-10,195.9,35.36,True,1.0
5,Faridabad,4,Cauliflower,2025-07-11,198.2,34.13,True,1.0
5,Faridabad,4,Cauliflower,2025-07-12,193.6,33.92,True,1.0
5,Faridabad,4,Cauliflower,2025-07-13,166.1,35.36,True,1.0
5,Faridabad,4,Cauliflower,2025-07-14,183.9,36.92,True,1.0
5,Faridabad,4,Cauliflower,2025-07-15,165.4,35.11,True,1.0
5,Faridabad,4,Cauliflower,2025-07-16,155.4,35.93,True,1.0
5,Faridabad,4,Cauliflower,2025-07-17,204.0,33.48,True,1.0
5,Faridabad,4,Cauliflower,2025-07-18,203.1,33.86,True,1.0
5,Faridabad,4,Cauliflower,2025-07-19,230.6,33.9,True,1.0
5,Faridabad,4,Cauliflower,2025-07-20,128.8,34.56,True,1.0
5,Faridabad,4,Cauliflower,2025-07-21,167.6,33.17,True,1.0
5,Faridabad,4,Cauliflower,2025-07-22,164.0,33.12,True,1.0
5,Faridabad,4,Cauliflower,2025-07-23,178.5,31.21,True,1.0
5,Faridabad,4,Cauliflower,2025-07-24,180.7,30.99,True,1.0
5,Faridabad,4,Cauliflower,2025-07-25,170.7,31.36,True,1.0
5,Faridabad,4,Cauliflower,2025-07-26,212.4,31.78,True,1.0
5,Faridabad,4,Cauliflower,2025-07-27,121.6,34.52,True,1.0
5,Faridabad,4,Cauliflower,2025-07-28,154.6,33.25,True,1.0
5,Faridabad,4,Cauliflower,2025-07-29,137.7,32.86,True,1.0
5,Faridabad,4,Cauliflower,2025-07-30,182.2,31.48,True,1.0
5,Faridabad,4,Cauliflower,2025-07-31,185.2,29.89,True,1.0
5,Faridabad,4,Cauliflower,2025-08-01,180.6,31.18,True,1.0
5,Faridabad,4,Cauliflower,2025-08-02,198.8,32.1,True,1.0
5,Faridabad,4,Cauliflower,2025-08-03,190.3,30.66,True,1.0
5,Faridabad,4,Cauliflower,2025-08-04,133.1,29.39,True,1.0
5,Faridabad,4,Cauliflower,2025-08-05,188.8,29.38,True,1.0
5,Faridabad,4,Cauliflower,2025-08-06,176.0,31.34,True,1.0
5,Faridabad,4,Cauliflower,2025-08-07,188.7,29.93,True,1.0
5,Faridabad,4,Cauliflower,2025-08-08,173.4,30.8,True,1.0
5,Faridabad,4,Cauliflower,2025-08-09,170.6,30.91,True,1.0
5,Faridabad,4,Cauliflower,2025-08-10,139.9,30.57,True,1.0
5,Faridabad,4,Cauliflower,2025-08-11,121.9,30.04,True,1.0
5,Faridabad,4,Cauliflower,2025-08-12,148.4,30.37,True,1.0
5,Faridabad,4,Cauliflower,2025-08-13,170.3,30.09,True,1.0
5,Faridabad,4,Cauliflower,2025-08-14,229.0,29.78,True,1.0
5,Faridabad,4,Cauliflower,2025-08-15,175.4,29.7,True,1.0
5,Faridabad,4,Cauliflower,2025-08-16,181.6,30.75,True,1.0
5,Faridabad,4,Cauliflower,2025-08-17,118.8,30.67,True,1.0
5,Faridabad,4,Cauliflower,2025-08-18,163.9,30.45,True,1.0
5,Faridabad,4,Cauliflower,2025-08-19,162.0,31.42,True,1.0
5,Faridabad,4,Cauliflower,2025-08-20,197.1,30.61,True,1.0
5,Faridabad,4,Cauliflower,2025-08-21,151.8,31.51,True,1.0
5,Faridabad,4,Cauliflower,2025-08-22,220.7,30.24,True,1.0
5,Faridabad,4,Cauliflower,2025-08-23,147.4,30.38,True,1.0
5,Faridabad,4,Cauliflower,2025-08-24,134.7,29.7,True,1.0
5,Faridabad,4,Cauliflower,2025-08-25,170.2,29.42,True,1.0
5,Faridabad,4,Cauliflower,2025-08-26,146.1,28.71,True,1.0
5,Faridabad,4,Cauliflower,2025-08-27,123.8,28.47,True,1.0
5,Faridabad,4,Cauliflower,2025-08-28,153.4,27.94,True,1.0
5,Faridabad,4,Cauliflower,2025-08-29,203.4,28.43,True,1.0
5,Faridabad,4,Cauliflower,2025-08-30,211.8,27.75,True,1.0
5,Faridabad,4,Cauliflower,2025-08-31,116.2,28.33,True,1.0
5,Faridabad,4,Cauliflower,2025-09-01,145.0,30.23,True,1.0
5,Faridabad,4,Cauliflower,2025-09-02,185.0,28.26,True,1.0
5,Faridabad,4,Cauliflower,2025-09-03,137.7,26.3,True,1.0
5,Faridabad,4,Cauliflower,2025-09-04,160.1,25.99,True,1.0
5,Faridabad,4,Cauliflower,2025-09-05,198.2,27.05,True,1.0
5,Faridabad,4,Cauliflower,2025-09-06,216.7,26.65,True,1.0
5,Faridabad,4,Cauliflower,2025-09-07,159.1,27.32,True,1.0
5,Faridabad,4,Cauliflower,2025-09-08,172.1,28.07,True,1.0
5,Faridabad,4,Cauliflower,2025-09-09,185.7,27.6,True,1.0
5,Faridabad,4,Cauliflower,2025-09-10,180.6,28.14,True,1.0
5,Faridabad,4,Cauliflower,2025-09-11,148.7,26.03,True,1.0
5,Faridabad,4,Cauliflower,2025-09-12,189.5,26.9,True,1.0
5,Faridabad,4,Cauliflower,2025-09-13,191.9,27.47,True,1.0
5,Faridabad,4,Cauliflower,2025-09-14,124.5,27.13,True,1.0
5,Faridabad,4,Cauliflower,2025-09-15,289.3,27.72,True,1.0
5,Faridabad,4,Cauliflower,2025-09-16,188.4,28.45,True,1.0
5,Faridabad,4,Cauliflower,2025-09-17,148.8,29.35,True,1.0
5,Faridabad,4,Cauliflower,2025-09-18,158.9,29.96,True,1.0
5,Faridabad,4,Cauliflower,2025-09-19,177.1,28.77,True,1.0
5,Faridabad,4,Cauliflower,2025-09-20,174.5,27.77,True,1.0
5,Faridabad,4,Cauliflower,2025-09-21,134.7,27.1,True,1.0
5,Faridabad,4,Cauliflower,2025-09-22,211.7,24.71,True,1.0
5,Faridabad,4,Cauliflower,2025-09-23,191.4,25.47,True,1.0
5,Faridabad,4,Cauliflower,2025-09-24,163.0,27.24,True,1.0
5,Faridabad,4,Cauliflower,2025-09-25,140.5,27.09,True,1.0
5,Faridabad,4,Cauliflower,2025-09-26,169.2,25.47,True,1.0
5,Faridabad,4,Cauliflower,2025-09-27,204.2,24.66,True,1.0
5,Faridabad,4,Cauliflower,2025-09-28,154.0,24.12,True,1.0
5,Faridabad,4,Cauliflower,2025-09-29,160.2,25.54,True,1.0
5,Faridabad,4,Cauliflower,2025-09-30,165.6,25.69,True,1.0
5,Faridabad,4,Cauliflower,2025-10-01,161.5,25.86,True,1.0
5,Faridabad,4,Cauliflower,2025-10-02,174.2,25.74,True,1.0
5,Faridabad,4,Cauliflower,2025-10-03,217.2,24.57,True,1.0
5,Faridabad,4,Cauliflower,2025-10-04,194.1,23.87,True,1.0
5,Faridabad,4,Cauliflower,2025-10-05,192.4,24.48,True,1.0
5,Faridabad,4,Cauliflower,2025-10-06,124.9,24.46,True,1.0
5,Faridabad,4,Cauliflower,2025-10-07,150.3,23.1,True,1.0
5,Faridabad,4,Cauliflower,2025-10-08,182.0,23.9,True,1.0
5,Faridabad,4,Cauliflower,2025-10-09,205.4,24.89,True,1.0
5,Faridabad,4,Cauliflower,2025-10-10,171.1,24.57,True,1.0
5,Faridabad,4,Cauliflower,2025-10-11,231.7,24.1,True,1.0
5,Faridabad,4,Cauliflower,2025-10-12,136.1,24.92,True,1.0
5,Faridabad,4,Cauliflower,2025-10-13,182.0,24.36,True,1.0
5,Faridabad,4,Cauliflower,2025-10-14,205.6,23.67,True,1.0
5,Faridabad,4,Cauliflower,2025-10-15,174.2,22.57,True,1.0
5,Faridabad,4,Cauliflower,2025-10-16,194.0,22.46,True,1.0
5,Faridabad,4,Cauliflower,2025-10-17,205.1,23.93,True,1.0
5,Faridabad,4,Cauliflower,2025-10-18,230.8,24.48,True,1.0
5,Faridabad,4,Cauliflower,2025-10-19,173.3,24.12,True,1.0
5,Faridabad,4,Cauliflower,2025-10-20,175.5,23.76,True,1.0
5,Faridabad,4,Cauliflower,2025-10-21,252.7,24.17,True,1.0
5,Faridabad,4,Cauliflower,2025-10-22,225.0,23.82,True,1.0
5,Faridabad,4,Cauliflower,2025-10-23,188.1,22.65,True,1.0
5,Faridabad,4,Cauliflower,2025-10-24,228.1,22.74,True,1.0
5,Faridabad,4,Cauliflower,2025-10-25,264.8,22.81,True,1.0
5,Faridabad,4,Cauliflower,2025-10-26,190.4,22.72,True,1.0
5,Faridabad,4,Cauliflower,2025-10-27,255.0,22.8,True,1.0
5,Faridabad,4,Cauliflower,2025-10-28,255.0,22.23,True,1.0
5,Faridabad,4,Cauliflower,2025-10-29,252.7,22.35,True,1.0
5,Faridabad,4,Cauliflower,2025-10-30,245.3,21.31,True,1.0
5,Faridabad,4,Cauliflower,2025-10-31,222.7,21.01,True,1.0
5,Faridabad,4,Cauliflower,2025-11-01,254.6,21.18,True,1.0
5,Faridabad,4,Cauliflower,2025-11-02,207.1,21.81,True,1.0
5,Faridabad,4,Cauliflower,2025-11-03,195.0,21.68,True,1.0
5,Faridabad,4,Cauliflower,2025-11-04,222.5,22.03,True,1.0
5,Faridabad,4,Cauliflower,2025-11-05,223.7,22.64,True,1.0
5,Faridabad,4,Cauliflower,2025-11-06,225.6,23.99,True,1.0
5,Faridabad,4,Cauliflower,2025-11-07,314.5,23.11,True,1.0
5,Faridabad,4,Cauliflower,2025-11-08,270.9,22.27,True,1.0
5,Faridabad,4,Cauliflower,2025-11-09,162.2,22.12,True,1.0
5,Faridabad,4,Cauliflower,2025-11-10,233.4,22.1,True,1.0
5,Faridabad,4,Cauliflower,2025-11-11,242.9,22.29,True,1.0
5,Faridabad,4,Cauliflower,2025-11-12,291.9,22.58,True,1.0
5,Faridabad,4,Cauliflower,2025-11-13,279.5,22.08,True,1.0
5,Faridabad,4,Cauliflower,2025-11-14,317.8,22.35,True,1.0
5,Faridabad,4,Cauliflower,2025-11-15,311.1,22.13,True,1.0
5,Faridabad,4,Cauliflower,2025-11-16,188.6,22.69,True,1.0
5,Faridabad,4,Cauliflower,2025-11-17,285.4,22.11,True,1.0
5,Faridabad,4,Cauliflower,2025-11-18,376.5,21.96,True,1.0
5,Faridabad,4,Cauliflower,2025-11-19,247.3,21.93,True,1.0
5,Faridabad,4,Cauliflower,2025-11-20,220.4,22.45,True,1.0
5,Faridabad,4,Cauliflower,2025-11-21,263.7,22.09,True,1.0
5,Faridabad,4,Cauliflower,2025-11-22,332.5,21.19,True,1.0
5,Faridabad,4,Cauliflower,2025-11-23,197.6,20.2,True,1.0
5,Faridabad,4,Cauliflower,2025-11-24,193.2,21.11,True,1.0
5,Faridabad,4,Cauliflower,2025-11-25,261.2,21.52,True,1.0
5,Faridabad,4,Cauliflower,2025-11-26,264.6,22.46,True,1.0
5,Faridabad,4,Cauliflower,2025-11-27,242.0,22.12,True,1.0
5,Faridabad,4,Cauliflower,2025-11-28,282.7,21.88,True,1.0
5,Faridabad,4,Cauliflower,2025-11-29,300.2,21.77,True,1.0
5,Faridabad,4,Cauliflower,2025-11-30,181.6,21.25,True,1.0
5,Faridabad,4,Cauliflower,2025-12-01,234.0,20.79,True,1.0
5,Faridabad,4,Cauliflower,2025-12-02,281.0,21.16,True,1.0
5,Faridabad,4,Cauliflower,2025-12-03,256.8,21.87,True,1.0
5,Faridabad,4,Cauliflower,2025-12-04,307.4,22.03,True,1.0
5,Faridabad,4,Cauliflower,2025-12-05,255.8,21.46,True,1.0
5,Faridabad,4,Cauliflower,2025-12-06,326.9,21.63,True,1.0
5,Faridabad,4,Cauliflower,2025-12-07,217.7,21.59,True,1.0
5,Faridabad,4,Cauliflower,2025-12-08,328.2,21.12,True,1.0
5,Faridabad,4,Cauliflower,2025-12-09,240.8,20.41,True,1.0
5,Faridabad,4,Cauliflower,2025-12-10,280.6,20.16,True,1.0
5,Faridabad,4,Cauliflower,2025-12-11,294.3,21.18,True,1.0
5,Faridabad,4,Cauliflower,2025-12-12,302.9,21.35,True,1.0
5,Faridabad,4,Cauliflower,2025-12-13,274.6,20.95,True,1.0
5,Faridabad,4,Cauliflower,2025-12-14,243.7,21.09,True,1.0
5,Faridabad,4,Cauliflower,2025-12-15,269.7,21.52,True,1.0
5,Faridabad,4,Cauliflower,2025-12-16,259.0,21.13,True,1.0
5,Faridabad,4,Cauliflower,2025-12-17,311.8,20.74,True,1.0
5,Faridabad,4,Cauliflower,2025-12-18,253.9,19.89,True,1.0
5,Faridabad,4,Cauliflower,2025-12-19,316.8,20.98,True,1.0
5,Faridabad,4,Cauliflower,2025-12-20,395.5,21.48,True,1.0
5,Faridabad,4,Cauliflower,2025-12-21,247.5,21.89,True,1.0
5,Faridabad,4,Cauliflower,2025-12-22,240.2,22.13,True,1.0
5,Faridabad,4,Cauliflower,2025-12-23,286.9,20.72,True,1.0
5,Faridabad,4,Cauliflower,2025-12-24,396.5,21.05,True,1.0
5,Faridabad,4,Cauliflower,2025-12-25,348.9,21.5,True,1.0
5,Faridabad,4,Cauliflower,2025-12-26,323.7,21.6,True,1.0
5,Faridabad,4,Cauliflower,2025-12-27,331.5,20.24,True,1.0
5,Faridabad,4,Cauliflower,2025-12-28,274.0,20.62,True,1.0
5,Faridabad,4,Cauliflower,2025-12-29,328.9,20.82,True,1.0
5,Faridabad,4,Cauliflower,2025-12-30,322.5,21.78,True,1.0
5,Faridabad,4,Cauliflower,2025-12-31,278.9,21.76,True,1.0
5,Faridabad,4,Cauliflower,2026-01-01,326.7,21.53,True,1.0
5,Faridabad,4,Cauliflower,2026-01-02,369.2,21.37,True,1.0
5,Faridabad,4,Cauliflower,2026-01-03,380.3,22.05,True,1.0
5,Faridabad,4,Cauliflower,2026-01-04,279.8,22.52,True,1.0
5,Faridabad,4,Cauliflower,2026-01-05,322.2,22.31,True,1.0
5,Faridabad,4,Cauliflower,2026-01-06,280.9,22.06,True,1.0
5,Faridabad,4,Cauliflower,2026-01-07,296.8,20.75,True,1.0
5,Faridabad,4,Cauliflower,2026-01-08,340.6,20.05,True,1.0
5,Faridabad,4,Cauliflower,2026-01-09,288.2,20.28,True,1.0
5,Faridabad,4,Cauliflower,2026-01-10,392.4,20.87,True,1.0
5,Faridabad,4,Cauliflower,2026-01-11,264.6,20.92,True,1.0
5,Faridabad,4,Cauliflower,2026-01-12,292.2,20.55,True,1.0
5,Faridabad,4,Cauliflower,2026-01-13,265.4,21.19,True,1.0
5,Faridabad,4,Cauliflower,2026-01-14,390.5,21.68,True,1.0
5,Faridabad,4,Cauliflower,2026-01-15,411.2,22.91,True,1.0
5,Faridabad,4,Cauliflower,2026-01-16,390.4,22.73,True,1.0
5,Faridabad,4,Cauliflower,2026-01-17,391.0,22.7,True,1.0
5,Faridabad,4,Cauliflower,2026-01-18,320.9,22.4,True,1.0
5,Faridabad,4,Cauliflower,2026-01-19,299.1,24.43,True,1.0
5,Faridabad,4,Cauliflower,2026-01-20,314.5,24.57,True,1.0
5,Faridabad,4,Cauliflower,2026-01-21,351.1,23.68,True,1.0
5,Faridabad,4,Cauliflower,2026-01-22,370.7,22.36,True,1.0
5,Faridabad,4,Cauliflower,2026-01-23,393.1,21.93,True,1.0
5,Faridabad,4,Cauliflower,2026-01-24,425.1,21.89,True,1.0
5,Faridabad,4,Cauliflower,2026-01-25,298.0,21.61,True,1.0
5,Faridabad,4,Cauliflower,2026-01-26,348.8,22.22,True,1.0
5,Faridabad,4,Cauliflower,2026-01-27,391.8,22.11,True,1.0
5,Faridabad,4,Cauliflower,2026-01-28,377.7,21.69,True,1.0
5,Faridabad,4,Cauliflower,2026-01-29,294.5,22.84,True,1.0
5,Faridabad,4,Cauliflower,2026-01-30,380.8,22.29,True,1.0
5,Faridabad,4,Cauliflower,2026-01-31,403.5,21.31,True,1.0
5,Faridabad,4,Cauliflower,2026-02-01,270.5,22.84,True,1.0
5,Faridabad,4,Cauliflower,2026-02-02,466.5,24.6,True,1.0
5,Faridabad,4,Cauliflower,2026-02-03,285.8,24.68,True,1.0
5,Faridabad,4,Cauliflower,2026-02-04,392.9,25.23,True,1.0
5,Faridabad,4,Cauliflower,2026-02-05,333.5,25.65,True,1.0
5,Faridabad,4,Cauliflower,2026-02-06,375.8,27.25,True,1.0
5,Faridabad,4,Cauliflower,2026-02-07,389.3,25.88,True,1.0
5,Faridabad,4,Cauliflower,2026-02-08,267.5,25.37,True,1.0
5,Faridabad,4,Cauliflower,2026-02-09,333.3,25.07,True,1.0
5,Faridabad,4,Cauliflower,2026-02-10,313.9,25.25,True,1.0
5,Faridabad,4,Cauliflower,2026-02-11,371.8,25.21,True,1.0
5,Faridabad,4,Cauliflower,2026-02-12,346.6,25.31,True,1.0
5,Faridabad,4,Cauliflower,2026-02-13,465.1,25.58,True,1.0
5,Faridabad,4,Cauliflower,2026-02-14,348.4,27.19,True,1.0
5,Faridabad,4,Cauliflower,2026-02-15,239.2,27.07,True,1.0
5,Faridabad,4,Cauliflower,2026-02-16,352.0,27.45,True,1.0
5,Faridabad,4,Cauliflower,2026-02-17,409.4,27.62,True,1.0
5,Faridabad,4,Cauliflower,2026-02-18,366.1,27.54,True,1.0
5,Faridabad,4,Cauliflower,2026-02-19,401.1,27.03,True,1.0
5,Faridabad,4,Cauliflower,2026-02-21,473.8,25.98,True,1.0
5,Faridabad,4,Cauliflower,2026-02-22,329.4,27.43,True,1.0
5,Faridabad,4,Cauliflower,2026-02-23,366.4,27.83,True,1.0
5,Faridabad,4,Cauliflower,2026-02-24,368.4,27.7,True,1.0
5,Faridabad,4,Cauliflower,2026-02-25,396.8,27.55,True,1.0
5,Faridabad,4,Cauliflower,2026-02-26,372.2,27.67,True,1.0
5,Faridabad,4,Cauliflower,2026-02-27,353.7,28.26,True,1.0
5,Faridabad,4,Cauliflower,2026-02-28,355.2,28.43,True,1.0
5,Faridabad,4,Cauliflower,2026-03-01,249.7,29.34,True,1.0
5,Faridabad,4,Cauliflower,2026-03-02,324.1,30.33,True,1.0
5,Faridabad,4,Cauliflower,2026-03-03,243.3,30.54,True,1.0
5,Faridabad,4,Cauliflower,2026-03-04,301.9,28.53,True,1.0
5,Faridabad,4,Cauliflower,2026-03-05,420.4,28.01,True,1.0
5,Faridabad,4,Cauliflower,2026-03-06,321.8,28.89,True,1.0
5,Faridabad,4,Cauliflower,2026-03-07,368.2,30.56,True,1.0
5,Faridabad,4,Cauliflower,2026-03-08,310.9,29.44,True,1.0
5,Faridabad,4,Cauliflower,2026-03-09,369.8,29.71,True,1.0
5,Faridabad,4,Cauliflower,2026-03-10,338.2,30.48,True,1.0
5,Faridabad,4,Cauliflower,2026-03-11,297.7,30.08,True,1.0
5,Faridabad,4,Cauliflower,2026-03-12,333.9,28.74,True,1.0
5,Faridabad,4,Cauliflower,2026-03-13,324.5,30.51,True,1.0
5,Faridabad,4,Cauliflower,2026-03-14,383.9,29.39,True,1.0
5,Faridabad,4,Cauliflower,2026-03-15,248.4,28.77,True,1.0
5,Faridabad,4,Cauliflower,2026-03-16,323.5,29.2,True,1.0
5,Faridabad,4,Cauliflower,2026-03-17,359.0,29.36,True,1.0
5,Faridabad,4,Cauliflower,2026-03-18,316.2,28.7,True,1.0
5,Faridabad,4,Cauliflower,2026-03-19,344.4,30.46,True,1.0
5,Faridabad,4,Cauliflower,2026-03-20,328.9,30.75,True,1.0
5,Faridabad,4,Cauliflower,2026-03-21,295.1,31.34,True,1.0
5,Faridabad,4,Cauliflower,2026-03-22,249.0,30.94,True,1.0
5,Faridabad,4,Cauliflower,2026-03-23,311.5,30.73,True,1.0
5,Faridabad,4,Cauliflower,2026-03-24,332.0,31.81,True,1.0
5,Faridabad,4,Cauliflower,2026-03-25,324.4,30.94,True,1.0
5,Faridabad,4,Cauliflower,2026-03-26,290.4,30.53,True,1.0
5,Faridabad,4,Cauliflower,2026-03-27,368.7,30.99,True,1.0
5,Faridabad,4,Cauliflower,2026-03-28,417.9,31.75,True,1.0
5,Faridabad,4,Cauliflower,2026-03-29,231.4,32.33,True,1.0
5,Faridabad,4,Cauliflower,2026-03-30,278.5,31.09,True,1.0
5,Faridabad,4,Cauliflower,2026-03-31,347.9,30.15,True,1.0
5,Faridabad,4,Cauliflower,2026-04-01,350.4,29.75,True,1.0
5,Faridabad,4,Cauliflower,2026-04-02,342.7,30.99,True,1.0
5,Faridabad,4,Cauliflower,2026-04-03,278.7,31.92,True,1.0
5,Faridabad,4,Cauliflower,2026-04-04,445.6,32.1,True,1.0
5,Faridabad,4,Cauliflower,2026-04-05,276.5,32.24,True,1.0
5,Faridabad,4,Cauliflower,2026-04-06,386.1,30.61,True,1.0
5,Faridabad,4,Cauliflower,2026-04-07,328.9,31.26,True,1.0
5,Faridabad,4,Cauliflower,2026-04-08,322.4,30.08,True,1.0
5,Faridabad,4,Cauliflower,2026-04-09,285.6,31.39,True,1.0
5,Faridabad,4,Cauliflower,2026-04-10,321.7,31.33,True,1.0
5,Faridabad,4,Cauliflower,2026-04-11,511.3,31.82,True,1.0
5,Faridabad,4,Cauliflower,2026-04-12,231.0,31.77,True,1.0
5,Faridabad,4,Cauliflower,2026-04-13,302.1,31.89,True,1.0
5,Faridabad,4,Cauliflower,2026-04-14,344.7,31.07,True,1.0
5,Faridabad,4,Cauliflower,2026-04-15,300.4,31.37,True,1.0
5,Faridabad,4,Cauliflower,2026-04-16,420.0,31.7,True,1.0
5,Faridabad,4,Cauliflower,2026-04-17,310.8,32.21,True,1.0
5,Faridabad,4,Cauliflower,2026-04-18,398.0,32.91,True,1.0
5,Faridabad,4,Cauliflower,2026-04-19,288.8,33.37,True,1.0
5,Faridabad,4,Cauliflower,2026-04-20,287.3,33.52,True,1.0
5,Faridabad,4,Cauliflower,2026-04-21,307.9,32.78,True,1.0
5,Faridabad,4,Cauliflower,2026-04-22,257.9,31.7,True,1.0
5,Faridabad,4,Cauliflower,2026-04-23,325.9,31.25,True,1.0
5,Faridabad,4,Cauliflower,2026-04-24,339.8,31.12,True,1.0
5,Faridabad,4,Cauliflower,2026-04-25,404.9,32.57,True,1.0
5,Faridabad,4,Cauliflower,2026-04-26,249.0,33.86,True,1.0
5,Faridabad,4,Cauliflower,2026-04-27,417.6,33.0,True,1.0
5,Faridabad,4,Cauliflower,2026-04-28,295.3,32.1,True,1.0
5,Faridabad,4,Cauliflower,2026-04-29,307.0,31.09,True,1.0
5,Faridabad,4,Cauliflower,2026-04-30,272.5,31.3,True,1.0
5,Faridabad,4,Cauliflower,2026-05-01,328.4,32.42,True,1.0
5,Faridabad,4,Cauliflower,2026-05-02,361.9,31.84,True,1.0
5,Faridabad,4,Cauliflower,2026-05-03,244.7,33.57,True,1.0
5,Faridabad,4,Cauliflower,2026-05-04,279.9,34.05,True,1.0
5,Faridabad,4,Cauliflower,2026-05-05,288.8,35.1,True,1.0
5,Faridabad,4,Cauliflower,2026-05-06,260.6,34.02,True,1.0
5,Faridabad,4,Cauliflower,2026-05-07,269.5,34.76,True,1.0
5,Faridabad,4,Cauliflower,2026-05-08,264.8,33.51,True,1.0
5,Faridabad,4,Cauliflower,2026-05-09,324.4,34.41,True,1.0
5,Faridabad,4,Cauliflower,2026-05-10,197.4,35.82,True,1.0
5,Faridabad,4,Cauliflower,2026-05-11,297.2,36.84,True,1.0
5,Faridabad,4,Cauliflower,2026-05-12,230.8,35.55,True,1.0
5,Faridabad,4,Cauliflower,2026-05-13,296.9,34.33,True,1.0
5,Faridabad,4,Cauliflower,2026-05-14,222.7,34.21,True,1.0
5,Faridabad,4,Cauliflower,2026-05-15,268.4,35.88,True,1.0
5,Faridabad,4,Cauliflower,2026-05-16,314.0,34.12,True,1.0
5,Faridabad,4,Cauliflower,2026-05-17,237.8,32.81,True,1.0
5,Faridabad,4,Cauliflower,2026-05-18,290.2,31.45,True,1.0
5,Faridabad,4,Cauliflower,2026-05-19,279.6,32.46,True,1.0
5,Faridabad,4,Cauliflower,2026-05-20,246.1,31.54,True,1.0
5,Faridabad,4,Cauliflower,2026-05-21,305.8,33.58,True,1.0
5,Faridabad,4,Cauliflower,2026-05-22,233.2,35.55,True,1.0
5,Faridabad,4,Cauliflower,2026-05-23,273.0,35.17,True,1.0
5,Faridabad,4,Cauliflower,2026-05-24,220.0,37.53,True,1.0
5,Faridabad,4,Cauliflower,2026-05-25,211.9,36.93,True,1.0
5,Faridabad,4,Cauliflower,2026-05-26,268.1,35.76,True,1.0
5,Faridabad,4,Cauliflower,2026-05-27,301.2,34.95,True,1.0
5,Faridabad,4,Cauliflower,2026-05-28,258.6,36.38,True,1.0
5,Faridabad,4,Cauliflower,2026-05-29,311.0,36.73,True,1.0
5,Faridabad,4,Cauliflower,2026-05-30,279.6,34.12,True,1.0
5,Faridabad,4,Cauliflower,2026-05-31,218.5,32.55,True,1.0
5,Faridabad,4,Cauliflower,2026-06-01,243.0,31.86,True,1.0
5,Faridabad,4,Cauliflower,2026-06-02,246.7,32.18,True,1.0
5,Faridabad,4,Cauliflower,2026-06-03,264.8,31.77,True,1.0
5,Faridabad,4,Cauliflower,2026-06-04,269.9,31.96,True,1.0
5,Faridabad,4,Cauliflower,2026-06-05,283.2,32.04,True,1.0
5,Faridabad,4,Cauliflower,2026-06-06,294.9,31.83,True,1.0
5,Faridabad,4,Cauliflower,2026-06-07,166.5,34.75,True,1.0
5,Faridabad,4,Cauliflower,2026-06-08,255.1,36.21,True,1.0
5,Faridabad,4,Cauliflower,2026-06-09,194.1,37.66,True,1.0
5,Faridabad,4,Cauliflower,2026-06-10,269.1,38.59,True,1.0
5,Faridabad,4,Cauliflower,2026-06-11,271.6,37.33,True,1.0
5,Faridabad,4,Cauliflower,2026-06-12,234.6,36.66,True,1.0
5,Faridabad,4,Cauliflower,2026-06-13,268.6,35.14,True,1.0
5,Faridabad,4,Cauliflower,2026-06-14,275.5,35.17,True,1.0
5,Faridabad,4,Cauliflower,2026-06-15,219.6,34.04,True,1.0
5,Faridabad,4,Cauliflower,2026-06-16,217.2,32.71,True,1.0
5,Faridabad,4,Cauliflower,2026-06-17,192.5,32.56,True,1.0
5,Faridabad,4,Cauliflower,2026-06-18,229.8,34.0,True,1.0
5,Faridabad,4,Cauliflower,2026-06-19,263.8,34.28,True,1.0
5,Faridabad,4,Cauliflower,2026-06-20,240.3,34.96,True,1.0
5,Faridabad,4,Cauliflower,2026-06-21,203.6,34.85,True,1.0
5,Faridabad,4,Cauliflower,2026-06-22,204.9,33.84,True,1.0
5,Faridabad,4,Cauliflower,2026-06-23,287.6,34.53,True,1.0
5,Faridabad,4,Cauliflower,2026-06-24,246.3,34.59,True,1.0
5,Faridabad,4,Cauliflower,2026-06-25,224.5,35.85,True,1.0
5,Faridabad,4,Cauliflower,2026-06-26,181.0,36.78,True,1.0
5,Faridabad,4,Cauliflower,2026-06-27,250.2,35.71,True,1.0
5,Faridabad,4,Cauliflower,2026-06-28,174.6,35.38,True,1.0
5,Faridabad,4,Cauliflower,2026-06-29,189.2,34.13,True,1.0
5,Faridabad,4,Cauliflower,2026-06-30,235.7,33.3,True,1.0
5,Faridabad,4,Cauliflower,2026-07-01,239.6,32.98,True,1.0
5,Faridabad,4,Cauliflower,2026-07-02,204.6,33.76,True,1.0
5,Faridabad,4,Cauliflower,2026-07-03,245.7,33.32,True,1.0
5,Faridabad,4,Cauliflower,2026-07-04,245.7,35.0,True,1.0
5,Faridabad,4,Cauliflower,2026-07-05,176.1,35.12,True,1.0
5,Faridabad,4,Cauliflower,2026-07-06,183.1,34.45,True,1.0
5,Faridabad,4,Cauliflower,2026-07-07,177.7,35.23,True,1.0
5,Faridabad,4,Cauliflower,2026-07-08,213.2,34.03,True,1.0
5,Faridabad,4,Cauliflower,2026-07-09,213.1,33.27,True,1.0
5,Faridabad,4,Cauliflower,2026-07-10,182.6,34.65,True,1.0
5,Faridabad,4,Cauliflower,2026-07-11,207.6,33.02,True,1.0
5,Faridabad,4,Cauliflower,2026-07-12,183.8,32.98,True,1.0
5,Faridabad,4,Cauliflower,2026-07-13,192.8,32.72,True,1.0
5,Faridabad,4,Cauliflower,2026-07-14,206.7,32.18,True,1.0
5,Faridabad,4,Cauliflower,2026-07-15,182.9,33.39,True,1.0
5,Faridabad,4,Cauliflower,2026-07-16,217.8,34.12,True,1.0
5,Faridabad,4,Cauliflower,2026-07-18,277.8,33.98,True,1.0
5,Faridabad,4,Cauliflower,2026-07-19,158.3,34.25,True,1.0
5,Faridabad,4,Cauliflower,2026-07-20,136.6,31.9,True,1.0
5,Faridabad,4,Cauliflower,2026-07-21,166.6,31.75,True,1.0
5,Faridabad,4,Cauliflower,2026-07-22,217.9,32.02,True,1.0
5,Faridabad,4,Cauliflower,2026-07-23,165.1,31.62,True,1.0
5,Faridabad,4,Cauliflower,2026-07-24,263.1,32.01,True,1.0
5,Faridabad,4,Cauliflower,2026-07-25,233.7,34.35,True,1.0
5,Faridabad,4,Cauliflower,2026-07-26,155.9,33.79,True,1.0
5,Faridabad,4,Cauliflower,2026-07-27,160.0,33.66,True,1.0
5,Faridabad,4,Cauliflower,2026-07-28,172.1,33.35,True,1.0
5,Faridabad,4,Cauliflower,2026-07-29,157.1,31.8,True,1.0
5,Faridabad,4,Cauliflower,2026-07-30,203.0,30.47,True,1.0
5,Faridabad,4,Cauliflower,2026-07-31,192.0,29.44,True,1.0
5,Faridabad,4,Cauliflower,2026-08-02,176.6,28.93,True,1.0
5,Faridabad,4,Cauliflower,2026-08-03,154.9,30.2,True,1.0
5,Faridabad,4,Cauliflower,2026-08-04,164.4,30.35,True,1.0
5,Faridabad,4,Cauliflower,2026-08-05,168.5,30.99,True,1.0
5,Faridabad,4,Cauliflower,2026-08-06,214.6,29.87,True,1.0
5,Faridabad,4,Cauliflower,2026-08-07,192.4,31.56,True,1.0
5,Faridabad,4,Cauliflower,2026-08-08,193.1,31.3,True,1.0
5,Faridabad,4,Cauliflower,2026-08-09,192.0,29.5,True,1.0
5,Faridabad,4,Cauliflower,2026-08-10,180.8,30.91,True,1.0
5,Faridabad,4,Cauliflower,2026-08-11,173.5,29.7,True,1.0
5,Faridabad,4,Cauliflower,2026-08-12,135.6,28.89,True,1.0
5,Faridabad,4,Cauliflower,2026-08-13,180.6,28.33,True,1.0
5,Faridabad,4,Cauliflower,2026-08-14,234.4,28.63,True,1.0
5,Faridabad,4,Cauliflower,2026-08-15,216.6,29.55,True,1.0
5,Faridabad,4,Cauliflower,2026-08-16,151.6,30.16,True,1.0
5,Faridabad,4,Cauliflower,2026-08-17,161.6,32.32,True,1.0
5,Faridabad,4,Cauliflower,2026-08-18,191.6,30.94,True,1.0
5,Faridabad,4,Cauliflower,2026-08-19,182.1,30.15,True,1.0
5,Faridabad,4,Cauliflower,2026-08-20,179.0,28.82,True,1.0
5,Faridabad,4,Cauliflower,2026-08-21,207.9,28.1,True,1.0
5,Faridabad,4,Cauliflower,2026-08-22,168.6,29.38,True,1.0
5,Faridabad,4,Cauliflower,2026-08-23,127.5,28.9,True,1.0
5,Faridabad,4,Cauliflower,2026-08-24,184.3,29.33,True,1.0
5,Faridabad,4,Cauliflower,2026-08-25,144.6,29.24,True,1.0
5,Faridabad,4,Cauliflower,2026-08-26,139.6,28.26,True,1.0
5,Faridabad,4,Cauliflower,2026-08-27,193.6,27.73,True,1.0
5,Faridabad,4,Cauliflower,2026-08-28,168.9,26.53,True,1.0
5,Faridabad,4,Cauliflower,2026-08-29,190.8,26.94,True,1.0
5,Faridabad,4,Cauliflower,2026-08-30,131.4,27.42,True,1.0
5,Faridabad,4,Cauliflower,2026-08-31,148.7,27.43,True,1.0
5,Faridabad,4,Cauliflower,2026-09-01,178.4,28.43,True,1.0
5,Faridabad,4,Cauliflower,2026-09-02,198.6,27.25,True,1.0
5,Faridabad,4,Cauliflower,2026-09-03,168.3,27.48,True,1.0
5,Faridabad,4,Cauliflower,2026-09-04,169.5,26.79,True,1.0
5,Faridabad,4,Cauliflower,2026-09-05,194.2,27.34,True,1.0
5,Faridabad,4,Cauliflower,2026-09-06,136.1,26.7,True,1.0
5,Faridabad,4,Cauliflower,2026-09-07,173.5,27.55,True,1.0
5,Faridabad,4,Cauliflower,2026-09-08,162.0,27.98,True,1.0
5,Faridabad,4,Cauliflower,2026-09-09,198.4,28.0,True,1.0
5,Faridabad,4,Cauliflower,2026-09-11,217.6,27.85,True,1.0
5,Faridabad,4,Cauliflower,2026-09-12,213.2,27.81,True,1.0
5,Faridabad,4,Cauliflower,2026-09-13,135.6,27.89,True,1.0
5,Faridabad,4,Cauliflower,2026-09-14,167.0,27.22,True,1.0
5,Faridabad,4,Cauliflower,2026-09-15,189.5,26.15,True,1.0
5,Faridabad,4,Cauliflower,2026-09-16,184.1,26.18,True,1.0
5,Faridabad,4,Cauliflower,2026-09-17,205.4,26.59,True,1.0
5,Faridabad,4,Cauliflower,2026-09-18,181.9,26.84,True,1.0
5,Faridabad,4,Cauliflower,2026-09-19,228.3,27.94,True,1.0
5,Faridabad,4,Cauliflower,2026-09-20,157.0,26.93,True,1.0
5,Faridabad,4,Cauliflower,2026-09-21,186.6,25.54,True,1.0
5,Faridabad,4,Cauliflower,2026-09-22,205.6,25.2,True,1.0
5,Faridabad,4,Cauliflower,2026-09-23,184.5,25.2,True,1.0
5,Faridabad,4,Cauliflower,2026-09-24,150.2,25.2,True,1.0
5,Faridabad,4,Cauliflower,2026-09-25,194.1,25.2,True,1.0
5,Faridabad,4,Cauliflower,2026-09-26,199.8,25.2,True,1.0
5,Faridabad,4,Cauliflower,2026-09-27,153.1,25.2,True,1.0
5,Faridabad,4,Cauliflower,2026-09-28,151.8,25.2,True,1.0
5,Faridabad,4,Cauliflower,2026-09-29,168.9,25.2,True,1.0
5,Faridabad,4,Cauliflower,2026-09-30,179.1,25.2,True,1.0
5,Faridabad,5,Green Chilli,2024-10-01,92.8,44.22,True,1.0
5,Faridabad,5,Green Chilli,2024-10-02,120.9,43.06,True,1.0
5,Faridabad,5,Green Chilli,2024-10-03,111.3,43.08,True,1.0
5,Faridabad,5,Green Chilli,2024-10-04,108.9,43.96,True,1.0
5,Faridabad,5,Green Chilli,2024-10-05,128.5,44.16,True,1.0
5,Faridabad,5,Green Chilli,2024-10-06,59.7,46.18,True,1.0
5,Faridabad,5,Green Chilli,2024-10-07,90.2,43.88,True,1.0
5,Faridabad,5,Green Chilli,2024-10-08,98.6,42.12,True,1.0
5,Faridabad,5,Green Chilli,2024-10-09,114.3,43.71,True,1.0
5,Faridabad,5,Green Chilli,2024-10-10,126.7,44.42,True,1.0
5,Faridabad,5,Green Chilli,2024-10-11,97.3,43.82,True,1.0
5,Faridabad,5,Green Chilli,2024-10-12,103.5,45.51,True,1.0
5,Faridabad,5,Green Chilli,2024-10-13,68.3,44.5,True,1.0
5,Faridabad,5,Green Chilli,2024-10-14,91.6,45.32,True,1.0
5,Faridabad,5,Green Chilli,2024-10-15,84.3,45.04,True,1.0
5,Faridabad,5,Green Chilli,2024-10-16,93.4,44.11,True,1.0
5,Faridabad,5,Green Chilli,2024-10-17,100.4,43.95,True,1.0
5,Faridabad,5,Green Chilli,2024-10-18,98.4,45.91,True,1.0
5,Faridabad,5,Green Chilli,2024-10-19,105.7,45.31,True,1.0
5,Faridabad,5,Green Chilli,2024-10-21,103.9,47.14,True,1.0
5,Faridabad,5,Green Chilli,2024-10-22,93.2,46.42,True,1.0
5,Faridabad,5,Green Chilli,2024-10-23,96.0,44.99,True,1.0
5,Faridabad,5,Green Chilli,2024-10-24,95.1,46.21,True,1.0
5,Faridabad,5,Green Chilli,2024-10-25,96.0,46.49,True,1.0
5,Faridabad,5,Green Chilli,2024-10-26,130.1,46.34,True,1.0
5,Faridabad,5,Green Chilli,2024-10-27,88.7,46.5,True,1.0
5,Faridabad,5,Green Chilli,2024-10-28,90.4,46.35,True,1.0
5,Faridabad,5,Green Chilli,2024-10-29,79.3,44.88,True,1.0
5,Faridabad,5,Green Chilli,2024-10-30,101.8,46.29,True,1.0
5,Faridabad,5,Green Chilli,2024-10-31,112.7,48.99,True,1.0
5,Faridabad,5,Green Chilli,2024-11-01,108.6,50.77,True,1.0
5,Faridabad,5,Green Chilli,2024-11-02,81.5,49.78,True,1.0
5,Faridabad,5,Green Chilli,2024-11-03,66.9,48.63,True,1.0
5,Faridabad,5,Green Chilli,2024-11-04,83.1,48.33,True,1.0
5,Faridabad,5,Green Chilli,2024-11-05,108.4,47.19,True,1.0
5,Faridabad,5,Green Chilli,2024-11-06,85.2,47.66,True,1.0
5,Faridabad,5,Green Chilli,2024-11-07,134.4,48.14,True,1.0
5,Faridabad,5,Green Chilli,2024-11-08,142.2,46.38,True,1.0
5,Faridabad,5,Green Chilli,2024-11-09,109.7,46.35,True,1.0
5,Faridabad,5,Green Chilli,2024-11-10,83.1,47.98,True,1.0
5,Faridabad,5,Green Chilli,2024-11-11,89.6,49.22,True,1.0
5,Faridabad,5,Green Chilli,2024-11-12,86.5,47.14,True,1.0
5,Faridabad,5,Green Chilli,2024-11-13,97.2,48.95,True,1.0
5,Faridabad,5,Green Chilli,2024-11-14,108.7,48.34,True,1.0
5,Faridabad,5,Green Chilli,2024-11-15,85.2,48.3,True,1.0
5,Faridabad,5,Green Chilli,2024-11-16,111.5,48.11,True,1.0
5,Faridabad,5,Green Chilli,2024-11-17,76.3,45.41,True,1.0
5,Faridabad,5,Green Chilli,2024-11-18,88.2,46.9,True,1.0
5,Faridabad,5,Green Chilli,2024-11-19,88.0,45.3,True,1.0
5,Faridabad,5,Green Chilli,2024-11-20,88.7,47.43,True,1.0
5,Faridabad,5,Green Chilli,2024-11-21,86.8,46.11,True,1.0
5,Faridabad,5,Green Chilli,2024-11-22,118.6,48.39,True,1.0
5,Faridabad,5,Green Chilli,2024-11-23,110.8,48.9,True,1.0
5,Faridabad,5,Green Chilli,2024-11-24,77.5,49.82,True,1.0
5,Faridabad,5,Green Chilli,2024-11-25,110.9,48.63,True,1.0
5,Faridabad,5,Green Chilli,2024-11-26,79.2,46.36,True,1.0
5,Faridabad,5,Green Chilli,2024-11-27,111.9,45.94,True,1.0
5,Faridabad,5,Green Chilli,2024-11-28,102.1,47.39,True,1.0
5,Faridabad,5,Green Chilli,2024-11-29,120.9,48.65,True,1.0
5,Faridabad,5,Green Chilli,2024-11-30,94.4,47.74,True,1.0
5,Faridabad,5,Green Chilli,2024-12-01,70.9,50.17,True,1.0
5,Faridabad,5,Green Chilli,2024-12-02,77.0,50.01,True,1.0
5,Faridabad,5,Green Chilli,2024-12-03,100.6,47.66,True,1.0
5,Faridabad,5,Green Chilli,2024-12-04,79.5,48.69,True,1.0
5,Faridabad,5,Green Chilli,2024-12-05,91.8,47.99,True,1.0
5,Faridabad,5,Green Chilli,2024-12-06,98.9,49.74,True,1.0
5,Faridabad,5,Green Chilli,2024-12-07,96.3,50.16,True,1.0
5,Faridabad,5,Green Chilli,2024-12-08,82.0,50.37,True,1.0
5,Faridabad,5,Green Chilli,2024-12-09,81.0,49.91,True,1.0
5,Faridabad,5,Green Chilli,2024-12-10,99.0,51.64,True,1.0
5,Faridabad,5,Green Chilli,2024-12-11,86.8,49.93,True,1.0
5,Faridabad,5,Green Chilli,2024-12-12,90.4,50.55,True,1.0
5,Faridabad,5,Green Chilli,2024-12-13,89.9,50.57,True,1.0
5,Faridabad,5,Green Chilli,2024-12-14,106.7,49.08,True,1.0
5,Faridabad,5,Green Chilli,2024-12-15,123.0,49.4,True,1.0
5,Faridabad,5,Green Chilli,2024-12-16,84.6,48.43,True,1.0
5,Faridabad,5,Green Chilli,2024-12-17,84.3,52.03,True,1.0
5,Faridabad,5,Green Chilli,2024-12-18,76.3,53.14,True,1.0
5,Faridabad,5,Green Chilli,2024-12-19,84.6,50.02,True,1.0
5,Faridabad,5,Green Chilli,2024-12-20,97.2,49.6,True,1.0
5,Faridabad,5,Green Chilli,2024-12-21,125.9,50.84,True,1.0
5,Faridabad,5,Green Chilli,2024-12-22,67.6,52.58,True,1.0
5,Faridabad,5,Green Chilli,2024-12-23,71.2,53.39,True,1.0
5,Faridabad,5,Green Chilli,2024-12-24,87.2,55.58,True,1.0
5,Faridabad,5,Green Chilli,2024-12-25,88.8,54.36,True,1.0
5,Faridabad,5,Green Chilli,2024-12-26,83.5,55.32,True,1.0
5,Faridabad,5,Green Chilli,2024-12-27,73.7,52.24,True,1.0
5,Faridabad,5,Green Chilli,2024-12-28,97.4,53.2,True,1.0
5,Faridabad,5,Green Chilli,2024-12-29,61.1,52.24,True,1.0
5,Faridabad,5,Green Chilli,2024-12-30,70.7,51.69,True,1.0
5,Faridabad,5,Green Chilli,2024-12-31,86.9,53.6,True,1.0
5,Faridabad,5,Green Chilli,2025-01-01,83.3,54.32,True,1.0
5,Faridabad,5,Green Chilli,2025-01-02,87.0,53.1,True,1.0
5,Faridabad,5,Green Chilli,2025-01-03,91.1,56.5,True,1.0
5,Faridabad,5,Green Chilli,2025-01-04,161.6,56.87,True,1.0
5,Faridabad,5,Green Chilli,2025-01-05,78.5,54.43,True,1.0
5,Faridabad,5,Green Chilli,2025-01-06,63.1,49.88,True,1.0
5,Faridabad,5,Green Chilli,2025-01-08,67.3,50.3,True,1.0
5,Faridabad,5,Green Chilli,2025-01-09,91.0,49.7,True,1.0
5,Faridabad,5,Green Chilli,2025-01-10,70.3,49.47,True,1.0
5,Faridabad,5,Green Chilli,2025-01-11,109.7,50.23,True,1.0
5,Faridabad,5,Green Chilli,2025-01-12,68.5,52.48,True,1.0
5,Faridabad,5,Green Chilli,2025-01-13,76.8,50.69,True,1.0
5,Faridabad,5,Green Chilli,2025-01-14,77.9,50.77,True,1.0
5,Faridabad,5,Green Chilli,2025-01-15,92.4,50.64,True,1.0
5,Faridabad,5,Green Chilli,2025-01-16,97.3,49.65,True,1.0
5,Faridabad,5,Green Chilli,2025-01-17,98.3,50.55,True,1.0
5,Faridabad,5,Green Chilli,2025-01-18,109.0,53.4,True,1.0
5,Faridabad,5,Green Chilli,2025-01-19,60.3,53.7,True,1.0
5,Faridabad,5,Green Chilli,2025-01-20,87.4,53.06,True,1.0
5,Faridabad,5,Green Chilli,2025-01-21,71.6,51.86,True,1.0
5,Faridabad,5,Green Chilli,2025-01-22,81.6,51.74,True,1.0
5,Faridabad,5,Green Chilli,2025-01-23,67.4,49.12,True,1.0
5,Faridabad,5,Green Chilli,2025-01-24,112.6,49.65,True,1.0
5,Faridabad,5,Green Chilli,2025-01-25,99.1,49.83,True,1.0
5,Faridabad,5,Green Chilli,2025-01-26,63.7,50.92,True,1.0
5,Faridabad,5,Green Chilli,2025-01-27,80.0,52.39,True,1.0
5,Faridabad,5,Green Chilli,2025-01-28,81.7,53.12,True,1.0
5,Faridabad,5,Green Chilli,2025-01-29,68.4,52.31,True,1.0
5,Faridabad,5,Green Chilli,2025-01-30,84.7,51.17,True,1.0
5,Faridabad,5,Green Chilli,2025-01-31,80.8,50.22,True,1.0
5,Faridabad,5,Green Chilli,2025-02-01,97.3,49.34,True,1.0
5,Faridabad,5,Green Chilli,2025-02-02,69.2,48.95,True,1.0
5,Faridabad,5,Green Chilli,2025-02-03,81.3,49.36,True,1.0
5,Faridabad,5,Green Chilli,2025-02-04,74.7,48.11,True,1.0
5,Faridabad,5,Green Chilli,2025-02-05,84.4,49.54,True,1.0
5,Faridabad,5,Green Chilli,2025-02-06,69.6,49.76,True,1.0
5,Faridabad,5,Green Chilli,2025-02-07,80.8,48.88,True,1.0
5,Faridabad,5,Green Chilli,2025-02-08,97.6,48.53,True,1.0
5,Faridabad,5,Green Chilli,2025-02-09,63.7,50.36,True,1.0
5,Faridabad,5,Green Chilli,2025-02-10,67.6,51.76,True,1.0
5,Faridabad,5,Green Chilli,2025-02-11,67.1,55.03,True,1.0
5,Faridabad,5,Green Chilli,2025-02-12,68.8,54.51,True,1.0
5,Faridabad,5,Green Chilli,2025-02-13,88.9,52.25,True,1.0
5,Faridabad,5,Green Chilli,2025-02-14,82.3,50.64,True,1.0
5,Faridabad,5,Green Chilli,2025-02-15,79.2,51.12,True,1.0
5,Faridabad,5,Green Chilli,2025-02-16,58.3,52.06,True,1.0
5,Faridabad,5,Green Chilli,2025-02-17,66.9,53.62,True,1.0
5,Faridabad,5,Green Chilli,2025-02-18,66.6,51.27,True,1.0
5,Faridabad,5,Green Chilli,2025-02-19,69.4,51.07,True,1.0
5,Faridabad,5,Green Chilli,2025-02-20,77.1,49.11,True,1.0
5,Faridabad,5,Green Chilli,2025-02-21,76.3,49.91,True,1.0
5,Faridabad,5,Green Chilli,2025-02-22,81.2,48.49,True,1.0
5,Faridabad,5,Green Chilli,2025-02-23,71.1,50.97,True,1.0
5,Faridabad,5,Green Chilli,2025-02-24,69.4,49.5,True,1.0
5,Faridabad,5,Green Chilli,2025-02-25,75.9,50.43,True,1.0
5,Faridabad,5,Green Chilli,2025-02-26,70.4,50.41,True,1.0
5,Faridabad,5,Green Chilli,2025-02-27,81.0,50.23,True,1.0
5,Faridabad,5,Green Chilli,2025-02-28,67.1,47.49,True,1.0
5,Faridabad,5,Green Chilli,2025-03-01,86.4,47.94,True,1.0
5,Faridabad,5,Green Chilli,2025-03-02,57.1,47.02,True,1.0
5,Faridabad,5,Green Chilli,2025-03-03,74.9,46.89,True,1.0
5,Faridabad,5,Green Chilli,2025-03-04,65.5,48.23,True,1.0
5,Faridabad,5,Green Chilli,2025-03-05,62.5,52.4,True,1.0
5,Faridabad,5,Green Chilli,2025-03-06,77.7,54.22,True,1.0
5,Faridabad,5,Green Chilli,2025-03-07,85.1,53.36,True,1.0
5,Faridabad,5,Green Chilli,2025-03-08,75.7,52.53,True,1.0
5,Faridabad,5,Green Chilli,2025-03-09,52.3,50.86,True,1.0
5,Faridabad,5,Green Chilli,2025-03-10,51.2,48.78,True,1.0
5,Faridabad,5,Green Chilli,2025-03-11,74.4,49.34,True,1.0
5,Faridabad,5,Green Chilli,2025-03-12,77.9,48.46,True,1.0
5,Faridabad,5,Green Chilli,2025-03-13,59.6,50.93,True,1.0
5,Faridabad,5,Green Chilli,2025-03-14,64.9,53.3,True,1.0
5,Faridabad,5,Green Chilli,2025-03-15,69.9,54.98,True,1.0
5,Faridabad,5,Green Chilli,2025-03-16,48.9,51.87,True,1.0
5,Faridabad,5,Green Chilli,2025-03-17,67.1,49.96,True,1.0
5,Faridabad,5,Green Chilli,2025-03-18,66.7,47.66,True,1.0
5,Faridabad,5,Green Chilli,2025-03-19,68.6,48.6,True,1.0
5,Faridabad,5,Green Chilli,2025-03-20,57.8,47.18,True,1.0
5,Faridabad,5,Green Chilli,2025-03-21,87.4,46.5,True,1.0
5,Faridabad,5,Green Chilli,2025-03-22,77.2,45.64,True,1.0
5,Faridabad,5,Green Chilli,2025-03-23,70.3,45.44,True,1.0
5,Faridabad,5,Green Chilli,2025-03-24,68.9,48.23,True,1.0
5,Faridabad,5,Green Chilli,2025-03-25,63.3,44.67,True,1.0
5,Faridabad,5,Green Chilli,2025-03-26,81.8,46.08,True,1.0
5,Faridabad,5,Green Chilli,2025-03-27,91.2,45.31,True,1.0
5,Faridabad,5,Green Chilli,2025-03-28,75.7,48.96,True,1.0
5,Faridabad,5,Green Chilli,2025-03-29,67.2,49.46,True,1.0
5,Faridabad,5,Green Chilli,2025-03-30,63.1,47.23,True,1.0
5,Faridabad,5,Green Chilli,2025-03-31,66.1,46.23,True,1.0
5,Faridabad,5,Green Chilli,2025-04-01,72.0,45.57,True,1.0
5,Faridabad,5,Green Chilli,2025-04-02,77.0,47.35,True,1.0
5,Faridabad,5,Green Chilli,2025-04-03,75.2,49.36,True,1.0
5,Faridabad,5,Green Chilli,2025-04-04,73.7,48.6,True,1.0
5,Faridabad,5,Green Chilli,2025-04-05,92.6,47.64,True,1.0
5,Faridabad,5,Green Chilli,2025-04-06,57.1,48.56,True,1.0
5,Faridabad,5,Green Chilli,2025-04-07,77.9,47.77,True,1.0
5,Faridabad,5,Green Chilli,2025-04-08,67.7,47.8,True,1.0
5,Faridabad,5,Green Chilli,2025-04-09,62.7,47.44,True,1.0
5,Faridabad,5,Green Chilli,2025-04-10,83.2,45.82,True,1.0
5,Faridabad,5,Green Chilli,2025-04-11,79.0,47.52,True,1.0
5,Faridabad,5,Green Chilli,2025-04-12,95.1,46.07,True,1.0
5,Faridabad,5,Green Chilli,2025-04-13,53.9,48.42,True,1.0
5,Faridabad,5,Green Chilli,2025-04-14,75.9,49.03,True,1.0
5,Faridabad,5,Green Chilli,2025-04-15,79.0,48.05,True,1.0
5,Faridabad,5,Green Chilli,2025-04-16,76.5,45.44,True,1.0
5,Faridabad,5,Green Chilli,2025-04-17,61.7,47.46,True,1.0
5,Faridabad,5,Green Chilli,2025-04-18,76.5,47.03,True,1.0
5,Faridabad,5,Green Chilli,2025-04-19,82.7,47.48,True,1.0
5,Faridabad,5,Green Chilli,2025-04-20,49.5,48.56,True,1.0
5,Faridabad,5,Green Chilli,2025-04-21,57.1,45.77,True,1.0
5,Faridabad,5,Green Chilli,2025-04-22,65.1,45.78,True,1.0
5,Faridabad,5,Green Chilli,2025-04-23,66.5,44.8,True,1.0
5,Faridabad,5,Green Chilli,2025-04-24,64.4,44.98,True,1.0
5,Faridabad,5,Green Chilli,2025-04-25,83.4,45.24,True,1.0
5,Faridabad,5,Green Chilli,2025-04-26,83.8,42.73,True,1.0
5,Faridabad,5,Green Chilli,2025-04-27,59.2,42.74,True,1.0
5,Faridabad,5,Green Chilli,2025-04-28,75.6,43.11,True,1.0
5,Faridabad,5,Green Chilli,2025-04-29,67.2,41.71,True,1.0
5,Faridabad,5,Green Chilli,2025-04-30,68.2,41.33,True,1.0
5,Faridabad,5,Green Chilli,2025-05-01,72.1,42.06,True,1.0
5,Faridabad,5,Green Chilli,2025-05-03,96.6,43.01,True,1.0
5,Faridabad,5,Green Chilli,2025-05-04,80.4,42.15,True,1.0
5,Faridabad,5,Green Chilli,2025-05-05,64.8,41.17,True,1.0
5,Faridabad,5,Green Chilli,2025-05-06,75.1,41.22,True,1.0
5,Faridabad,5,Green Chilli,2025-05-07,51.2,40.71,True,1.0
5,Faridabad,5,Green Chilli,2025-05-08,74.8,41.97,True,1.0
5,Faridabad,5,Green Chilli,2025-05-09,89.4,42.43,True,1.0
5,Faridabad,5,Green Chilli,2025-05-10,85.7,41.63,True,1.0
5,Faridabad,5,Green Chilli,2025-05-11,46.1,42.1,True,1.0
5,Faridabad,5,Green Chilli,2025-05-12,57.2,45.02,True,1.0
5,Faridabad,5,Green Chilli,2025-05-13,57.5,45.08,True,1.0
5,Faridabad,5,Green Chilli,2025-05-14,56.5,44.45,True,1.0
5,Faridabad,5,Green Chilli,2025-05-15,72.5,44.57,True,1.0
5,Faridabad,5,Green Chilli,2025-05-16,60.5,45.33,True,1.0
5,Faridabad,5,Green Chilli,2025-05-17,83.5,42.33,True,1.0
5,Faridabad,5,Green Chilli,2025-05-18,73.3,41.6,True,1.0
5,Faridabad,5,Green Chilli,2025-05-19,79.3,40.85,True,1.0
5,Faridabad,5,Green Chilli,2025-05-20,81.7,40.28,True,1.0
5,Faridabad,5,Green Chilli,2025-05-21,81.9,43.12,True,1.0
5,Faridabad,5,Green Chilli,2025-05-22,84.6,43.18,True,1.0
5,Faridabad,5,Green Chilli,2025-05-23,73.2,43.94,True,1.0
5,Faridabad,5,Green Chilli,2025-05-24,103.3,43.43,True,1.0
5,Faridabad,5,Green Chilli,2025-05-25,72.4,46.18,True,1.0
5,Faridabad,5,Green Chilli,2025-05-26,76.9,42.05,True,1.0
5,Faridabad,5,Green Chilli,2025-05-27,85.8,41.11,True,1.0
5,Faridabad,5,Green Chilli,2025-05-28,71.4,40.49,True,1.0
5,Faridabad,5,Green Chilli,2025-05-29,73.4,40.14,True,1.0
5,Faridabad,5,Green Chilli,2025-05-30,79.9,41.34,True,1.0
5,Faridabad,5,Green Chilli,2025-05-31,91.0,41.2,True,1.0
5,Faridabad,5,Green Chilli,2025-06-01,59.0,41.74,True,1.0
5,Faridabad,5,Green Chilli,2025-06-02,81.2,42.57,True,1.0
5,Faridabad,5,Green Chilli,2025-06-03,65.2,42.15,True,1.0
5,Faridabad,5,Green Chilli,2025-06-04,73.8,42.43,True,1.0
5,Faridabad,5,Green Chilli,2025-06-05,75.4,41.21,True,1.0
5,Faridabad,5,Green Chilli,2025-06-06,84.0,40.13,True,1.0
5,Faridabad,5,Green Chilli,2025-06-07,59.9,39.09,True,1.0
5,Faridabad,5,Green Chilli,2025-06-08,61.8,39.44,True,1.0
5,Faridabad,5,Green Chilli,2025-06-09,78.0,38.51,True,1.0
5,Faridabad,5,Green Chilli,2025-06-10,70.5,37.73,True,1.0
5,Faridabad,5,Green Chilli,2025-06-11,75.2,39.05,True,1.0
5,Faridabad,5,Green Chilli,2025-06-12,74.9,38.21,True,1.0
5,Faridabad,5,Green Chilli,2025-06-13,72.3,39.27,True,1.0
5,Faridabad,5,Green Chilli,2025-06-14,123.3,39.0,True,1.0
5,Faridabad,5,Green Chilli,2025-06-15,67.2,38.52,True,1.0
5,Faridabad,5,Green Chilli,2025-06-16,77.4,39.83,True,1.0
5,Faridabad,5,Green Chilli,2025-06-17,94.8,40.85,True,1.0
5,Faridabad,5,Green Chilli,2025-06-18,90.9,40.65,True,1.0
5,Faridabad,5,Green Chilli,2025-06-19,91.4,41.9,True,1.0
5,Faridabad,5,Green Chilli,2025-06-20,74.4,39.17,True,1.0
5,Faridabad,5,Green Chilli,2025-06-21,81.7,40.42,True,1.0
5,Faridabad,5,Green Chilli,2025-06-22,75.6,39.14,True,1.0
5,Faridabad,5,Green Chilli,2025-06-23,74.0,38.89,True,1.0
5,Faridabad,5,Green Chilli,2025-06-24,66.2,39.36,True,1.0
5,Faridabad,5,Green Chilli,2025-06-25,78.0,38.5,True,1.0
5,Faridabad,5,Green Chilli,2025-06-26,78.8,38.61,True,1.0
5,Faridabad,5,Green Chilli,2025-06-27,94.4,38.26,True,1.0
5,Faridabad,5,Green Chilli,2025-06-28,95.0,38.22,True,1.0
5,Faridabad,5,Green Chilli,2025-06-29,66.4,40.82,True,1.0
5,Faridabad,5,Green Chilli,2025-06-30,76.4,38.16,True,1.0
5,Faridabad,5,Green Chilli,2025-07-01,107.0,38.14,True,1.0
5,Faridabad,5,Green Chilli,2025-07-02,67.3,38.79,True,1.0
5,Faridabad,5,Green Chilli,2025-07-03,83.7,37.57,True,1.0
5,Faridabad,5,Green Chilli,2025-07-04,89.6,37.75,True,1.0
5,Faridabad,5,Green Chilli,2025-07-05,86.5,38.39,True,1.0
5,Faridabad,5,Green Chilli,2025-07-06,73.2,38.9,True,1.0
5,Faridabad,5,Green Chilli,2025-07-07,68.1,39.79,True,1.0
5,Faridabad,5,Green Chilli,2025-07-08,90.7,40.73,True,1.0
5,Faridabad,5,Green Chilli,2025-07-09,75.9,39.74,True,1.0
5,Faridabad,5,Green Chilli,2025-07-10,96.3,39.53,True,1.0
5,Faridabad,5,Green Chilli,2025-07-11,106.1,37.72,True,1.0
5,Faridabad,5,Green Chilli,2025-07-12,100.8,37.96,True,1.0
5,Faridabad,5,Green Chilli,2025-07-13,79.9,36.63,True,1.0
5,Faridabad,5,Green Chilli,2025-07-14,93.9,37.25,True,1.0
5,Faridabad,5,Green Chilli,2025-07-15,99.0,38.57,True,1.0
5,Faridabad,5,Green Chilli,2025-07-16,88.5,39.07,True,1.0
5,Faridabad,5,Green Chilli,2025-07-17,104.0,39.06,True,1.0
5,Faridabad,5,Green Chilli,2025-07-18,118.2,39.86,True,1.0
5,Faridabad,5,Green Chilli,2025-07-19,122.5,40.74,True,1.0
5,Faridabad,5,Green Chilli,2025-07-20,67.9,39.18,True,1.0
5,Faridabad,5,Green Chilli,2025-07-21,77.5,40.39,True,1.0
5,Faridabad,5,Green Chilli,2025-07-22,86.5,39.03,True,1.0
5,Faridabad,5,Green Chilli,2025-07-23,102.3,38.45,True,1.0
5,Faridabad,5,Green Chilli,2025-07-24,79.1,39.35,True,1.0
5,Faridabad,5,Green Chilli,2025-07-25,114.1,39.38,True,1.0
5,Faridabad,5,Green Chilli,2025-07-26,124.2,39.18,True,1.0
5,Faridabad,5,Green Chilli,2025-07-27,62.0,39.26,True,1.0
5,Faridabad,5,Green Chilli,2025-07-28,106.8,40.63,True,1.0
5,Faridabad,5,Green Chilli,2025-07-29,77.1,40.17,True,1.0
5,Faridabad,5,Green Chilli,2025-07-30,78.2,40.64,True,1.0
5,Faridabad,5,Green Chilli,2025-07-31,86.4,40.95,True,1.0
5,Faridabad,5,Green Chilli,2025-08-01,86.9,42.82,True,1.0
5,Faridabad,5,Green Chilli,2025-08-02,97.7,43.31,True,1.0
5,Faridabad,5,Green Chilli,2025-08-03,62.7,42.82,True,1.0
5,Faridabad,5,Green Chilli,2025-08-04,89.8,42.52,True,1.0
5,Faridabad,5,Green Chilli,2025-08-05,86.7,41.66,True,1.0
5,Faridabad,5,Green Chilli,2025-08-06,87.0,40.69,True,1.0
5,Faridabad,5,Green Chilli,2025-08-07,98.4,40.21,True,1.0
5,Faridabad,5,Green Chilli,2025-08-08,106.7,39.94,True,1.0
5,Faridabad,5,Green Chilli,2025-08-09,112.6,39.22,True,1.0
5,Faridabad,5,Green Chilli,2025-08-10,69.9,38.78,True,1.0
5,Faridabad,5,Green Chilli,2025-08-11,91.1,38.88,True,1.0
5,Faridabad,5,Green Chilli,2025-08-12,94.8,38.67,True,1.0
5,Faridabad,5,Green Chilli,2025-08-13,108.8,38.69,True,1.0
5,Faridabad,5,Green Chilli,2025-08-14,87.0,38.74,True,1.0
5,Faridabad,5,Green Chilli,2025-08-15,96.3,40.01,True,1.0
5,Faridabad,5,Green Chilli,2025-08-16,149.3,40.8,True,1.0
5,Faridabad,5,Green Chilli,2025-08-17,87.2,41.66,True,1.0
5,Faridabad,5,Green Chilli,2025-08-18,114.4,42.55,True,1.0
5,Faridabad,5,Green Chilli,2025-08-19,83.3,40.85,True,1.0
5,Faridabad,5,Green Chilli,2025-08-20,109.7,40.58,True,1.0
5,Faridabad,5,Green Chilli,2025-08-21,97.0,40.72,True,1.0
5,Faridabad,5,Green Chilli,2025-08-22,108.7,41.01,True,1.0
5,Faridabad,5,Green Chilli,2025-08-23,108.9,41.32,True,1.0
5,Faridabad,5,Green Chilli,2025-08-24,82.2,42.65,True,1.0
5,Faridabad,5,Green Chilli,2025-08-25,105.3,41.24,True,1.0
5,Faridabad,5,Green Chilli,2025-08-26,95.9,41.21,True,1.0
5,Faridabad,5,Green Chilli,2025-08-27,90.6,39.54,True,1.0
5,Faridabad,5,Green Chilli,2025-08-28,112.7,40.27,True,1.0
5,Faridabad,5,Green Chilli,2025-08-29,99.0,38.53,True,1.0
5,Faridabad,5,Green Chilli,2025-08-30,118.3,39.53,True,1.0
5,Faridabad,5,Green Chilli,2025-08-31,88.4,41.29,True,1.0
5,Faridabad,5,Green Chilli,2025-09-01,95.4,41.85,True,1.0
5,Faridabad,5,Green Chilli,2025-09-02,95.7,40.28,True,1.0
5,Faridabad,5,Green Chilli,2025-09-03,106.1,39.57,True,1.0
5,Faridabad,5,Green Chilli,2025-09-04,101.1,40.68,True,1.0
5,Faridabad,5,Green Chilli,2025-09-05,94.1,40.66,True,1.0
5,Faridabad,5,Green Chilli,2025-09-06,121.3,38.33,True,1.0
5,Faridabad,5,Green Chilli,2025-09-07,93.4,40.79,True,1.0
5,Faridabad,5,Green Chilli,2025-09-08,112.2,41.15,True,1.0
5,Faridabad,5,Green Chilli,2025-09-09,100.0,39.57,True,1.0
5,Faridabad,5,Green Chilli,2025-09-10,82.2,40.39,True,1.0
5,Faridabad,5,Green Chilli,2025-09-11,97.9,43.4,True,1.0
5,Faridabad,5,Green Chilli,2025-09-12,119.0,42.68,True,1.0
5,Faridabad,5,Green Chilli,2025-09-13,106.1,42.2,True,1.0
5,Faridabad,5,Green Chilli,2025-09-14,87.5,41.32,True,1.0
5,Faridabad,5,Green Chilli,2025-09-15,104.9,42.28,True,1.0
5,Faridabad,5,Green Chilli,2025-09-16,93.0,42.5,True,1.0
5,Faridabad,5,Green Chilli,2025-09-17,95.8,43.38,True,1.0
5,Faridabad,5,Green Chilli,2025-09-18,101.3,42.14,True,1.0
5,Faridabad,5,Green Chilli,2025-09-19,112.2,43.08,True,1.0
5,Faridabad,5,Green Chilli,2025-09-20,143.9,41.46,True,1.0
5,Faridabad,5,Green Chilli,2025-09-21,74.3,42.36,True,1.0
5,Faridabad,5,Green Chilli,2025-09-22,96.4,41.49,True,1.0
5,Faridabad,5,Green Chilli,2025-09-23,92.2,41.89,True,1.0
5,Faridabad,5,Green Chilli,2025-09-24,153.3,40.33,True,1.0
5,Faridabad,5,Green Chilli,2025-09-25,93.7,41.2,True,1.0
5,Faridabad,5,Green Chilli,2025-09-26,114.5,41.71,True,1.0
5,Faridabad,5,Green Chilli,2025-09-27,119.2,40.33,True,1.0
5,Faridabad,5,Green Chilli,2025-09-28,83.5,43.26,True,1.0
5,Faridabad,5,Green Chilli,2025-09-29,93.3,44.06,True,1.0
5,Faridabad,5,Green Chilli,2025-09-30,80.4,42.52,True,1.0
5,Faridabad,5,Green Chilli,2025-10-01,98.1,41.61,True,1.0
5,Faridabad,5,Green Chilli,2025-10-02,158.8,41.91,True,1.0
5,Faridabad,5,Green Chilli,2025-10-03,122.9,41.77,True,1.0
5,Faridabad,5,Green Chilli,2025-10-04,120.9,42.27,True,1.0
5,Faridabad,5,Green Chilli,2025-10-05,84.1,40.2,True,1.0
5,Faridabad,5,Green Chilli,2025-10-06,95.8,43.37,True,1.0
5,Faridabad,5,Green Chilli,2025-10-07,123.9,42.72,True,1.0
5,Faridabad,5,Green Chilli,2025-10-08,104.0,44.71,True,1.0
5,Faridabad,5,Green Chilli,2025-10-09,138.6,44.4,True,1.0
5,Faridabad,5,Green Chilli,2025-10-10,100.1,47.64,True,1.0
5,Faridabad,5,Green Chilli,2025-10-11,118.6,47.87,True,1.0
5,Faridabad,5,Green Chilli,2025-10-12,91.7,48.35,True,1.0
5,Faridabad,5,Green Chilli,2025-10-13,94.5,48.9,True,1.0
5,Faridabad,5,Green Chilli,2025-10-14,92.2,47.79,True,1.0
5,Faridabad,5,Green Chilli,2025-10-15,90.7,47.15,True,1.0
5,Faridabad,5,Green Chilli,2025-10-16,116.5,46.37,True,1.0
5,Faridabad,5,Green Chilli,2025-10-17,143.0,46.51,True,1.0
5,Faridabad,5,Green Chilli,2025-10-18,97.2,46.26,True,1.0
5,Faridabad,5,Green Chilli,2025-10-19,103.0,46.5,True,1.0
5,Faridabad,5,Green Chilli,2025-10-20,82.8,45.19,True,1.0
5,Faridabad,5,Green Chilli,2025-10-21,91.2,44.8,True,1.0
5,Faridabad,5,Green Chilli,2025-10-22,110.0,45.82,True,1.0
5,Faridabad,5,Green Chilli,2025-10-23,102.5,45.87,True,1.0
5,Faridabad,5,Green Chilli,2025-10-24,112.8,46.55,True,1.0
5,Faridabad,5,Green Chilli,2025-10-25,87.2,47.32,True,1.0
5,Faridabad,5,Green Chilli,2025-10-26,97.1,48.19,True,1.0
5,Faridabad,5,Green Chilli,2025-10-27,90.4,48.3,True,1.0
5,Faridabad,5,Green Chilli,2025-10-28,118.5,47.42,True,1.0
5,Faridabad,5,Green Chilli,2025-10-29,112.2,46.0,True,1.0
5,Faridabad,5,Green Chilli,2025-10-30,83.3,47.75,True,1.0
5,Faridabad,5,Green Chilli,2025-10-31,111.2,46.52,True,1.0
5,Faridabad,5,Green Chilli,2025-11-01,160.0,46.62,True,1.0
5,Faridabad,5,Green Chilli,2025-11-03,103.8,47.28,True,1.0
5,Faridabad,5,Green Chilli,2025-11-04,113.3,46.88,True,1.0
5,Faridabad,5,Green Chilli,2025-11-05,108.2,47.15,True,1.0
5,Faridabad,5,Green Chilli,2025-11-06,178.0,44.87,True,1.0
5,Faridabad,5,Green Chilli,2025-11-07,92.5,44.26,True,1.0
5,Faridabad,5,Green Chilli,2025-11-08,123.9,46.87,True,1.0
5,Faridabad,5,Green Chilli,2025-11-09,76.1,47.72,True,1.0
5,Faridabad,5,Green Chilli,2025-11-10,124.2,48.87,True,1.0
5,Faridabad,5,Green Chilli,2025-11-11,92.6,48.92,True,1.0
5,Faridabad,5,Green Chilli,2025-11-12,115.4,45.99,True,1.0
5,Faridabad,5,Green Chilli,2025-11-13,117.5,45.26,True,1.0
5,Faridabad,5,Green Chilli,2025-11-14,126.1,43.27,True,1.0
5,Faridabad,5,Green Chilli,2025-11-15,116.3,45.53,True,1.0
5,Faridabad,5,Green Chilli,2025-11-16,76.8,50.08,True,1.0
5,Faridabad,5,Green Chilli,2025-11-17,81.3,47.41,True,1.0
5,Faridabad,5,Green Chilli,2025-11-18,82.1,49.22,True,1.0
5,Faridabad,5,Green Chilli,2025-11-19,102.9,50.58,True,1.0
5,Faridabad,5,Green Chilli,2025-11-20,152.1,50.28,True,1.0
5,Faridabad,5,Green Chilli,2025-11-21,103.7,47.91,True,1.0
5,Faridabad,5,Green Chilli,2025-11-22,138.8,47.02,True,1.0
5,Faridabad,5,Green Chilli,2025-11-23,77.5,44.92,True,1.0
5,Faridabad,5,Green Chilli,2025-11-24,90.5,45.95,True,1.0
5,Faridabad,5,Green Chilli,2025-11-25,82.4,47.17,True,1.0
5,Faridabad,5,Green Chilli,2025-11-26,103.7,48.91,True,1.0
5,Faridabad,5,Green Chilli,2025-11-27,99.3,48.73,True,1.0
5,Faridabad,5,Green Chilli,2025-11-28,124.2,47.75,True,1.0
5,Faridabad,5,Green Chilli,2025-11-29,135.9,47.31,True,1.0
5,Faridabad,5,Green Chilli,2025-11-30,82.2,47.78,True,1.0
5,Faridabad,5,Green Chilli,2025-12-01,107.7,48.73,True,1.0
5,Faridabad,5,Green Chilli,2025-12-02,106.3,50.99,True,1.0
5,Faridabad,5,Green Chilli,2025-12-03,99.5,53.66,True,1.0
5,Faridabad,5,Green Chilli,2025-12-04,84.4,52.46,True,1.0
5,Faridabad,5,Green Chilli,2025-12-05,96.9,50.1,True,1.0
5,Faridabad,5,Green Chilli,2025-12-06,113.3,51.84,True,1.0
5,Faridabad,5,Green Chilli,2025-12-07,80.3,55.17,True,1.0
5,Faridabad,5,Green Chilli,2025-12-08,94.4,52.45,True,1.0
5,Faridabad,5,Green Chilli,2025-12-09,87.5,51.01,True,1.0
5,Faridabad,5,Green Chilli,2025-12-10,80.1,50.59,True,1.0
5,Faridabad,5,Green Chilli,2025-12-11,86.0,50.53,True,1.0
5,Faridabad,5,Green Chilli,2025-12-12,102.9,49.5,True,1.0
5,Faridabad,5,Green Chilli,2025-12-13,98.7,47.83,True,1.0
5,Faridabad,5,Green Chilli,2025-12-14,72.4,49.45,True,1.0
5,Faridabad,5,Green Chilli,2025-12-15,85.2,49.57,True,1.0
5,Faridabad,5,Green Chilli,2025-12-16,97.7,51.49,True,1.0
5,Faridabad,5,Green Chilli,2025-12-17,87.5,52.02,True,1.0
5,Faridabad,5,Green Chilli,2025-12-18,88.0,53.13,True,1.0
5,Faridabad,5,Green Chilli,2025-12-19,113.3,52.48,True,1.0
5,Faridabad,5,Green Chilli,2025-12-20,111.6,53.0,True,1.0
5,Faridabad,5,Green Chilli,2025-12-21,80.2,51.25,True,1.0
5,Faridabad,5,Green Chilli,2025-12-22,77.8,51.86,True,1.0
5,Faridabad,5,Green Chilli,2025-12-23,89.1,53.07,True,1.0
5,Faridabad,5,Green Chilli,2025-12-24,95.4,54.44,True,1.0
5,Faridabad,5,Green Chilli,2025-12-25,79.2,52.92,True,1.0
5,Faridabad,5,Green Chilli,2025-12-26,73.7,53.23,True,1.0
5,Faridabad,5,Green Chilli,2025-12-27,97.6,54.55,True,1.0
5,Faridabad,5,Green Chilli,2025-12-28,66.0,51.15,True,1.0
5,Faridabad,5,Green Chilli,2025-12-29,80.7,50.61,True,1.0
5,Faridabad,5,Green Chilli,2025-12-30,83.3,51.61,True,1.0
5,Faridabad,5,Green Chilli,2025-12-31,109.5,51.05,True,1.0
5,Faridabad,5,Green Chilli,2026-01-01,90.7,50.14,True,1.0
5,Faridabad,5,Green Chilli,2026-01-02,91.4,51.09,True,1.0
5,Faridabad,5,Green Chilli,2026-01-03,96.1,50.45,True,1.0
5,Faridabad,5,Green Chilli,2026-01-04,80.2,50.8,True,1.0
5,Faridabad,5,Green Chilli,2026-01-05,75.2,48.74,True,1.0
5,Faridabad,5,Green Chilli,2026-01-06,83.1,48.83,True,1.0
5,Faridabad,5,Green Chilli,2026-01-07,69.4,49.96,True,1.0
5,Faridabad,5,Green Chilli,2026-01-08,71.8,50.23,True,1.0
5,Faridabad,5,Green Chilli,2026-01-09,84.2,50.49,True,1.0
5,Faridabad,5,Green Chilli,2026-01-10,94.8,51.21,True,1.0
5,Faridabad,5,Green Chilli,2026-01-11,70.3,52.88,True,1.0
5,Faridabad,5,Green Chilli,2026-01-12,79.0,52.06,True,1.0
5,Faridabad,5,Green Chilli,2026-01-13,75.0,51.81,True,1.0
5,Faridabad,5,Green Chilli,2026-01-14,74.1,51.79,True,1.0
5,Faridabad,5,Green Chilli,2026-01-15,88.2,50.96,True,1.0
5,Faridabad,5,Green Chilli,2026-01-16,86.3,49.94,True,1.0
5,Faridabad,5,Green Chilli,2026-01-17,96.2,51.59,True,1.0
5,Faridabad,5,Green Chilli,2026-01-18,69.9,49.84,True,1.0
5,Faridabad,5,Green Chilli,2026-01-19,85.4,51.14,True,1.0
5,Faridabad,5,Green Chilli,2026-01-20,69.5,50.89,True,1.0
5,Faridabad,5,Green Chilli,2026-01-21,93.9,50.52,True,1.0
5,Faridabad,5,Green Chilli,2026-01-22,83.0,51.23,True,1.0
5,Faridabad,5,Green Chilli,2026-01-24,99.8,50.23,True,1.0
5,Faridabad,5,Green Chilli,2026-01-25,75.2,50.48,True,1.0
5,Faridabad,5,Green Chilli,2026-01-26,73.4,50.06,True,1.0
5,Faridabad,5,Green Chilli,2026-01-27,81.5,49.34,True,1.0
5,Faridabad,5,Green Chilli,2026-01-28,77.0,46.99,True,1.0
5,Faridabad,5,Green Chilli,2026-01-29,82.0,49.38,True,1.0
5,Faridabad,5,Green Chilli,2026-01-30,98.6,51.18,True,1.0
5,Faridabad,5,Green Chilli,2026-01-31,93.8,49.47,True,1.0
5,Faridabad,5,Green Chilli,2026-02-01,61.9,49.78,True,1.0
5,Faridabad,5,Green Chilli,2026-02-02,97.3,48.42,True,1.0
5,Faridabad,5,Green Chilli,2026-02-03,79.1,48.67,True,1.0
5,Faridabad,5,Green Chilli,2026-02-04,78.1,48.45,True,1.0
5,Faridabad,5,Green Chilli,2026-02-05,76.8,51.1,True,1.0
5,Faridabad,5,Green Chilli,2026-02-06,66.1,49.06,True,1.0
5,Faridabad,5,Green Chilli,2026-02-07,92.3,47.11,True,1.0
5,Faridabad,5,Green Chilli,2026-02-08,63.8,47.69,True,1.0
5,Faridabad,5,Green Chilli,2026-02-09,82.7,48.17,True,1.0
5,Faridabad,5,Green Chilli,2026-02-10,59.9,51.72,True,1.0
5,Faridabad,5,Green Chilli,2026-02-11,82.1,50.28,True,1.0
5,Faridabad,5,Green Chilli,2026-02-12,94.2,52.52,True,1.0
5,Faridabad,5,Green Chilli,2026-02-13,69.1,52.65,True,1.0
5,Faridabad,5,Green Chilli,2026-02-14,68.7,54.49,True,1.0
5,Faridabad,5,Green Chilli,2026-02-15,59.9,53.64,True,1.0
5,Faridabad,5,Green Chilli,2026-02-16,68.5,50.25,True,1.0
5,Faridabad,5,Green Chilli,2026-02-17,73.2,48.94,True,1.0
5,Faridabad,5,Green Chilli,2026-02-18,96.5,50.09,True,1.0
5,Faridabad,5,Green Chilli,2026-02-20,73.6,52.69,True,1.0
5,Faridabad,5,Green Chilli,2026-02-21,85.2,49.23,True,1.0
5,Faridabad,5,Green Chilli,2026-02-22,64.0,48.56,True,1.0
5,Faridabad,5,Green Chilli,2026-02-23,66.8,49.61,True,1.0
5,Faridabad,5,Green Chilli,2026-02-24,79.2,49.69,True,1.0
5,Faridabad,5,Green Chilli,2026-02-25,74.2,49.04,True,1.0
5,Faridabad,5,Green Chilli,2026-02-26,68.6,51.3,True,1.0
5,Faridabad,5,Green Chilli,2026-02-27,69.6,50.88,True,1.0
5,Faridabad,5,Green Chilli,2026-02-28,86.4,52.04,True,1.0
5,Faridabad,5,Green Chilli,2026-03-01,56.2,50.63,True,1.0
5,Faridabad,5,Green Chilli,2026-03-02,61.1,51.76,True,1.0
5,Faridabad,5,Green Chilli,2026-03-03,74.8,51.34,True,1.0
5,Faridabad,5,Green Chilli,2026-03-04,75.8,48.39,True,1.0
5,Faridabad,5,Green Chilli,2026-03-05,89.3,46.95,True,1.0
5,Faridabad,5,Green Chilli,2026-03-06,78.4,49.12,True,1.0
5,Faridabad,5,Green Chilli,2026-03-07,84.5,49.06,True,1.0
5,Faridabad,5,Green Chilli,2026-03-08,64.7,50.63,True,1.0
5,Faridabad,5,Green Chilli,2026-03-09,56.2,51.11,True,1.0
5,Faridabad,5,Green Chilli,2026-03-10,69.2,48.78,True,1.0
5,Faridabad,5,Green Chilli,2026-03-11,56.2,47.09,True,1.0
5,Faridabad,5,Green Chilli,2026-03-12,77.3,47.37,True,1.0
5,Faridabad,5,Green Chilli,2026-03-13,71.2,47.91,True,1.0
5,Faridabad,5,Green Chilli,2026-03-14,92.7,47.08,True,1.0
5,Faridabad,5,Green Chilli,2026-03-15,67.0,48.11,True,1.0
5,Faridabad,5,Green Chilli,2026-03-16,68.8,47.82,True,1.0
5,Faridabad,5,Green Chilli,2026-03-17,58.6,46.86,True,1.0
5,Faridabad,5,Green Chilli,2026-03-18,75.3,47.52,True,1.0
5,Faridabad,5,Green Chilli,2026-03-19,63.9,46.75,True,1.0
5,Faridabad,5,Green Chilli,2026-03-20,70.9,45.13,True,1.0
5,Faridabad,5,Green Chilli,2026-03-21,115.0,47.97,True,1.0
5,Faridabad,5,Green Chilli,2026-03-22,71.2,45.23,True,1.0
5,Faridabad,5,Green Chilli,2026-03-23,71.6,43.76,True,1.0
5,Faridabad,5,Green Chilli,2026-03-24,79.5,45.88,True,1.0
5,Faridabad,5,Green Chilli,2026-03-25,78.5,46.63,True,1.0
5,Faridabad,5,Green Chilli,2026-03-26,81.6,46.03,True,1.0
5,Faridabad,5,Green Chilli,2026-03-27,74.2,48.97,True,1.0
5,Faridabad,5,Green Chilli,2026-03-28,60.5,47.8,True,1.0
5,Faridabad,5,Green Chilli,2026-03-29,60.7,47.36,True,1.0
5,Faridabad,5,Green Chilli,2026-03-30,78.1,47.18,True,1.0
5,Faridabad,5,Green Chilli,2026-03-31,77.8,47.84,True,1.0
5,Faridabad,5,Green Chilli,2026-04-01,57.8,48.38,True,1.0
5,Faridabad,5,Green Chilli,2026-04-02,65.1,49.68,True,1.0
5,Faridabad,5,Green Chilli,2026-04-03,75.5,47.99,True,1.0
5,Faridabad,5,Green Chilli,2026-04-04,81.1,47.38,True,1.0
5,Faridabad,5,Green Chilli,2026-04-05,64.9,46.59,True,1.0
5,Faridabad,5,Green Chilli,2026-04-06,66.3,44.68,True,1.0
5,Faridabad,5,Green Chilli,2026-04-07,63.8,44.61,True,1.0
5,Faridabad,5,Green Chilli,2026-04-08,63.6,45.38,True,1.0
5,Faridabad,5,Green Chilli,2026-04-09,61.6,45.61,True,1.0
5,Faridabad,5,Green Chilli,2026-04-10,87.7,47.49,True,1.0
5,Faridabad,5,Green Chilli,2026-04-11,96.2,47.13,True,1.0
5,Faridabad,5,Green Chilli,2026-04-12,56.9,45.29,True,1.0
5,Faridabad,5,Green Chilli,2026-04-13,80.7,44.6,True,1.0
5,Faridabad,5,Green Chilli,2026-04-14,79.6,43.73,True,1.0
5,Faridabad,5,Green Chilli,2026-04-15,65.5,43.36,True,1.0
5,Faridabad,5,Green Chilli,2026-04-16,81.1,43.7,True,1.0
5,Faridabad,5,Green Chilli,2026-04-17,71.6,44.99,True,1.0
5,Faridabad,5,Green Chilli,2026-04-18,69.0,46.02,True,1.0
5,Faridabad,5,Green Chilli,2026-04-19,54.6,44.41,True,1.0
5,Faridabad,5,Green Chilli,2026-04-20,63.9,44.96,True,1.0
5,Faridabad,5,Green Chilli,2026-04-21,59.1,44.69,True,1.0
5,Faridabad,5,Green Chilli,2026-04-23,79.5,43.29,True,1.0
5,Faridabad,5,Green Chilli,2026-04-24,72.1,42.61,True,1.0
5,Faridabad,5,Green Chilli,2026-04-25,81.0,42.35,True,1.0
5,Faridabad,5,Green Chilli,2026-04-26,61.3,44.08,True,1.0
5,Faridabad,5,Green Chilli,2026-04-27,90.1,45.17,True,1.0
5,Faridabad,5,Green Chilli,2026-04-28,77.6,45.76,True,1.0
5,Faridabad,5,Green Chilli,2026-04-29,73.2,42.24,True,1.0
5,Faridabad,5,Green Chilli,2026-04-30,66.6,44.12,True,1.0
5,Faridabad,5,Green Chilli,2026-05-01,80.7,44.25,True,1.0
5,Faridabad,5,Green Chilli,2026-05-02,76.2,45.03,True,1.0
5,Faridabad,5,Green Chilli,2026-05-03,58.9,44.22,True,1.0
5,Faridabad,5,Green Chilli,2026-05-04,67.5,44.08,True,1.0
5,Faridabad,5,Green Chilli,2026-05-05,81.9,45.41,True,1.0
5,Faridabad,5,Green Chilli,2026-05-06,68.4,45.92,True,1.0
5,Faridabad,5,Green Chilli,2026-05-07,65.5,43.74,True,1.0
5,Faridabad,5,Green Chilli,2026-05-08,81.3,42.42,True,1.0
5,Faridabad,5,Green Chilli,2026-05-09,71.3,42.98,True,1.0
5,Faridabad,5,Green Chilli,2026-05-10,58.5,43.04,True,1.0
5,Faridabad,5,Green Chilli,2026-05-11,73.5,41.74,True,1.0
5,Faridabad,5,Green Chilli,2026-05-12,61.9,41.8,True,1.0
5,Faridabad,5,Green Chilli,2026-05-13,74.8,41.08,True,1.0
5,Faridabad,5,Green Chilli,2026-05-14,78.7,42.04,True,1.0
5,Faridabad,5,Green Chilli,2026-05-15,73.5,44.82,True,1.0
5,Faridabad,5,Green Chilli,2026-05-16,73.3,42.77,True,1.0
5,Faridabad,5,Green Chilli,2026-05-17,65.2,42.99,True,1.0
5,Faridabad,5,Green Chilli,2026-05-18,74.0,43.08,True,1.0
5,Faridabad,5,Green Chilli,2026-05-19,86.9,42.37,True,1.0
5,Faridabad,5,Green Chilli,2026-05-20,87.8,41.63,True,1.0
5,Faridabad,5,Green Chilli,2026-05-21,74.3,41.14,True,1.0
5,Faridabad,5,Green Chilli,2026-05-22,68.1,39.49,True,1.0
5,Faridabad,5,Green Chilli,2026-05-23,89.1,37.79,True,1.0
5,Faridabad,5,Green Chilli,2026-05-24,62.5,37.81,True,1.0
5,Faridabad,5,Green Chilli,2026-05-25,65.2,38.08,True,1.0
5,Faridabad,5,Green Chilli,2026-05-26,67.9,39.74,True,1.0
5,Faridabad,5,Green Chilli,2026-05-27,75.9,38.83,True,1.0
5,Faridabad,5,Green Chilli,2026-05-28,86.0,38.81,True,1.0
5,Faridabad,5,Green Chilli,2026-05-29,81.8,40.58,True,1.0
5,Faridabad,5,Green Chilli,2026-05-30,70.0,41.52,True,1.0
5,Faridabad,5,Green Chilli,2026-05-31,65.0,41.78,True,1.0
5,Faridabad,5,Green Chilli,2026-06-01,68.4,42.7,True,1.0
5,Faridabad,5,Green Chilli,2026-06-02,65.9,45.3,True,1.0
5,Faridabad,5,Green Chilli,2026-06-03,64.8,43.61,True,1.0
5,Faridabad,5,Green Chilli,2026-06-04,62.9,43.31,True,1.0
5,Faridabad,5,Green Chilli,2026-06-05,70.0,42.18,True,1.0
5,Faridabad,5,Green Chilli,2026-06-06,83.5,41.33,True,1.0
5,Faridabad,5,Green Chilli,2026-06-07,72.3,39.89,True,1.0
5,Faridabad,5,Green Chilli,2026-06-08,75.8,41.89,True,1.0
5,Faridabad,5,Green Chilli,2026-06-09,95.8,41.5,True,1.0
5,Faridabad,5,Green Chilli,2026-06-10,82.6,42.83,True,1.0
5,Faridabad,5,Green Chilli,2026-06-11,81.2,42.35,True,1.0
5,Faridabad,5,Green Chilli,2026-06-12,96.2,40.52,True,1.0
5,Faridabad,5,Green Chilli,2026-06-13,101.4,40.28,True,1.0
5,Faridabad,5,Green Chilli,2026-06-14,63.0,40.82,True,1.0
5,Faridabad,5,Green Chilli,2026-06-15,81.2,40.68,True,1.0
5,Faridabad,5,Green Chilli,2026-06-16,75.9,38.28,True,1.0
5,Faridabad,5,Green Chilli,2026-06-17,75.0,38.64,True,1.0
5,Faridabad,5,Green Chilli,2026-06-18,75.8,38.43,True,1.0
5,Faridabad,5,Green Chilli,2026-06-19,97.3,38.24,True,1.0
5,Faridabad,5,Green Chilli,2026-06-20,90.2,37.07,True,1.0
5,Faridabad,5,Green Chilli,2026-06-21,60.3,39.8,True,1.0
5,Faridabad,5,Green Chilli,2026-06-22,81.7,40.75,True,1.0
5,Faridabad,5,Green Chilli,2026-06-23,73.9,39.32,True,1.0
5,Faridabad,5,Green Chilli,2026-06-24,82.0,39.01,True,1.0
5,Faridabad,5,Green Chilli,2026-06-25,98.0,40.5,True,1.0
5,Faridabad,5,Green Chilli,2026-06-26,102.0,38.24,True,1.0
5,Faridabad,5,Green Chilli,2026-06-27,109.5,40.24,True,1.0
5,Faridabad,5,Green Chilli,2026-06-28,74.4,40.27,True,1.0
5,Faridabad,5,Green Chilli,2026-06-29,74.0,40.41,True,1.0
5,Faridabad,5,Green Chilli,2026-06-30,84.6,39.77,True,1.0
5,Faridabad,5,Green Chilli,2026-07-01,95.1,40.0,True,1.0
5,Faridabad,5,Green Chilli,2026-07-02,65.2,41.94,True,1.0
5,Faridabad,5,Green Chilli,2026-07-03,82.8,41.11,True,1.0
5,Faridabad,5,Green Chilli,2026-07-04,102.3,39.62,True,1.0
5,Faridabad,5,Green Chilli,2026-07-05,75.1,38.79,True,1.0
5,Faridabad,5,Green Chilli,2026-07-06,90.3,39.96,True,1.0
5,Faridabad,5,Green Chilli,2026-07-07,83.2,39.91,True,1.0
5,Faridabad,5,Green Chilli,2026-07-08,95.7,39.82,True,1.0
5,Faridabad,5,Green Chilli,2026-07-09,72.3,38.88,True,1.0
5,Faridabad,5,Green Chilli,2026-07-10,99.3,40.43,True,1.0
5,Faridabad,5,Green Chilli,2026-07-11,98.1,40.06,True,1.0
5,Faridabad,5,Green Chilli,2026-07-12,74.5,38.74,True,1.0
5,Faridabad,5,Green Chilli,2026-07-13,79.1,36.84,True,1.0
5,Faridabad,5,Green Chilli,2026-07-14,94.8,36.1,True,1.0
5,Faridabad,5,Green Chilli,2026-07-15,79.8,37.29,True,1.0
5,Faridabad,5,Green Chilli,2026-07-16,76.8,36.77,True,1.0
5,Faridabad,5,Green Chilli,2026-07-17,92.2,35.23,True,1.0
5,Faridabad,5,Green Chilli,2026-07-18,107.2,35.38,True,1.0
5,Faridabad,5,Green Chilli,2026-07-19,75.4,36.19,True,1.0
5,Faridabad,5,Green Chilli,2026-07-20,91.1,37.56,True,1.0
5,Faridabad,5,Green Chilli,2026-07-21,87.4,35.26,True,1.0
5,Faridabad,5,Green Chilli,2026-07-22,90.2,36.22,True,1.0
5,Faridabad,5,Green Chilli,2026-07-23,101.3,37.92,True,1.0
5,Faridabad,5,Green Chilli,2026-07-24,107.9,37.24,True,1.0
5,Faridabad,5,Green Chilli,2026-07-25,203.4,37.08,True,1.0
5,Faridabad,5,Green Chilli,2026-07-26,93.6,37.8,True,1.0
5,Faridabad,5,Green Chilli,2026-07-27,84.3,37.04,True,1.0
5,Faridabad,5,Green Chilli,2026-07-28,80.9,36.6,True,1.0
5,Faridabad,5,Green Chilli,2026-07-29,87.4,37.14,True,1.0
5,Faridabad,5,Green Chilli,2026-07-30,122.4,37.85,True,1.0
5,Faridabad,5,Green Chilli,2026-07-31,108.5,38.8,True,1.0
5,Faridabad,5,Green Chilli,2026-08-01,102.4,38.86,True,1.0
5,Faridabad,5,Green Chilli,2026-08-02,82.5,38.9,True,1.0
5,Faridabad,5,Green Chilli,2026-08-03,77.2,39.21,True,1.0
5,Faridabad,5,Green Chilli,2026-08-04,78.2,38.2,True,1.0
5,Faridabad,5,Green Chilli,2026-08-05,98.9,36.23,True,1.0
5,Faridabad,5,Green Chilli,2026-08-06,114.6,36.13,True,1.0
5,Faridabad,5,Green Chilli,2026-08-07,109.7,36.5,True,1.0
5,Faridabad,5,Green Chilli,2026-08-08,116.0,36.43,True,1.0
5,Faridabad,5,Green Chilli,2026-08-09,83.2,36.06,True,1.0
5,Faridabad,5,Green Chilli,2026-08-10,97.3,38.15,True,1.0
5,Faridabad,5,Green Chilli,2026-08-11,117.6,37.6,True,1.0
5,Faridabad,5,Green Chilli,2026-08-12,108.8,37.73,True,1.0
5,Faridabad,5,Green Chilli,2026-08-13,97.7,38.87,True,1.0
5,Faridabad,5,Green Chilli,2026-08-14,113.3,39.55,True,1.0
5,Faridabad,5,Green Chilli,2026-08-15,140.7,38.74,True,1.0
5,Faridabad,5,Green Chilli,2026-08-16,75.4,38.02,True,1.0
5,Faridabad,5,Green Chilli,2026-08-17,97.1,38.43,True,1.0
5,Faridabad,5,Green Chilli,2026-08-18,105.2,38.05,True,1.0
5,Faridabad,5,Green Chilli,2026-08-19,88.8,38.42,True,1.0
5,Faridabad,5,Green Chilli,2026-08-20,111.3,37.9,True,1.0
5,Faridabad,5,Green Chilli,2026-08-21,120.7,38.95,True,1.0
5,Faridabad,5,Green Chilli,2026-08-22,105.1,37.7,True,1.0
5,Faridabad,5,Green Chilli,2026-08-23,78.2,38.15,True,1.0
5,Faridabad,5,Green Chilli,2026-08-24,104.8,39.05,True,1.0
5,Faridabad,5,Green Chilli,2026-08-25,89.7,39.72,True,1.0
5,Faridabad,5,Green Chilli,2026-08-26,111.5,42.72,True,1.0
5,Faridabad,5,Green Chilli,2026-08-27,109.0,41.71,True,1.0
5,Faridabad,5,Green Chilli,2026-08-28,108.3,41.48,True,1.0
5,Faridabad,5,Green Chilli,2026-08-29,116.7,41.06,True,1.0
5,Faridabad,5,Green Chilli,2026-08-30,121.2,43.19,True,1.0
5,Faridabad,5,Green Chilli,2026-08-31,108.9,43.64,True,1.0
5,Faridabad,5,Green Chilli,2026-09-01,78.9,45.16,True,1.0
5,Faridabad,5,Green Chilli,2026-09-02,90.8,43.08,True,1.0
5,Faridabad,5,Green Chilli,2026-09-03,129.2,42.6,True,1.0
5,Faridabad,5,Green Chilli,2026-09-04,96.2,42.16,True,1.0
5,Faridabad,5,Green Chilli,2026-09-05,98.0,40.5,True,1.0
5,Faridabad,5,Green Chilli,2026-09-06,79.7,41.06,True,1.0
5,Faridabad,5,Green Chilli,2026-09-08,111.9,41.58,True,1.0
5,Faridabad,5,Green Chilli,2026-09-09,120.0,41.27,True,1.0
5,Faridabad,5,Green Chilli,2026-09-10,116.8,40.5,True,1.0
5,Faridabad,5,Green Chilli,2026-09-11,118.1,40.5,True,1.0
5,Faridabad,5,Green Chilli,2026-09-12,132.4,40.5,True,1.0
5,Faridabad,5,Green Chilli,2026-09-13,71.7,42.73,True,1.0
5,Faridabad,5,Green Chilli,2026-09-14,92.8,43.52,True,1.0
5,Faridabad,5,Green Chilli,2026-09-15,86.5,43.15,True,1.0
5,Faridabad,5,Green Chilli,2026-09-16,90.0,43.89,True,1.0
5,Faridabad,5,Green Chilli,2026-09-17,112.4,43.56,True,1.0
5,Faridabad,5,Green Chilli,2026-09-18,141.7,42.07,True,1.0
5,Faridabad,5,Green Chilli,2026-09-19,102.8,42.64,True,1.0
5,Faridabad,5,Green Chilli,2026-09-20,96.4,43.63,True,1.0
5,Faridabad,5,Green Chilli,2026-09-21,85.8,47.23,True,1.0
5,Faridabad,5,Green Chilli,2026-09-22,106.1,46.18,True,1.0
5,Faridabad,5,Green Chilli,2026-09-23,110.1,44.49,True,1.0
5,Faridabad,5,Green Chilli,2026-09-24,111.7,45.16,True,1.0
5,Faridabad,5,Green Chilli,2026-09-25,102.9,45.36,True,1.0
5,Faridabad,5,Green Chilli,2026-09-26,106.7,46.7,True,1.0
5,Faridabad,5,Green Chilli,2026-09-27,92.0,46.58,True,1.0
5,Faridabad,5,Green Chilli,2026-09-28,90.8,43.38,True,1.0
5,Faridabad,5,Green Chilli,2026-09-29,119.1,43.29,True,1.0
5,Faridabad,5,Green Chilli,2026-09-30,107.0,44.95,True,1.0
